id_municipio,id_uf,uf,regiao,taxa_base,media_portugues_base,meta_alvo,gap_base_meta,prob_risco_abaixo_meta_2025,cluster,perfil_cluster
4320453,43,RS,Sul,11.1,712.17,80.0,-68.9,0.9986451441681365,2,Maior vulnerabilidade / maior risco
4301073,43,RS,Sul,18.2,713.54,80.0,-61.8,0.998292356888396,2,Maior vulnerabilidade / maior risco
4310850,43,RS,Sul,25.0,713.77,80.0,-55.0,0.9979471984311632,2,Maior vulnerabilidade / maior risco
4313334,43,RS,Sul,28.0,714.96,80.0,-52.0,0.9976880766899424,2,Maior vulnerabilidade / maior risco
4306700,43,RS,Sul,26.7,718.83,80.0,-53.3,0.9974442039805753,2,Maior vulnerabilidade / maior risco
4319752,43,RS,Sul,25.0,723.18,80.0,-55.0,0.9971569511299553,2,Maior vulnerabilidade / maior risco
4320354,43,RS,Sul,23.5,709.41,75.7,-52.2,0.9970910581609457,2,Maior vulnerabilidade / maior risco
4321493,43,RS,Sul,38.7,715.07,80.0,-41.3,0.9969388025984377,2,Maior vulnerabilidade / maior risco
4302584,43,RS,Sul,27.3,727.09,80.0,-52.7,0.9965457724793725,2,Maior vulnerabilidade / maior risco
4305900,43,RS,Sul,36.0,720.74,79.43,-43.43000000000001,0.9962703497398192,2,Maior vulnerabilidade / maior risco
4318614,43,RS,Sul,37.5,726.25,80.0,-42.5,0.9956323458739058,2,Maior vulnerabilidade / maior risco
4313102,43,RS,Sul,35.9,729.18,80.0,-44.1,0.9953629089810003,2,Maior vulnerabilidade / maior risco
4312203,43,RS,Sul,33.3,732.07,80.0,-46.7,0.9952090577811669,2,Maior vulnerabilidade / maior risco
4310702,43,RS,Sul,36.8,729.61,80.0,-43.2,0.9951828660168108,2,Maior vulnerabilidade / maior risco
4306973,43,RS,Sul,38.5,711.61,75.37,-36.870000000000005,0.9951796135520062,2,Maior vulnerabilidade / maior risco
2910206,29,BA,Nordeste,52.38,741.14,80.0,-27.619999999999997,0.9951314153014148,0,Pressão de meta / risco intermediário
4307203,43,RS,Sul,38.8,728.52,80.0,-41.2,0.9951148769366107,2,Maior vulnerabilidade / maior risco
2924504,29,BA,Nordeste,38.33,730.67,73.83,-35.5,0.9949009935526656,2,Maior vulnerabilidade / maior risco
4319000,43,RS,Sul,38.3,730.19,80.0,-41.7,0.9948913622695599,2,Maior vulnerabilidade / maior risco
4313953,43,RS,Sul,25.7,721.29,74.82,-49.11999999999999,0.9948180145972181,2,Maior vulnerabilidade / maior risco
4323507,43,RS,Sul,33.3,734.39,80.0,-46.7,0.9948095831075245,2,Maior vulnerabilidade / maior risco
2933257,29,BA,Nordeste,35.85,726.94,71.69,-35.839999999999996,0.9945071436649379,2,Maior vulnerabilidade / maior risco
4305124,43,RS,Sul,39.8,719.89,76.56,-36.760000000000005,0.994282066850003,2,Maior vulnerabilidade / maior risco
4320230,43,RS,Sul,36.1,735.29,80.0,-43.9,0.9942446549925726,2,Maior vulnerabilidade / maior risco
4307500,43,RS,Sul,39.1,733.47,80.0,-40.9,0.99415988230324,2,Maior vulnerabilidade / maior risco
4302238,43,RS,Sul,26.6,721.82,74.0,-47.4,0.9940163526940173,2,Maior vulnerabilidade / maior risco
4319208,43,RS,Sul,7.1,704.48,65.1,-57.99999999999999,0.9939607382837378,2,Maior vulnerabilidade / maior risco
4314209,43,RS,Sul,22.3,717.16,71.61,-49.31,0.9938555586364461,2,Maior vulnerabilidade / maior risco
4318903,43,RS,Sul,42.3,733.31,80.0,-37.7,0.9936923162956897,2,Maior vulnerabilidade / maior risco
4322541,43,RS,Sul,35.0,729.53,77.4,-42.400000000000006,0.9936563978560674,2,Maior vulnerabilidade / maior risco
4308409,43,RS,Sul,40.0,735.23,80.0,-40.0,0.9936487506153442,2,Maior vulnerabilidade / maior risco
4321634,43,RS,Sul,40.0,735.39,80.0,-40.0,0.9936136230600893,2,Maior vulnerabilidade / maior risco
4304408,43,RS,Sul,42.2,730.64,79.06,-36.86,0.9935481756684247,2,Maior vulnerabilidade / maior risco
4322855,43,RS,Sul,46.7,731.34,80.0,-33.3,0.9933984431427049,2,Maior vulnerabilidade / maior risco
4304952,43,RS,Sul,40.0,736.44,80.0,-40.0,0.9933782601354448,2,Maior vulnerabilidade / maior risco
4311122,43,RS,Sul,25.6,719.93,72.13,-46.529999999999994,0.993101763167085,2,Maior vulnerabilidade / maior risco
4300901,43,RS,Sul,39.2,738.87,80.0,-40.8,0.9929468893617946,2,Maior vulnerabilidade / maior risco
4312617,43,RS,Sul,29.4,718.65,72.3,-42.9,0.992872913499448,2,Maior vulnerabilidade / maior risco
4307401,43,RS,Sul,48.4,732.44,80.0,-31.6,0.9928363718756897,2,Maior vulnerabilidade / maior risco
2900504,29,BA,Nordeste,37.21,734.63,71.83,-34.62,0.9927125349345377,2,Maior vulnerabilidade / maior risco
4301552,43,RS,Sul,37.5,742.0,80.0,-42.5,0.9924806879703699,2,Maior vulnerabilidade / maior risco
4305587,43,RS,Sul,39.9,740.23,80.0,-40.1,0.9924741769400746,2,Maior vulnerabilidade / maior risco
4311254,43,RS,Sul,42.9,738.15,80.0,-37.1,0.9924315806808708,2,Maior vulnerabilidade / maior risco
4312138,43,RS,Sul,38.7,732.68,77.53,-38.83,0.9923468966098976,2,Maior vulnerabilidade / maior risco
4311643,43,RS,Sul,41.2,740.18,80.0,-38.8,0.9922313578794131,2,Maior vulnerabilidade / maior risco
4305801,43,RS,Sul,45.7,738.29,80.0,-34.3,0.9918265546488481,2,Maior vulnerabilidade / maior risco
4305850,43,RS,Sul,41.7,742.23,80.0,-38.3,0.9915555442566136,2,Maior vulnerabilidade / maior risco
4306924,43,RS,Sul,41.2,734.92,77.83,-36.629999999999995,0.9915073305284317,2,Maior vulnerabilidade / maior risco
4318481,43,RS,Sul,43.8,737.65,79.12,-35.32000000000001,0.9915048632699678,2,Maior vulnerabilidade / maior risco
4319158,43,RS,Sul,47.5,729.77,77.4,-29.900000000000006,0.9911745190431465,2,Maior vulnerabilidade / maior risco
4303905,43,RS,Sul,45.4,734.58,78.12,-32.720000000000006,0.9909797647460835,2,Maior vulnerabilidade / maior risco
4320677,43,RS,Sul,36.3,723.19,72.89,-36.59,0.9907531472943915,2,Maior vulnerabilidade / maior risco
2913002,29,BA,Nordeste,37.36,727.64,67.94,-30.58,0.9906660814009821,2,Maior vulnerabilidade / maior risco
4316733,43,RS,Sul,40.9,733.3,76.51,-35.61000000000001,0.9906070386451437,2,Maior vulnerabilidade / maior risco
4310108,43,RS,Sul,49.6,739.42,80.0,-30.4,0.990606045980055,0,Pressão de meta / risco intermediário
4315750,43,RS,Sul,42.1,735.1,77.2,-35.1,0.9905417206153486,2,Maior vulnerabilidade / maior risco
4317558,43,RS,Sul,34.6,731.77,74.62,-40.02,0.9904131990290491,2,Maior vulnerabilidade / maior risco
4315909,43,RS,Sul,48.8,740.71,80.0,-31.200000000000003,0.9903801104392754,0,Pressão de meta / risco intermediário
4321667,43,RS,Sul,53.5,737.36,80.0,-26.5,0.9903252602157525,0,Pressão de meta / risco intermediário
4301651,43,RS,Sul,53.5,737.94,80.0,-26.5,0.9901305530889274,0,Pressão de meta / risco intermediário
4319604,43,RS,Sul,49.7,740.97,80.0,-30.299999999999997,0.9900667149535961,0,Pressão de meta / risco intermediário
4302303,43,RS,Sul,40.2,729.61,74.87,-34.67,0.9900356589457011,2,Maior vulnerabilidade / maior risco
4316477,43,RS,Sul,44.4,745.76,80.0,-35.6,0.9897809851853668,0,Pressão de meta / risco intermediário
4323200,43,RS,Sul,56.3,736.88,80.0,-23.700000000000003,0.989773652517506,0,Pressão de meta / risco intermediário
4322525,43,RS,Sul,47.1,743.82,80.0,-32.9,0.9897530399238396,0,Pressão de meta / risco intermediário
4310462,43,RS,Sul,44.4,745.95,80.0,-35.6,0.9897140969311826,0,Pressão de meta / risco intermediário
4300877,43,RS,Sul,43.5,735.76,76.98,-33.480000000000004,0.9896925302414179,2,Maior vulnerabilidade / maior risco
4322301,43,RS,Sul,52.7,739.96,80.0,-27.299999999999997,0.9896367524829288,0,Pressão de meta / risco intermediário
4300661,43,RS,Sul,33.3,726.93,72.3,-39.0,0.9895250266261901,2,Maior vulnerabilidade / maior risco
4319802,43,RS,Sul,45.7,738.84,78.12,-32.42,0.9894773359063931,2,Maior vulnerabilidade / maior risco
2915700,29,BA,Nordeste,36.76,725.6,66.28,-29.520000000000003,0.9894679527682229,2,Maior vulnerabilidade / maior risco
4319901,43,RS,Sul,41.1,731.24,74.99,-33.88999999999999,0.9893752008506211,2,Maior vulnerabilidade / maior risco
4319125,43,RS,Sul,46.2,736.79,77.52,-31.319999999999993,0.9892972561881809,2,Maior vulnerabilidade / maior risco
4303707,43,RS,Sul,50.3,742.9,80.0,-29.700000000000003,0.989221376356703,0,Pressão de meta / risco intermediário
4310306,43,RS,Sul,48.3,745.05,80.0,-31.700000000000003,0.9889767271451728,0,Pressão de meta / risco intermediário
4316451,43,RS,Sul,50.9,743.22,80.0,-29.1,0.9889332488904737,0,Pressão de meta / risco intermediário
2919009,29,BA,Nordeste,21.21,715.25,59.77,-38.56,0.9888858911871287,2,Maior vulnerabilidade / maior risco
2411502,24,RN,Nordeste,23.56,711.75,70.8,-47.239999999999995,0.9886447798659854,2,Maior vulnerabilidade / maior risco
4314076,43,RS,Sul,50.2,744.56,80.0,-29.799999999999997,0.9886189287889857,0,Pressão de meta / risco intermediário
4305306,43,RS,Sul,47.5,734.99,76.72,-29.22,0.9885110246450848,2,Maior vulnerabilidade / maior risco
4314464,43,RS,Sul,35.3,741.36,75.92,-40.620000000000005,0.9884563097065872,2,Maior vulnerabilidade / maior risco
4316600,43,RS,Sul,43.2,736.14,76.11,-32.91,0.988455632458029,2,Maior vulnerabilidade / maior risco
4319703,43,RS,Sul,48.5,746.28,80.0,-31.5,0.9884425398711605,0,Pressão de meta / risco intermediário
4312906,43,RS,Sul,51.8,738.5,78.52,-26.72,0.9884259280944222,0,Pressão de meta / risco intermediário
4320404,43,RS,Sul,50.7,744.79,80.0,-29.299999999999997,0.9883807306447566,0,Pressão de meta / risco intermediário
4309001,43,RS,Sul,46.3,738.68,77.4,-31.10000000000001,0.9883792022162763,2,Maior vulnerabilidade / maior risco
2917334,29,BA,Nordeste,25.53,711.01,59.11,-33.58,0.988347731344636,2,Maior vulnerabilidade / maior risco
4304507,43,RS,Sul,51.7,743.44,79.79,-28.090000000000003,0.9883177698045043,0,Pressão de meta / risco intermediário
4308052,43,RS,Sul,51.9,739.68,78.71,-26.809999999999995,0.9881985046576419,0,Pressão de meta / risco intermediário
2909505,29,BA,Nordeste,34.55,725.04,64.73,-30.180000000000007,0.9881675216130754,2,Maior vulnerabilidade / maior risco
4321808,43,RS,Sul,51.2,742.6,79.31,-28.11,0.9881066928495814,0,Pressão de meta / risco intermediário
1303304,13,AM,Norte,50.99,735.97,80.0,-29.009999999999998,0.9880013966797515,0,Pressão de meta / risco intermediário
2912806,29,BA,Nordeste,37.84,730.7,66.82,-28.97999999999999,0.9879378901926109,2,Maior vulnerabilidade / maior risco
4312302,43,RS,Sul,51.7,742.55,79.28,-27.58,0.9879290582914417,0,Pressão de meta / risco intermediário
2909000,29,BA,Nordeste,52.46,741.16,72.68,-20.220000000000006,0.9878557014296443,0,Pressão de meta / risco intermediário
4313607,43,RS,Sul,53.1,742.02,79.26,-26.160000000000004,0.9876827137303926,0,Pressão de meta / risco intermediário
4320651,43,RS,Sul,35.7,724.99,70.92,-35.22,0.9876305445545377,2,Maior vulnerabilidade / maior risco
4316428,43,RS,Sul,43.8,748.84,79.16,-35.36,0.9875871442327422,0,Pressão de meta / risco intermediário
4306205,43,RS,Sul,35.2,729.25,71.94,-36.739999999999995,0.9875470315679064,2,Maior vulnerabilidade / maior risco
4303202,43,RS,Sul,58.2,741.23,80.0,-21.799999999999997,0.9875350181226386,0,Pressão de meta / risco intermediário
4316758,43,RS,Sul,54.2,744.42,80.0,-25.799999999999997,0.9874501313618029,0,Pressão de meta / risco intermediário
4313086,43,RS,Sul,57.9,741.69,80.0,-22.1,0.9874339972863122,0,Pressão de meta / risco intermediário
4315800,43,RS,Sul,45.0,740.29,76.93,-31.930000000000007,0.9874097907234418,2,Maior vulnerabilidade / maior risco
4320859,43,RS,Sul,24.7,717.3,66.3,-41.599999999999994,0.9872894172889513,2,Maior vulnerabilidade / maior risco
4322343,43,RS,Sul,55.6,743.77,80.0,-24.4,0.9872782262656374,0,Pressão de meta / risco intermediário
4303558,43,RS,Sul,55.6,744.19,80.0,-24.4,0.9870939078723246,0,Pressão de meta / risco intermediário
1713601,17,TO,Norte,19.71,718.7,73.1,-53.38999999999999,0.9870794972829599,2,Maior vulnerabilidade / maior risco
4322533,43,RS,Sul,51.6,747.91,80.0,-28.4,0.9867681119015003,0,Pressão de meta / risco intermediário
4313201,43,RS,Sul,52.3,747.54,80.0,-27.700000000000003,0.9866983612078646,0,Pressão de meta / risco intermediário
4309902,43,RS,Sul,49.1,746.01,78.91,-29.809999999999995,0.9866895630649567,0,Pressão de meta / risco intermediário
4302105,43,RS,Sul,50.8,742.03,78.15,-27.35000000000001,0.9866710121924814,0,Pressão de meta / risco intermediário
2926806,29,BA,Nordeste,43.82,734.37,68.18,-24.360000000000007,0.9865298953801283,2,Maior vulnerabilidade / maior risco
4301875,43,RS,Sul,25.5,721.6,67.17,-41.67,0.9865039236376916,2,Maior vulnerabilidade / maior risco
4306809,43,RS,Sul,53.2,747.35,80.0,-26.799999999999997,0.9864765476325482,0,Pressão de meta / risco intermediário
4320321,43,RS,Sul,50.0,750.05,80.0,-30.0,0.9863339621940169,0,Pressão de meta / risco intermediário
4311403,43,RS,Sul,47.5,738.56,76.28,-28.78,0.9862888379410937,2,Maior vulnerabilidade / maior risco
4300455,43,RS,Sul,55.6,746.1,80.0,-24.4,0.9862219075994506,0,Pressão de meta / risco intermediário
4314423,43,RS,Sul,57.1,745.19,80.0,-22.9,0.9861216267065043,0,Pressão de meta / risco intermediário
4322251,43,RS,Sul,55.1,746.72,80.0,-24.9,0.986105449252022,0,Pressão de meta / risco intermediário
4315149,43,RS,Sul,56.3,745.98,80.0,-23.700000000000003,0.9860303496842561,0,Pressão de meta / risco intermediário
4304697,43,RS,Sul,58.6,744.43,80.0,-21.4,0.985948713000022,0,Pressão de meta / risco intermediário
4309753,43,RS,Sul,41.4,735.07,73.81,-32.410000000000004,0.9858688024588262,2,Maior vulnerabilidade / maior risco
4306551,43,RS,Sul,57.1,746.09,80.0,-22.9,0.9856877527470373,0,Pressão de meta / risco intermediário
4313060,43,RS,Sul,45.3,735.22,74.53,-29.230000000000004,0.9856434331932774,2,Maior vulnerabilidade / maior risco
4312054,43,RS,Sul,47.8,742.83,77.11,-29.310000000000002,0.9855709108226077,0,Pressão de meta / risco intermediário
4306452,43,RS,Sul,53.0,749.45,80.0,-27.0,0.9855434870141483,0,Pressão de meta / risco intermediário
4305959,43,RS,Sul,44.2,740.93,75.82,-31.61999999999999,0.9855345627918776,2,Maior vulnerabilidade / maior risco
4321352,43,RS,Sul,37.0,726.31,70.27,-33.269999999999996,0.9854996638733496,2,Maior vulnerabilidade / maior risco
2500734,25,PB,Nordeste,41.89,717.39,80.0,-38.11,0.9854264056721241,2,Maior vulnerabilidade / maior risco
4316709,43,RS,Sul,37.9,726.76,70.5,-32.6,0.9853545840702576,2,Maior vulnerabilidade / maior risco
4318499,43,RS,Sul,49.7,752.48,80.0,-30.299999999999997,0.9852632062366004,0,Pressão de meta / risco intermediário
4322202,43,RS,Sul,44.4,736.33,74.42,-30.020000000000003,0.9852278297776216,2,Maior vulnerabilidade / maior risco
4307906,43,RS,Sul,56.7,747.51,80.0,-23.299999999999997,0.9851287044428471,0,Pressão de meta / risco intermediário
4309100,43,RS,Sul,55.3,746.32,79.35,-24.049999999999997,0.9850706172435091,0,Pressão de meta / risco intermediário
4313441,43,RS,Sul,47.4,733.23,74.09,-26.690000000000005,0.9850563832157156,2,Maior vulnerabilidade / maior risco
4321907,43,RS,Sul,57.0,747.61,80.0,-23.0,0.9849629250812315,0,Pressão de meta / risco intermediário
4312153,43,RS,Sul,58.4,746.65,80.0,-21.6,0.9849180712309993,0,Pressão de meta / risco intermediário
4310413,43,RS,Sul,35.3,721.48,68.26,-32.96000000000001,0.9849084626218156,2,Maior vulnerabilidade / maior risco
2932606,29,BA,Nordeste,40.54,732.42,66.0,-25.46,0.9848263972637756,2,Maior vulnerabilidade / maior risco
2923001,29,BA,Nordeste,37.21,728.13,64.09,-26.880000000000003,0.9847597661943878,2,Maior vulnerabilidade / maior risco
4309050,43,RS,Sul,34.3,728.59,69.87,-35.57000000000001,0.9846283945069872,2,Maior vulnerabilidade / maior risco
4305108,43,RS,Sul,43.2,732.1,72.56,-29.36,0.9843975054809367,2,Maior vulnerabilidade / maior risco
4321303,43,RS,Sul,13.2,707.47,59.5,-46.3,0.9843053608592809,2,Maior vulnerabilidade / maior risco
4320552,43,RS,Sul,46.2,743.9,76.35,-30.14999999999999,0.9842182914728347,2,Maior vulnerabilidade / maior risco
4312401,43,RS,Sul,39.8,727.48,70.43,-30.63000000000001,0.9841062199281351,2,Maior vulnerabilidade / maior risco
4309704,43,RS,Sul,60.8,746.74,80.0,-19.200000000000003,0.9839151150040264,0,Pressão de meta / risco intermediário
4306403,43,RS,Sul,56.9,745.97,78.9,-22.000000000000007,0.9837540522194598,0,Pressão de meta / risco intermediário
4307559,43,RS,Sul,45.4,742.18,75.45,-30.050000000000004,0.9837052384503795,2,Maior vulnerabilidade / maior risco
4301909,43,RS,Sul,43.6,732.19,72.2,-28.6,0.9834701336912883,2,Maior vulnerabilidade / maior risco
2929057,29,BA,Nordeste,36.59,727.46,63.09,-26.5,0.9834111566022189,2,Maior vulnerabilidade / maior risco
4305207,43,RS,Sul,54.0,740.35,76.56,-22.560000000000002,0.9833753422266862,0,Pressão de meta / risco intermediário
2919405,29,BA,Nordeste,65.48,754.53,76.51,-11.030000000000001,0.9833345178161679,0,Pressão de meta / risco intermediário
4310801,43,RS,Sul,56.9,744.09,78.17,-21.270000000000003,0.9833268884675812,0,Pressão de meta / risco intermediário
4304200,43,RS,Sul,53.2,742.15,76.76,-23.560000000000002,0.9831019525834281,0,Pressão de meta / risco intermediário
4311627,43,RS,Sul,36.1,735.93,71.5,-35.4,0.9830924256130814,2,Maior vulnerabilidade / maior risco
4304309,43,RS,Sul,48.4,746.37,76.87,-28.470000000000006,0.9829678216140577,0,Pressão de meta / risco intermediário
4319737,43,RS,Sul,46.2,738.06,74.09,-27.89,0.9829093558408343,2,Maior vulnerabilidade / maior risco
4322509,43,RS,Sul,38.1,731.05,70.45,-32.35,0.9828519718739701,2,Maior vulnerabilidade / maior risco
4314001,43,RS,Sul,60.0,749.24,80.0,-20.0,0.9828369793164313,0,Pressão de meta / risco intermediário
4318309,43,RS,Sul,35.6,721.49,67.25,-31.65,0.98276677410908,2,Maior vulnerabilidade / maior risco
4308078,43,RS,Sul,65.0,745.69,80.0,-15.0,0.9827255095458995,0,Pressão de meta / risco intermediário
4318804,43,RS,Sul,58.7,748.23,79.35,-20.64999999999999,0.9826197727878554,0,Pressão de meta / risco intermediário
4316907,43,RS,Sul,39.7,728.76,70.02,-30.319999999999993,0.9825796190372038,2,Maior vulnerabilidade / maior risco
4319356,43,RS,Sul,58.8,750.58,80.0,-21.200000000000003,0.9825761307157264,0,Pressão de meta / risco intermediário
4314027,43,RS,Sul,52.6,755.23,80.0,-27.4,0.9825686677708665,0,Pressão de meta / risco intermediário
3505401,35,SP,Sudeste,34.89,719.45,80.0,-45.11,0.9825635824820455,2,Maior vulnerabilidade / maior risco
4313409,43,RS,Sul,36.0,725.14,68.07,-32.06999999999999,0.9821795649723629,2,Maior vulnerabilidade / maior risco
4320107,43,RS,Sul,47.7,738.33,74.12,-26.42,0.982145061682493,2,Maior vulnerabilidade / maior risco
4312377,43,RS,Sul,36.2,727.19,68.66,-32.459999999999994,0.982139807809986,2,Maior vulnerabilidade / maior risco
4313508,43,RS,Sul,44.5,731.86,71.66,-27.159999999999997,0.982123764395998,2,Maior vulnerabilidade / maior risco
4306502,43,RS,Sul,35.0,719.48,66.26,-31.260000000000005,0.9820947814095715,2,Maior vulnerabilidade / maior risco
4305702,43,RS,Sul,58.0,752.1,80.0,-22.0,0.9820201954332074,0,Pressão de meta / risco intermediário
4308201,43,RS,Sul,59.6,748.4,79.3,-19.699999999999996,0.982002513089668,0,Pressão de meta / risco intermediário
2913507,29,BA,Nordeste,31.48,720.59,59.47,-27.99,0.9819952327306931,2,Maior vulnerabilidade / maior risco
4322707,43,RS,Sul,41.9,731.01,70.78,-28.880000000000003,0.9818856027511433,2,Maior vulnerabilidade / maior risco
2904209,29,BA,Nordeste,47.37,739.47,67.88,-20.509999999999998,0.9817830038614871,2,Maior vulnerabilidade / maior risco
4319372,43,RS,Sul,64.3,747.96,80.0,-15.700000000000003,0.9816662902884291,0,Pressão de meta / risco intermediário
4320909,43,RS,Sul,46.2,736.09,72.93,-26.730000000000004,0.9815624635009821,2,Maior vulnerabilidade / maior risco
4309654,43,RS,Sul,42.8,739.89,73.26,-30.460000000000008,0.9815227484404827,2,Maior vulnerabilidade / maior risco
2402402,24,RN,Nordeste,29.88,718.97,70.15,-40.27000000000001,0.9814870499020535,2,Maior vulnerabilidade / maior risco
4323408,43,RS,Sul,66.7,746.5,80.0,-13.299999999999997,0.9814558560749033,0,Pressão de meta / risco intermediário
4322608,43,RS,Sul,59.2,747.4,78.68,-19.480000000000004,0.9814147674363365,0,Pressão de meta / risco intermediário
4311718,43,RS,Sul,42.4,732.64,71.11,-28.71,0.9813787725125095,2,Maior vulnerabilidade / maior risco
4319109,43,RS,Sul,64.5,748.31,80.0,-15.5,0.9813517274622919,0,Pressão de meta / risco intermediário
4301958,43,RS,Sul,53.9,728.54,72.3,-18.4,0.9812533734893687,2,Maior vulnerabilidade / maior risco
2919959,29,BA,Nordeste,47.37,737.74,67.15,-19.78000000000001,0.9812092898012269,2,Maior vulnerabilidade / maior risco
4313904,43,RS,Sul,51.2,746.63,76.7,-25.5,0.9811545500949463,0,Pressão de meta / risco intermediário
4306957,43,RS,Sul,60.0,750.88,79.63,-19.629999999999995,0.9810041463653871,0,Pressão de meta / risco intermediário
2930006,29,BA,Nordeste,42.37,737.35,65.86,-23.490000000000002,0.9808630731442791,2,Maior vulnerabilidade / maior risco
4307609,43,RS,Sul,44.4,732.68,71.3,-26.9,0.9808330220018234,2,Maior vulnerabilidade / maior risco
2918704,29,BA,Nordeste,56.52,747.47,71.57,-15.04999999999999,0.9808310220185504,0,Pressão de meta / risco intermediário
4311270,43,RS,Sul,36.0,726.35,67.76,-31.760000000000005,0.9807072749863057,2,Maior vulnerabilidade / maior risco
4312005,43,RS,Sul,58.3,753.95,80.0,-21.700000000000003,0.9807044237637653,0,Pressão de meta / risco intermediário
2913408,29,BA,Nordeste,42.57,733.02,64.62,-22.050000000000004,0.980663425742207,2,Maior vulnerabilidade / maior risco
4315404,43,RS,Sul,60.0,752.84,80.0,-20.0,0.9805980747080196,0,Pressão de meta / risco intermediário
4308102,43,RS,Sul,51.1,741.52,75.0,-23.9,0.9805257200675921,0,Pressão de meta / risco intermediário
4322327,43,RS,Sul,61.7,751.93,80.0,-18.299999999999997,0.9803579833615409,0,Pressão de meta / risco intermediário
4321451,43,RS,Sul,62.9,751.04,80.0,-17.1,0.9803529264224031,0,Pressão de meta / risco intermediário
2917201,29,BA,Nordeste,43.98,733.34,64.85,-20.869999999999997,0.9803031664433236,2,Maior vulnerabilidade / maior risco
4308904,43,RS,Sul,52.3,742.89,75.51,-23.210000000000008,0.980243673666482,0,Pressão de meta / risco intermediário
4310363,43,RS,Sul,50.0,756.43,78.75,-28.75,0.9801765890362588,0,Pressão de meta / risco intermediário
4308607,43,RS,Sul,54.4,743.87,76.1,-21.699999999999996,0.9799618540108784,0,Pressão de meta / risco intermediário
4312450,43,RS,Sul,47.4,745.68,75.12,-27.720000000000006,0.9798805449084411,0,Pressão de meta / risco intermediário
2931350,29,BA,Nordeste,35.04,726.87,61.04,-26.0,0.9798801379711509,2,Maior vulnerabilidade / maior risco
2917102,29,BA,Nordeste,28.85,720.46,57.97,-29.119999999999997,0.979835574230239,2,Maior vulnerabilidade / maior risco
4320578,43,RS,Sul,66.7,745.34,78.99,-12.289999999999992,0.9798140707150803,0,Pressão de meta / risco intermediário
2911253,29,BA,Nordeste,47.37,738.69,66.81,-19.440000000000005,0.9797629622696341,2,Maior vulnerabilidade / maior risco
4317509,43,RS,Sul,41.5,729.59,69.39,-27.89,0.9797267961799588,2,Maior vulnerabilidade / maior risco
2921807,29,BA,Nordeste,60.0,749.71,72.44,-12.439999999999998,0.9796929284612481,0,Pressão de meta / risco intermediário
4314035,43,RS,Sul,54.0,741.21,75.15,-21.150000000000006,0.979634144493184,0,Pressão de meta / risco intermediário
4315156,43,RS,Sul,64.8,746.66,78.88,-14.079999999999998,0.9796094377905202,0,Pressão de meta / risco intermediário
4313011,43,RS,Sul,60.0,754.52,80.0,-20.0,0.979457554779811,0,Pressão de meta / risco intermediário
2914109,29,BA,Nordeste,59.15,745.38,70.97,-11.82,0.9794488107420709,0,Pressão de meta / risco intermediário
4304713,43,RS,Sul,62.4,752.76,80.0,-17.6,0.9794330130798377,0,Pressão de meta / risco intermediário
2901601,29,BA,Nordeste,23.17,716.95,55.66,-32.489999999999995,0.9794219666540139,2,Maior vulnerabilidade / maior risco
4318457,43,RS,Sul,60.4,750.36,78.89,-18.490000000000002,0.9793495224083136,0,Pressão de meta / risco intermediário
4301503,43,RS,Sul,63.2,752.34,80.0,-16.799999999999997,0.9793079803466629,0,Pressão de meta / risco intermediário
4317707,43,RS,Sul,53.0,743.83,75.47,-22.47,0.9791336671224372,0,Pressão de meta / risco intermediário
4310439,43,RS,Sul,60.7,754.71,80.0,-19.299999999999997,0.9789534856466396,0,Pressão de meta / risco intermediário
2106359,21,MA,Nordeste,39.77,726.86,80.0,-40.23,0.9789008461683276,2,Maior vulnerabilidade / maior risco
4314753,43,RS,Sul,66.3,750.73,80.0,-13.700000000000003,0.9788038207921979,0,Pressão de meta / risco intermediário
4314159,43,RS,Sul,40.7,729.74,68.87,-28.17,0.9787157102856843,2,Maior vulnerabilidade / maior risco
4306130,43,RS,Sul,64.3,746.68,78.43,-14.13000000000001,0.9787077501388183,0,Pressão de meta / risco intermediário
2923803,29,BA,Nordeste,39.8,725.04,61.04,-21.240000000000002,0.9786618799997767,2,Maior vulnerabilidade / maior risco
4316956,43,RS,Sul,59.3,751.9,78.8,-19.5,0.9786050362162465,0,Pressão de meta / risco intermediário
2925956,29,BA,Nordeste,33.53,721.41,58.68,-25.15,0.978504113061191,2,Maior vulnerabilidade / maior risco
4313300,43,RS,Sul,61.1,752.03,79.13,-18.029999999999994,0.9783987571893551,0,Pressão de meta / risco intermediário
2931004,29,BA,Nordeste,47.42,736.5,65.66,-18.239999999999995,0.9783350723101759,2,Maior vulnerabilidade / maior risco
1303205,13,AM,Norte,57.09,738.48,77.11,-20.019999999999996,0.9781794224382985,0,Pressão de meta / risco intermediário
4319307,43,RS,Sul,61.1,749.78,78.4,-17.300000000000004,0.9781104841619613,0,Pressão de meta / risco intermediário
4317004,43,RS,Sul,13.1,715.38,58.96,-45.86,0.9780977602394033,2,Maior vulnerabilidade / maior risco
4315107,43,RS,Sul,52.9,741.54,74.31,-21.410000000000004,0.9777953639912783,0,Pressão de meta / risco intermediário
2917300,29,BA,Nordeste,29.17,714.76,55.64,-26.47,0.9776976582096982,2,Maior vulnerabilidade / maior risco
4304705,43,RS,Sul,42.0,730.85,69.06,-27.060000000000002,0.9776837681434779,2,Maior vulnerabilidade / maior risco
4309209,43,RS,Sul,41.0,731.11,68.91,-27.909999999999997,0.9776423880540837,2,Maior vulnerabilidade / maior risco
4316105,43,RS,Sul,53.7,749.89,76.71,-23.00999999999999,0.9775934202394534,0,Pressão de meta / risco intermediário
4300802,43,RS,Sul,46.6,732.68,70.43,-23.830000000000005,0.9774440739134137,2,Maior vulnerabilidade / maior risco
2917409,29,BA,Nordeste,56.86,742.86,69.0,-12.14,0.9773281279342925,0,Pressão de meta / risco intermediário
2909109,29,BA,Nordeste,30.71,722.39,57.93,-27.22,0.9773175609179585,2,Maior vulnerabilidade / maior risco
4313490,43,RS,Sul,37.0,730.79,67.87,-30.870000000000005,0.9772985325892394,2,Maior vulnerabilidade / maior risco
4314704,43,RS,Sul,54.1,743.13,74.79,-20.690000000000005,0.9772223652278882,0,Pressão de meta / risco intermediário
4322376,43,RS,Sul,38.1,722.32,65.72,-27.619999999999997,0.9771983186429675,2,Maior vulnerabilidade / maior risco
4321626,43,RS,Sul,67.8,751.87,80.0,-12.200000000000003,0.9771130497308785,0,Pressão de meta / risco intermediário
4301206,43,RS,Sul,64.7,754.31,80.0,-15.299999999999997,0.9770187646197532,0,Pressão de meta / risco intermediário
4311809,43,RS,Sul,43.6,737.12,70.88,-27.279999999999994,0.9770052687514071,2,Maior vulnerabilidade / maior risco
2924702,29,BA,Nordeste,56.47,744.76,69.32,-12.849999999999994,0.9769790157679636,0,Pressão de meta / risco intermediário
4317905,43,RS,Sul,60.5,747.52,77.21,-16.709999999999994,0.9768932399539445,0,Pressão de meta / risco intermediário
4312807,43,RS,Sul,60.6,757.69,80.0,-19.4,0.9767734376120465,0,Pressão de meta / risco intermediário
4312179,43,RS,Sul,58.3,759.42,80.0,-21.700000000000003,0.9767658330031634,0,Pressão de meta / risco intermediário
4322152,43,RS,Sul,41.1,743.16,71.94,-30.839999999999996,0.9767421187610725,2,Maior vulnerabilidade / maior risco
4306908,43,RS,Sul,39.4,734.07,69.06,-29.660000000000004,0.9766977825881238,2,Maior vulnerabilidade / maior risco
4322806,43,RS,Sul,57.0,753.27,77.99,-20.989999999999995,0.9766487349888208,0,Pressão de meta / risco intermediário
4307815,43,RS,Sul,60.0,758.3,80.0,-20.0,0.9766462074985487,0,Pressão de meta / risco intermediário
2928406,29,BA,Nordeste,32.05,721.34,57.66,-25.61,0.9765920272313593,2,Maior vulnerabilidade / maior risco
4319406,43,RS,Sul,61.6,750.06,77.99,-16.389999999999993,0.9764655199776906,0,Pressão de meta / risco intermediário
2925204,29,BA,Nordeste,51.55,740.41,66.86,-15.310000000000002,0.9762915311510639,2,Maior vulnerabilidade / maior risco
4301057,43,RS,Sul,46.5,737.9,71.44,-24.939999999999998,0.9762744093267408,2,Maior vulnerabilidade / maior risco
2918902,29,BA,Nordeste,48.28,737.75,65.43,-17.150000000000006,0.9762378041838431,2,Maior vulnerabilidade / maior risco
4316808,43,RS,Sul,43.8,733.68,69.7,-25.900000000000006,0.9762305476539378,2,Maior vulnerabilidade / maior risco
2922730,29,BA,Nordeste,31.91,721.54,57.56,-25.650000000000002,0.9762268242268726,2,Maior vulnerabilidade / maior risco
2903508,29,BA,Nordeste,33.06,723.05,58.11,-25.049999999999997,0.9759183899169932,2,Maior vulnerabilidade / maior risco
4301800,43,RS,Sul,56.4,745.46,75.38,-18.979999999999997,0.9756947572443468,0,Pressão de meta / risco intermediário
4303806,43,RS,Sul,68.0,753.51,80.0,-12.0,0.975682680067627,0,Pressão de meta / risco intermediário
2100808,21,MA,Nordeste,34.63,734.94,80.0,-45.37,0.9756425142577565,2,Maior vulnerabilidade / maior risco
2912301,29,BA,Nordeste,50.0,738.65,65.8,-15.799999999999997,0.975545585930786,2,Maior vulnerabilidade / maior risco
4301008,43,RS,Sul,63.6,756.97,80.0,-16.4,0.9755432523725791,0,Pressão de meta / risco intermediário
2929909,29,BA,Nordeste,34.98,724.92,58.86,-23.880000000000003,0.9754299973596682,2,Maior vulnerabilidade / maior risco
4321956,43,RS,Sul,62.9,757.64,80.0,-17.1,0.9754217638238455,0,Pressão de meta / risco intermediário
4321857,43,RS,Sul,62.5,758.1,80.0,-17.5,0.975287655701139,0,Pressão de meta / risco intermediário
4317954,43,RS,Sul,66.7,754.98,80.0,-13.299999999999997,0.9752696799954924,0,Pressão de meta / risco intermediário
2513109,25,PB,Nordeste,40.52,734.17,80.0,-39.48,0.9750900141219034,2,Maior vulnerabilidade / maior risco
2922409,29,BA,Nordeste,48.92,738.72,65.42,-16.5,0.975012999332902,2,Maior vulnerabilidade / maior risco
4305439,43,RS,Sul,21.1,716.31,59.77,-38.67,0.9749328354390602,2,Maior vulnerabilidade / maior risco
4318408,43,RS,Sul,71.9,751.53,80.0,-8.099999999999994,0.9748992782145586,0,Pressão de meta / risco intermediário
4317608,43,RS,Sul,61.7,752.4,78.11,-16.409999999999997,0.9748335517171317,0,Pressão de meta / risco intermediário
2509057,25,PB,Nordeste,24.23,719.26,72.42,-48.19,0.9748151240942073,2,Maior vulnerabilidade / maior risco
4307302,43,RS,Sul,50.4,736.69,71.41,-21.009999999999998,0.9747707869964474,2,Maior vulnerabilidade / maior risco
2910776,29,BA,Nordeste,45.45,735.49,63.66,-18.209999999999994,0.9745516882004511,2,Maior vulnerabilidade / maior risco
2900801,29,BA,Nordeste,29.6,721.55,56.52,-26.92,0.9745241626980863,2,Maior vulnerabilidade / maior risco
1711100,17,TO,Norte,24.0,721.51,69.25,-45.25,0.9745178963139873,2,Maior vulnerabilidade / maior risco
2917904,29,BA,Nordeste,36.08,729.88,60.12,-24.04,0.9743905998783651,2,Maior vulnerabilidade / maior risco
4302352,43,RS,Sul,55.3,748.77,75.63,-20.33,0.9743578559689228,0,Pressão de meta / risco intermediário
4321469,43,RS,Sul,69.1,754.26,80.0,-10.900000000000006,0.9743539225234887,0,Pressão de meta / risco intermediário
2912004,29,BA,Nordeste,61.19,746.59,69.82,-8.629999999999995,0.9740384835320052,0,Pressão de meta / risco intermediário
2908309,29,BA,Nordeste,41.18,734.7,62.39,-21.21,0.9740214467499005,2,Maior vulnerabilidade / maior risco
2904605,29,BA,Nordeste,42.15,732.78,62.01,-19.86,0.9738628737357504,2,Maior vulnerabilidade / maior risco
4300034,43,RS,Sul,52.5,742.31,73.1,-20.599999999999994,0.9738349215054232,0,Pressão de meta / risco intermediário
4312955,43,RS,Sul,66.7,756.92,80.0,-13.299999999999997,0.9735933811428852,0,Pressão de meta / risco intermediário
4316006,43,RS,Sul,66.6,757.22,80.0,-13.400000000000006,0.9733917689055447,0,Pressão de meta / risco intermediário
4318002,43,RS,Sul,46.4,736.5,70.07,-23.669999999999995,0.9733103357129878,2,Maior vulnerabilidade / maior risco
4323002,43,RS,Sul,38.9,726.74,65.74,-26.839999999999996,0.9730449924733734,2,Maior vulnerabilidade / maior risco
4310538,43,RS,Sul,38.5,727.27,65.8,-27.299999999999997,0.97303245614411,2,Maior vulnerabilidade / maior risco
2921203,29,BA,Nordeste,36.96,724.08,58.25,-21.29,0.9729477986900306,2,Maior vulnerabilidade / maior risco
2903953,29,BA,Nordeste,24.44,718.29,54.02,-29.580000000000002,0.972813747333758,2,Maior vulnerabilidade / maior risco
4320206,43,RS,Sul,68.0,756.88,80.0,-12.0,0.9727489033143412,0,Pressão de meta / risco intermediário
4307807,43,RS,Sul,49.4,740.17,71.53,-22.130000000000003,0.97273416208107,2,Maior vulnerabilidade / maior risco
4305871,43,RS,Sul,67.8,757.27,80.0,-12.200000000000003,0.9725269369277785,0,Pressão de meta / risco intermediário
4312757,43,RS,Sul,71.4,754.71,80.0,-8.599999999999994,0.9724036578886901,0,Pressão de meta / risco intermediário
2924900,29,BA,Nordeste,42.86,735.09,62.35,-19.490000000000002,0.9724017420148768,2,Maior vulnerabilidade / maior risco
4302402,43,RS,Sul,64.6,755.19,78.72,-14.120000000000005,0.9723814054034895,0,Pressão de meta / risco intermediário
4319711,43,RS,Sul,73.3,753.35,80.0,-6.700000000000003,0.9723466706704686,0,Pressão de meta / risco intermediário
4314050,43,RS,Sul,37.8,725.9,65.06,-27.260000000000005,0.9723102189934499,2,Maior vulnerabilidade / maior risco
4310207,43,RS,Sul,61.9,753.02,77.52,-15.619999999999997,0.9722401772342057,0,Pressão de meta / risco intermediário
4321204,43,RS,Sul,44.6,735.51,69.1,-24.499999999999993,0.9722331286561144,2,Maior vulnerabilidade / maior risco
2107456,21,MA,Nordeste,37.64,736.58,80.0,-42.36,0.9722196159082397,2,Maior vulnerabilidade / maior risco
2919058,29,BA,Nordeste,43.1,738.53,63.21,-20.11,0.9719241901421208,2,Maior vulnerabilidade / maior risco
4323358,43,RS,Sul,52.9,747.2,73.94,-21.04,0.9718649888512005,0,Pressão de meta / risco intermediário
2108801,21,MA,Nordeste,42.38,733.45,80.0,-37.62,0.9718277221176892,2,Maior vulnerabilidade / maior risco
4303301,43,RS,Sul,63.1,761.56,80.0,-16.9,0.9717998079750566,0,Pressão de meta / risco intermediário
4312104,43,RS,Sul,45.5,739.22,70.18,-24.680000000000007,0.971783333320656,2,Maior vulnerabilidade / maior risco
2920106,29,BA,Nordeste,23.42,717.71,53.26,-29.839999999999996,0.9714933109333574,2,Maior vulnerabilidade / maior risco
4310900,43,RS,Sul,61.9,762.78,80.0,-18.1,0.9714916275448119,0,Pressão de meta / risco intermediário
4300570,43,RS,Sul,58.3,747.23,74.95,-16.650000000000006,0.971468034650625,0,Pressão de meta / risco intermediário
4314100,43,RS,Sul,38.5,728.01,65.53,-27.03,0.9714248553991299,2,Maior vulnerabilidade / maior risco
2907301,29,BA,Nordeste,30.54,720.95,55.58,-25.04,0.9713261476952285,2,Maior vulnerabilidade / maior risco
2925006,29,BA,Nordeste,24.31,715.31,52.73,-28.419999999999998,0.9713170990949307,2,Maior vulnerabilidade / maior risco
4306734,43,RS,Sul,63.3,754.03,77.8,-14.5,0.9712454174695981,0,Pressão de meta / risco intermediário
2919926,29,BA,Nordeste,25.81,715.89,53.18,-27.37,0.9712453067130976,2,Maior vulnerabilidade / maior risco
4308250,43,RS,Sul,71.4,756.01,80.0,-8.599999999999994,0.9711672418392218,0,Pressão de meta / risco intermediário
4314506,43,RS,Sul,50.2,740.08,71.2,-21.0,0.9711234995816065,2,Maior vulnerabilidade / maior risco
2904308,29,BA,Nordeste,47.62,732.14,62.14,-14.520000000000003,0.9710971737438822,2,Maior vulnerabilidade / maior risco
4318705,43,RS,Sul,37.2,726.12,64.51,-27.310000000000002,0.9706173057966104,2,Maior vulnerabilidade / maior risco
2905206,29,BA,Nordeste,39.02,728.41,59.19,-20.169999999999995,0.9705979904861008,2,Maior vulnerabilidade / maior risco
4319505,43,RS,Sul,37.1,727.94,64.97,-27.869999999999997,0.9705368028584788,2,Maior vulnerabilidade / maior risco
4318606,43,RS,Sul,37.2,739.5,68.18,-30.980000000000004,0.9705136419761333,2,Maior vulnerabilidade / maior risco
4306379,43,RS,Sul,53.6,738.72,71.33,-17.729999999999997,0.970421819376916,0,Pressão de meta / risco intermediário
4313805,43,RS,Sul,68.4,759.03,80.0,-11.599999999999994,0.9704036710642099,0,Pressão de meta / risco intermediário
4308458,43,RS,Sul,72.7,755.92,80.0,-7.299999999999997,0.9702975817756584,0,Pressão de meta / risco intermediário
4322558,43,RS,Sul,69.2,758.57,80.0,-10.799999999999997,0.9702654777326715,0,Pressão de meta / risco intermediário
2413607,24,RN,Nordeste,47.88,734.36,74.22,-26.339999999999996,0.970123185753725,2,Maior vulnerabilidade / maior risco
4312443,43,RS,Sul,75.0,754.47,80.0,-5.0,0.9700260824026328,0,Pressão de meta / risco intermediário
4323770,43,RS,Sul,61.5,764.68,80.0,-18.5,0.9699125413978809,0,Pressão de meta / risco intermediário
2906899,29,BA,Nordeste,35.56,725.39,57.41,-21.849999999999994,0.9697642329281168,2,Maior vulnerabilidade / maior risco
4304663,43,RS,Sul,28.2,713.32,58.86,-30.66,0.9697076500619827,2,Maior vulnerabilidade / maior risco
1504307,15,PA,Norte,47.51,728.57,71.85,-24.339999999999996,0.9696427857578971,2,Maior vulnerabilidade / maior risco
2919801,29,BA,Nordeste,31.5,720.73,55.21,-23.71,0.9694973531441654,2,Maior vulnerabilidade / maior risco
4315305,43,RS,Sul,36.3,722.56,63.01,-26.71,0.9694139105445614,2,Maior vulnerabilidade / maior risco
4321501,43,RS,Sul,44.0,736.32,68.39,-24.39,0.9693537302335762,2,Maior vulnerabilidade / maior risco
4323309,43,RS,Sul,68.8,759.85,80.0,-11.200000000000003,0.9692679036998764,0,Pressão de meta / risco intermediário
4300638,43,RS,Sul,57.2,745.22,73.51,-16.310000000000002,0.9690921151113712,0,Pressão de meta / risco intermediário
2931053,29,BA,Nordeste,61.8,747.55,68.78,-6.980000000000004,0.9690872419728997,0,Pressão de meta / risco intermediário
2933406,29,BA,Nordeste,45.0,736.2,62.1,-17.1,0.968829024552829,2,Maior vulnerabilidade / maior risco
4321600,43,RS,Sul,36.7,722.0,62.76,-26.059999999999995,0.9687449659028022,2,Maior vulnerabilidade / maior risco
4311239,43,RS,Sul,54.2,748.52,73.69,-19.489999999999995,0.9686685058118505,0,Pressão de meta / risco intermediário
2210904,22,PI,Nordeste,30.86,713.38,72.09,-41.230000000000004,0.9685525824208777,2,Maior vulnerabilidade / maior risco
4308003,43,RS,Sul,66.7,760.09,79.38,-12.679999999999993,0.9683113265457091,0,Pressão de meta / risco intermediário
4316501,43,RS,Sul,70.4,759.59,80.0,-9.599999999999994,0.9682849243764694,0,Pressão de meta / risco intermediário
2932101,29,BA,Nordeste,38.93,726.4,57.97,-19.04,0.9681951278768196,2,Maior vulnerabilidade / maior risco
2112605,21,MA,Nordeste,38.63,731.84,77.72,-39.089999999999996,0.9679498516118306,2,Maior vulnerabilidade / maior risco
4318200,43,RS,Sul,37.7,727.84,64.37,-26.67,0.9679322053217937,2,Maior vulnerabilidade / maior risco
4323804,43,RS,Sul,37.9,727.92,64.4,-26.500000000000007,0.9678015663140828,2,Maior vulnerabilidade / maior risco
2926905,29,BA,Nordeste,15.62,715.44,50.01,-34.39,0.967766898671294,2,Maior vulnerabilidade / maior risco
4317202,43,RS,Sul,58.8,750.2,74.76,-15.960000000000008,0.967325034600294,0,Pressão de meta / risco intermediário
4314472,43,RS,Sul,47.5,737.84,68.91,-21.409999999999997,0.9669401978432818,2,Maior vulnerabilidade / maior risco
2915106,29,BA,Nordeste,23.53,713.92,50.97,-27.439999999999998,0.9667519126828638,2,Maior vulnerabilidade / maior risco
3553658,35,SP,Sudeste,27.27,731.6,76.51,-49.24000000000001,0.9667485148297318,2,Maior vulnerabilidade / maior risco
2933158,29,BA,Nordeste,17.95,704.38,47.1,-29.150000000000002,0.9664324385417382,2,Maior vulnerabilidade / maior risco
2923407,29,BA,Nordeste,35.76,725.66,56.65,-20.89,0.9663688850348614,2,Maior vulnerabilidade / maior risco
4317806,43,RS,Sul,69.9,756.01,78.38,-8.47999999999999,0.9661901600832505,0,Pressão de meta / risco intermediário
4307005,43,RS,Sul,45.9,733.97,67.3,-21.4,0.9660902185520681,2,Maior vulnerabilidade / maior risco
2920502,29,BA,Nordeste,43.58,737.48,61.46,-17.880000000000003,0.9660630583462194,2,Maior vulnerabilidade / maior risco
3515657,35,SP,Sudeste,44.0,732.32,80.0,-36.0,0.9660622456722417,2,Maior vulnerabilidade / maior risco
2920304,29,BA,Nordeste,70.27,760.63,73.37,-3.1000000000000085,0.9660270403317499,0,Pressão de meta / risco intermediário
2923902,29,BA,Nordeste,34.68,724.61,56.04,-21.36,0.9659734568655687,2,Maior vulnerabilidade / maior risco
2909604,29,BA,Nordeste,43.05,732.7,59.99,-16.940000000000005,0.9659023476558143,2,Maior vulnerabilidade / maior risco
2908606,29,BA,Nordeste,28.14,719.18,53.1,-24.96,0.9656146705866396,2,Maior vulnerabilidade / maior risco
2931400,29,BA,Nordeste,30.56,718.53,53.42,-22.860000000000003,0.9656117123313884,2,Maior vulnerabilidade / maior risco
2511509,25,PB,Nordeste,38.07,729.06,75.43,-37.36000000000001,0.9655971491872037,2,Maior vulnerabilidade / maior risco
4301602,43,RS,Sul,46.6,735.8,67.83,-21.229999999999997,0.9655906849330376,2,Maior vulnerabilidade / maior risco
4306007,43,RS,Sul,57.4,754.65,75.26,-17.860000000000007,0.9655309858413902,0,Pressão de meta / risco intermediário
2910107,29,BA,Nordeste,42.74,728.36,58.63,-15.89,0.9655029034952379,2,Maior vulnerabilidade / maior risco
4305173,43,RS,Sul,41.7,728.79,64.83,-23.129999999999995,0.9653863519288696,2,Maior vulnerabilidade / maior risco
1704600,17,TO,Norte,6.25,709.61,59.77,-53.52,0.9653679082403486,2,Maior vulnerabilidade / maior risco
3554755,35,SP,Sudeste,47.37,730.41,80.0,-32.63,0.9653607344562111,2,Maior vulnerabilidade / maior risco
2902005,29,BA,Nordeste,28.92,722.49,54.09,-25.17,0.9652530878533873,2,Maior vulnerabilidade / maior risco
4307708,43,RS,Sul,47.0,739.13,68.74,-21.739999999999995,0.9651995605571829,2,Maior vulnerabilidade / maior risco
4303103,43,RS,Sul,40.6,731.14,65.2,-24.6,0.9651667664418292,2,Maior vulnerabilidade / maior risco
4314068,43,RS,Sul,75.0,759.11,80.0,-5.0,0.964974272190025,0,Pressão de meta / risco intermediário
2902401,29,BA,Nordeste,33.61,721.3,54.6,-20.990000000000002,0.9646982647567587,2,Maior vulnerabilidade / maior risco
1303700,13,AM,Norte,37.94,728.03,66.29,-28.35000000000001,0.9645815804577791,2,Maior vulnerabilidade / maior risco
2927804,29,BA,Nordeste,37.04,725.74,56.38,-19.340000000000003,0.964022441876235,2,Maior vulnerabilidade / maior risco
2516904,25,PB,Nordeste,44.45,742.3,80.0,-35.55,0.9638487379879067,2,Maior vulnerabilidade / maior risco
2913200,29,BA,Nordeste,32.87,721.94,54.41,-21.54,0.963772550559069,2,Maior vulnerabilidade / maior risco
2921450,29,BA,Nordeste,46.15,736.83,61.26,-15.11,0.9637183129025138,2,Maior vulnerabilidade / maior risco
4322400,43,RS,Sul,47.3,735.17,67.36,-20.060000000000002,0.9637055849567143,2,Maior vulnerabilidade / maior risco
4305355,43,RS,Sul,51.3,738.46,68.99,-17.689999999999998,0.9632345927613709,2,Maior vulnerabilidade / maior risco
4312351,43,RS,Sul,75.0,760.85,80.0,-5.0,0.9628756886215003,0,Pressão de meta / risco intermediário
2516003,25,PB,Nordeste,45.73,738.47,78.98,-33.25000000000001,0.9628479690594017,2,Maior vulnerabilidade / maior risco
4317400,43,RS,Sul,61.2,753.27,75.04,-13.840000000000003,0.9628264779108877,0,Pressão de meta / risco intermediário
4302600,43,RS,Sul,20.0,703.46,52.66,-32.66,0.9624168601319038,2,Maior vulnerabilidade / maior risco
4314456,43,RS,Sul,33.2,735.21,64.14,-30.939999999999998,0.962295058149995,2,Maior vulnerabilidade / maior risco
4309605,43,RS,Sul,57.2,752.82,73.96,-16.75999999999999,0.962245040143129,0,Pressão de meta / risco intermediário
4313391,43,RS,Sul,77.0,760.13,80.0,-3.0,0.9619013151610655,0,Pressão de meta / risco intermediário
1302553,13,AM,Norte,20.56,712.18,57.7,-37.14,0.9618507142728984,2,Maior vulnerabilidade / maior risco
4301636,43,RS,Sul,43.6,732.55,65.43,-21.830000000000005,0.9617211260468919,2,Maior vulnerabilidade / maior risco
4309555,43,RS,Sul,71.4,764.51,80.0,-8.599999999999994,0.9616572879274693,0,Pressão de meta / risco intermediário
4304002,43,RS,Sul,46.8,741.12,68.43,-21.63000000000001,0.9615782287879733,2,Maior vulnerabilidade / maior risco
4315701,43,RS,Sul,63.4,754.14,75.39,-11.990000000000002,0.9612434294018031,0,Pressão de meta / risco intermediário
3513306,35,SP,Sudeste,47.06,734.09,80.0,-32.94,0.9611300066127775,2,Maior vulnerabilidade / maior risco
4314803,43,RS,Sul,39.7,730.27,63.86,-24.159999999999997,0.9611007123062052,2,Maior vulnerabilidade / maior risco
2921104,29,BA,Nordeste,46.9,736.59,60.77,-13.870000000000005,0.9610915197519617,2,Maior vulnerabilidade / maior risco
2919702,29,BA,Nordeste,44.74,732.25,59.12,-14.379999999999995,0.9610748014248577,2,Maior vulnerabilidade / maior risco
2904100,29,BA,Nordeste,32.0,716.97,52.26,-20.259999999999998,0.961067876552675,2,Maior vulnerabilidade / maior risco
4318440,43,RS,Sul,66.7,760.08,77.66,-10.959999999999994,0.9609878838071019,0,Pressão de meta / risco intermediário
4314134,43,RS,Sul,50.0,738.46,68.16,-18.159999999999997,0.9606575214247257,2,Maior vulnerabilidade / maior risco
2509008,25,PB,Nordeste,50.66,740.24,80.0,-29.340000000000003,0.9605905740591741,0,Pressão de meta / risco intermediário
4304689,43,RS,Sul,54.3,747.85,71.57,-17.269999999999996,0.9603001455219713,0,Pressão de meta / risco intermediário
4308706,43,RS,Sul,74.7,760.05,79.16,-4.459999999999994,0.9602954733960128,0,Pressão de meta / risco intermediário
4304655,43,RS,Sul,71.8,765.53,80.0,-8.200000000000003,0.959933623859801,0,Pressão de meta / risco intermediário
2923100,29,BA,Nordeste,21.29,712.08,48.45,-27.160000000000004,0.9599079617958203,2,Maior vulnerabilidade / maior risco
4304903,43,RS,Sul,76.0,762.46,80.0,-4.0,0.9598381227427821,0,Pressão de meta / risco intermediário
4305009,43,RS,Sul,77.1,761.75,80.0,-2.9000000000000057,0.9596870322502868,0,Pressão de meta / risco intermediário
2933109,29,BA,Nordeste,43.64,723.61,56.16,-12.519999999999996,0.9594272242463605,2,Maior vulnerabilidade / maior risco
2109056,21,MA,Nordeste,34.42,734.79,75.71,-41.28999999999999,0.9593998446701948,2,Maior vulnerabilidade / maior risco
4320701,43,RS,Sul,70.8,767.01,80.0,-9.200000000000003,0.9589453614849641,0,Pressão de meta / risco intermediário
4314605,43,RS,Sul,42.8,739.24,66.53,-23.730000000000004,0.95892971048762,2,Maior vulnerabilidade / maior risco
4307864,43,RS,Sul,69.2,768.4,80.0,-10.799999999999997,0.9586806094812144,0,Pressão de meta / risco intermediário
2933307,29,BA,Nordeste,42.75,732.58,58.3,-15.549999999999997,0.9586595833959524,2,Maior vulnerabilidade / maior risco
4309308,43,RS,Sul,31.5,722.89,59.58,-28.08,0.9584654311361808,2,Maior vulnerabilidade / maior risco
4300505,43,RS,Sul,66.5,758.0,76.47,-9.969999999999999,0.9581976771579339,0,Pressão de meta / risco intermediário
4318507,43,RS,Sul,38.2,728.45,62.43,-24.229999999999997,0.9581018087619855,2,Maior vulnerabilidade / maior risco
4303004,43,RS,Sul,40.2,735.6,64.82,-24.61999999999999,0.9581008964520583,2,Maior vulnerabilidade / maior risco
2106607,21,MA,Nordeste,34.52,732.02,74.7,-40.18,0.9580849417729629,2,Maior vulnerabilidade / maior risco
2929107,29,BA,Nordeste,41.13,729.35,56.92,-15.79,0.9578965367120652,2,Maior vulnerabilidade / maior risco
2509305,25,PB,Nordeste,50.43,742.5,80.0,-29.57,0.9577549542633769,0,Pressão de meta / risco intermediário
2903300,29,BA,Nordeste,24.72,724.51,52.13,-27.410000000000004,0.9575981895752528,2,Maior vulnerabilidade / maior risco
2929503,29,BA,Nordeste,46.1,736.28,59.74,-13.64,0.9572670453110145,2,Maior vulnerabilidade / maior risco
4306759,43,RS,Sul,80.0,761.44,80.0,0.0,0.9571163742023581,0,Pressão de meta / risco intermediário
2207793,22,PI,Nordeste,51.85,735.61,80.0,-28.15,0.9570672187839945,0,Pressão de meta / risco intermediário
2922201,29,BA,Nordeste,41.27,729.88,56.93,-15.659999999999997,0.9570510418687026,2,Maior vulnerabilidade / maior risco
4304853,43,RS,Sul,50.0,722.09,62.87,-12.869999999999997,0.9568668531511779,2,Maior vulnerabilidade / maior risco
2929305,29,BA,Nordeste,24.63,717.4,49.94,-25.31,0.9565369131996785,2,Maior vulnerabilidade / maior risco
2931806,29,BA,Nordeste,42.86,738.35,59.42,-16.560000000000002,0.9561112127451985,2,Maior vulnerabilidade / maior risco
2928604,29,BA,Nordeste,36.96,728.43,55.44,-18.479999999999997,0.9560183576754362,2,Maior vulnerabilidade / maior risco
4306601,43,RS,Sul,43.7,734.41,64.81,-21.11,0.9560137363106125,2,Maior vulnerabilidade / maior risco
4318424,43,RS,Sul,70.3,761.03,77.56,-7.260000000000005,0.9554326442168305,0,Pressão de meta / risco intermediário
4308508,43,RS,Sul,53.8,741.11,68.64,-14.840000000000003,0.9554259301793294,0,Pressão de meta / risco intermediário
4302501,43,RS,Sul,38.4,720.85,59.77,-21.370000000000005,0.95497095173009,2,Maior vulnerabilidade / maior risco
2905008,29,BA,Nordeste,47.96,741.19,61.02,-13.060000000000002,0.954831523807334,2,Maior vulnerabilidade / maior risco
4311106,43,RS,Sul,53.4,745.79,69.74,-16.339999999999996,0.9548284832111631,0,Pressão de meta / risco intermediário
5005681,50,MS,Centro-Oeste,46.46,730.26,80.0,-33.54,0.9548180818050148,2,Maior vulnerabilidade / maior risco
2933174,29,BA,Nordeste,40.0,727.82,55.67,-15.670000000000002,0.9547887691501837,2,Maior vulnerabilidade / maior risco
4305132,43,RS,Sul,66.7,752.83,74.39,-7.689999999999998,0.9545768594116384,0,Pressão de meta / risco intermediário
4314175,43,RS,Sul,55.9,743.68,69.62,-13.720000000000006,0.954537287688939,0,Pressão de meta / risco intermediário
2932002,29,BA,Nordeste,40.28,729.84,56.24,-15.96,0.9545371279142337,2,Maior vulnerabilidade / maior risco
4315172,43,RS,Sul,75.0,767.02,79.99,-4.989999999999995,0.9543636310943655,0,Pressão de meta / risco intermediário
2915601,29,BA,Nordeste,37.41,729.88,55.62,-18.21,0.9543318927743532,2,Maior vulnerabilidade / maior risco
4309803,43,RS,Sul,61.8,752.95,73.35,-11.549999999999997,0.9542494645178554,0,Pressão de meta / risco intermediário
4300059,43,RS,Sul,55.1,744.24,69.55,-14.449999999999996,0.9542127531674943,0,Pressão de meta / risco intermediário
2916401,29,BA,Nordeste,32.22,722.16,52.38,-20.160000000000004,0.9541531511939931,2,Maior vulnerabilidade / maior risco
2911402,29,BA,Nordeste,29.69,713.96,49.56,-19.87,0.9539884353568358,2,Maior vulnerabilidade / maior risco
4316204,43,RS,Sul,75.3,767.14,80.0,-4.700000000000003,0.9538956360434584,0,Pressão de meta / risco intermediário
2907509,29,BA,Nordeste,39.39,727.21,55.19,-15.799999999999997,0.9537746510915952,2,Maior vulnerabilidade / maior risco
2911600,29,BA,Nordeste,29.08,717.39,50.34,-21.260000000000005,0.9537560107469063,2,Maior vulnerabilidade / maior risco
1303957,13,AM,Norte,29.46,723.19,60.98,-31.519999999999996,0.9537372669817248,2,Maior vulnerabilidade / maior risco
2916104,29,BA,Nordeste,28.57,721.47,51.35,-22.78,0.9536869769250044,2,Maior vulnerabilidade / maior risco
2927002,29,BA,Nordeste,33.21,725.4,53.38,-20.17,0.9535987480790179,2,Maior vulnerabilidade / maior risco
2930154,29,BA,Nordeste,26.65,717.23,49.76,-23.11,0.9535713613417223,2,Maior vulnerabilidade / maior risco
4320008,43,RS,Sul,48.0,736.94,65.93,-17.930000000000007,0.9534736054310475,2,Maior vulnerabilidade / maior risco
1720150,17,TO,Norte,61.9,750.13,80.0,-18.1,0.9533196105917379,0,Pressão de meta / risco intermediário
2911709,29,BA,Nordeste,46.39,735.37,58.8,-12.409999999999997,0.9532557507236743,2,Maior vulnerabilidade / maior risco
1600154,16,AP,Norte,44.22,736.23,70.64,-26.42,0.9532247158942251,2,Maior vulnerabilidade / maior risco
2933455,29,BA,Nordeste,55.37,742.23,62.52,-7.150000000000006,0.9530690632756306,0,Pressão de meta / risco intermediário
2909307,29,BA,Nordeste,26.64,719.11,50.18,-23.54,0.9530257302711931,2,Maior vulnerabilidade / maior risco
2927200,29,BA,Nordeste,27.94,722.46,51.35,-23.41,0.9528855138259673,2,Maior vulnerabilidade / maior risco
2906600,29,BA,Nordeste,41.67,734.49,57.5,-15.829999999999998,0.9528022307481733,2,Maior vulnerabilidade / maior risco
2906105,29,BA,Nordeste,29.55,718.76,50.63,-21.080000000000002,0.9527159543999048,2,Maior vulnerabilidade / maior risco
4203105,42,SC,Sul,27.3,722.46,76.83,-49.53,0.9526728404792127,2,Maior vulnerabilidade / maior risco
2512788,25,PB,Nordeste,55.56,738.64,78.99,-23.429999999999993,0.9523544927071226,0,Pressão de meta / risco intermediário
4320503,43,RS,Sul,47.2,739.94,66.38,-19.179999999999993,0.9522680105695835,2,Maior vulnerabilidade / maior risco
2927309,29,BA,Nordeste,45.77,734.56,58.26,-12.489999999999995,0.9521938766462654,2,Maior vulnerabilidade / maior risco
4312385,43,RS,Sul,76.9,767.06,80.0,-3.0999999999999943,0.9521614431906831,0,Pressão de meta / risco intermediário
4302204,43,RS,Sul,74.0,769.25,80.0,-6.0,0.9521284427370276,0,Pressão de meta / risco intermediário
2923506,29,BA,Nordeste,40.45,728.49,55.38,-14.93,0.9516084825992874,2,Maior vulnerabilidade / maior risco
2933059,29,BA,Nordeste,20.73,712.74,46.92,-26.19,0.9514450706704298,2,Maior vulnerabilidade / maior risco
1300706,13,AM,Norte,44.78,731.02,65.9,-21.120000000000005,0.9513990579387563,2,Maior vulnerabilidade / maior risco
2905909,29,BA,Nordeste,28.04,719.03,50.15,-22.11,0.951326517977105,2,Maior vulnerabilidade / maior risco
4311734,43,RS,Sul,55.2,749.93,70.62,-15.420000000000002,0.9512541503675015,0,Pressão de meta / risco intermediário
4304606,43,RS,Sul,41.4,728.93,61.93,-20.53,0.9510734961425912,2,Maior vulnerabilidade / maior risco
4305975,43,RS,Sul,52.3,745.71,68.76,-16.460000000000008,0.9507058733311209,0,Pressão de meta / risco intermediário
4311700,43,RS,Sul,64.3,747.26,71.64,-7.340000000000003,0.9505301000875896,0,Pressão de meta / risco intermediário
4318101,43,RS,Sul,45.6,738.36,65.31,-19.71,0.9505133693808655,2,Maior vulnerabilidade / maior risco
2922003,29,BA,Nordeste,47.96,737.28,59.15,-11.189999999999998,0.9503631269091517,2,Maior vulnerabilidade / maior risco
2411106,24,RN,Nordeste,35.0,727.19,65.33,-30.33,0.9501532722985703,2,Maior vulnerabilidade / maior risco
2905602,29,BA,Nordeste,24.61,714.84,48.06,-23.450000000000003,0.9500176294629676,2,Maior vulnerabilidade / maior risco
4321709,43,RS,Sul,42.2,734.63,63.49,-21.29,0.9500044751505352,2,Maior vulnerabilidade / maior risco
2703007,27,AL,Nordeste,54.43,745.88,80.0,-25.57,0.9499739521439764,0,Pressão de meta / risco intermediário
2901403,29,BA,Nordeste,28.44,723.38,51.2,-22.76,0.9499409883415993,2,Maior vulnerabilidade / maior risco
2901007,29,BA,Nordeste,51.0,740.23,60.51,-9.509999999999998,0.9498626669863306,2,Maior vulnerabilidade / maior risco
2931608,29,BA,Nordeste,44.76,735.59,57.92,-13.160000000000004,0.9497611380144413,2,Maior vulnerabilidade / maior risco
2107308,21,MA,Nordeste,51.24,737.65,78.19,-26.949999999999996,0.9496965103039083,0,Pressão de meta / risco intermediário
4310405,43,RS,Sul,57.7,749.9,70.86,-13.159999999999997,0.9496668198080103,0,Pressão de meta / risco intermediário
2921708,29,BA,Nordeste,28.31,718.56,49.79,-21.48,0.9496380096927198,2,Maior vulnerabilidade / maior risco
2901700,29,BA,Nordeste,25.76,713.97,47.97,-22.209999999999997,0.949494939296423,2,Maior vulnerabilidade / maior risco
2514453,25,PB,Nordeste,27.36,713.65,65.74,-38.379999999999995,0.949362730264238,2,Maior vulnerabilidade / maior risco
4311502,43,RS,Sul,45.7,738.24,65.1,-19.39999999999999,0.9493343995059539,2,Maior vulnerabilidade / maior risco
4314498,43,RS,Sul,76.9,768.98,80.0,-3.0999999999999943,0.9490342751970825,0,Pressão de meta / risco intermediário
4315313,43,RS,Sul,40.0,730.68,61.78,-21.78,0.9490232720589707,2,Maior vulnerabilidade / maior risco
2902807,29,BA,Nordeste,47.17,734.95,58.1,-10.93,0.9489076059404102,2,Maior vulnerabilidade / maior risco
2902500,29,BA,Nordeste,35.92,723.4,52.55,-16.629999999999995,0.9487202723300553,2,Maior vulnerabilidade / maior risco
3529708,35,SP,Sudeste,29.09,717.43,69.35,-40.25999999999999,0.9486155823930603,2,Maior vulnerabilidade / maior risco
2411601,24,RN,Nordeste,32.17,729.27,65.01,-32.84,0.948279130202345,2,Maior vulnerabilidade / maior risco
2107803,21,MA,Nordeste,54.65,742.67,80.0,-25.35,0.9479731244415427,0,Pressão de meta / risco intermediário
2925105,29,BA,Nordeste,42.93,729.62,55.58,-12.649999999999999,0.9478647058574082,2,Maior vulnerabilidade / maior risco
2211506,22,PI,Nordeste,48.57,743.99,80.0,-31.43,0.9477783350135119,0,Pressão de meta / risco intermediário
2925303,29,BA,Nordeste,45.5,734.84,57.5,-12.0,0.9475257167506556,2,Maior vulnerabilidade / maior risco
2908903,29,BA,Nordeste,21.3,709.87,45.58,-24.279999999999998,0.947444622353577,2,Maior vulnerabilidade / maior risco
2930766,29,BA,Nordeste,42.47,730.34,55.61,-13.14,0.9474043302451822,2,Maior vulnerabilidade / maior risco
2909703,29,BA,Nordeste,43.75,730.66,55.94,-12.189999999999998,0.9472594375179004,2,Maior vulnerabilidade / maior risco
4302808,43,RS,Sul,43.8,733.34,63.01,-19.21,0.9472265647812732,2,Maior vulnerabilidade / maior risco
4312658,43,RS,Sul,58.2,749.86,70.55,-12.349999999999994,0.947197850219008,0,Pressão de meta / risco intermediário
4301701,43,RS,Sul,76.6,770.38,80.0,-3.4000000000000057,0.9470250248576659,0,Pressão de meta / risco intermediário
4321436,43,RS,Sul,60.3,750.27,71.07,-10.769999999999996,0.9470244816630494,0,Pressão de meta / risco intermediário
2928059,29,BA,Nordeste,28.42,712.25,47.63,-19.21,0.946941117190732,2,Maior vulnerabilidade / maior risco
2207553,22,PI,Nordeste,49.8,743.56,80.0,-30.200000000000003,0.9469304950438603,0,Pressão de meta / risco intermediário
4305447,43,RS,Sul,69.0,754.03,73.83,-4.829999999999998,0.9465285371941972,0,Pressão de meta / risco intermediário
2906709,29,BA,Nordeste,30.86,723.73,51.24,-20.380000000000003,0.9465094675235307,2,Maior vulnerabilidade / maior risco
2914703,29,BA,Nordeste,41.07,727.22,54.29,-13.219999999999999,0.9463439094312415,2,Maior vulnerabilidade / maior risco
4315602,43,RS,Sul,43.2,732.85,62.61,-19.409999999999997,0.946338360899913,2,Maior vulnerabilidade / maior risco
2904506,29,BA,Nordeste,60.98,749.71,64.62,-3.6400000000000077,0.9463162709978822,0,Pressão de meta / risco intermediário
2921005,29,BA,Nordeste,56.92,745.08,62.5,-5.579999999999998,0.9463130033739032,0,Pressão de meta / risco intermediário
4317301,43,RS,Sul,45.4,735.79,63.84,-18.440000000000005,0.9460977357406684,2,Maior vulnerabilidade / maior risco
4311007,43,RS,Sul,33.6,725.51,58.54,-24.939999999999998,0.9459817715763253,2,Maior vulnerabilidade / maior risco
2924801,29,BA,Nordeste,40.58,730.17,54.9,-14.32,0.9456759692291744,2,Maior vulnerabilidade / maior risco
4312500,43,RS,Sul,40.8,728.31,60.72,-19.92,0.9454478976844483,2,Maior vulnerabilidade / maior risco
2100709,21,MA,Nordeste,41.33,736.08,75.01,-33.68000000000001,0.9453508720489987,2,Maior vulnerabilidade / maior risco
2925907,29,BA,Nordeste,34.85,722.41,51.51,-16.659999999999997,0.9452884856342807,2,Maior vulnerabilidade / maior risco
2913903,29,BA,Nordeste,25.15,716.15,47.77,-22.620000000000005,0.9452646697452799,2,Maior vulnerabilidade / maior risco
4312252,43,RS,Sul,69.6,759.81,75.32,-5.719999999999999,0.9450359651760524,0,Pressão de meta / risco intermediário
2903003,29,BA,Nordeste,32.43,726.55,52.1,-19.67,0.9449362655354122,2,Maior vulnerabilidade / maior risco
2901205,29,BA,Nordeste,32.17,719.38,50.04,-17.869999999999997,0.9447787928640258,2,Maior vulnerabilidade / maior risco
1303106,13,AM,Norte,32.8,725.2,60.73,-27.93,0.9447092893450583,2,Maior vulnerabilidade / maior risco
1507755,15,PA,Norte,71.84,757.56,79.91,-8.069999999999993,0.9447092437728932,0,Pressão de meta / risco intermediário
2924207,29,BA,Nordeste,20.45,706.72,44.06,-23.610000000000003,0.9444064472269906,2,Maior vulnerabilidade / maior risco
1720853,17,TO,Norte,58.97,751.61,78.3,-19.33,0.944168725516804,0,Pressão de meta / risco intermediário
4218954,42,SC,Sul,36.34,732.19,80.0,-43.66,0.9441627036683634,2,Maior vulnerabilidade / maior risco
2910404,29,BA,Nordeste,37.25,730.38,54.03,-16.78,0.9441111637593117,2,Maior vulnerabilidade / maior risco
2902906,29,BA,Nordeste,30.6,719.75,49.7,-19.1,0.9440034555185972,2,Maior vulnerabilidade / maior risco
4300851,43,RS,Sul,55.0,733.5,64.87,-9.870000000000005,0.9439994610818054,2,Maior vulnerabilidade / maior risco
4315503,43,RS,Sul,33.0,720.17,56.63,-23.630000000000003,0.9439610441785511,2,Maior vulnerabilidade / maior risco
1508050,15,PA,Norte,62.19,742.75,73.69,-11.5,0.9438485386189205,0,Pressão de meta / risco intermediário
2916856,29,BA,Nordeste,54.22,742.59,60.87,-6.649999999999999,0.9438158156116068,2,Maior vulnerabilidade / maior risco
2927903,29,BA,Nordeste,47.31,737.22,57.93,-10.619999999999997,0.9436383974681164,2,Maior vulnerabilidade / maior risco
4306106,43,RS,Sul,50.9,736.52,64.79,-13.890000000000008,0.9435526910280416,2,Maior vulnerabilidade / maior risco
4317756,43,RS,Sul,77.2,764.63,77.99,-0.789999999999992,0.9434904756499687,0,Pressão de meta / risco intermediário
2900355,29,BA,Nordeste,42.45,734.47,56.06,-13.61,0.9429346980501514,2,Maior vulnerabilidade / maior risco
2922755,29,BA,Nordeste,48.98,744.09,60.01,-11.030000000000001,0.9425300818137728,2,Maior vulnerabilidade / maior risco
2933505,29,BA,Nordeste,31.17,726.45,51.45,-20.28,0.9425254230393478,2,Maior vulnerabilidade / maior risco
4305116,43,RS,Sul,75.0,759.2,75.89,-0.8900000000000006,0.9425195030512319,0,Pressão de meta / risco intermediário
5100359,51,MT,Centro-Oeste,48.84,733.08,80.0,-31.159999999999997,0.9424237940959669,2,Maior vulnerabilidade / maior risco
2923605,29,BA,Nordeste,48.94,735.65,57.62,-8.68,0.942199624703238,2,Maior vulnerabilidade / maior risco
2918803,29,BA,Nordeste,45.45,737.54,57.42,-11.969999999999999,0.9421939058455702,2,Maior vulnerabilidade / maior risco
4308854,43,RS,Sul,85.7,766.24,80.0,5.700000000000003,0.9421872181235439,0,Pressão de meta / risco intermediário
2929354,29,BA,Nordeste,27.27,709.44,45.87,-18.599999999999998,0.9420399273588792,2,Maior vulnerabilidade / maior risco
2905404,29,BA,Nordeste,32.87,721.66,50.33,-17.46,0.941515658361694,2,Maior vulnerabilidade / maior risco
1502608,15,PA,Norte,37.22,723.24,62.76,-25.54,0.9413142108569189,2,Maior vulnerabilidade / maior risco
4310504,43,RS,Sul,59.4,754.98,71.27,-11.869999999999997,0.9409521114305492,0,Pressão de meta / risco intermediário
4310579,43,RS,Sul,76.5,773.8,80.0,-3.5,0.9408913194136885,0,Pressão de meta / risco intermediário
2927705,29,BA,Nordeste,37.36,728.37,52.99,-15.630000000000003,0.9406569377223648,2,Maior vulnerabilidade / maior risco
2511905,25,PB,Nordeste,51.59,741.72,77.17,-25.58,0.9406384760260713,0,Pressão de meta / risco intermediário
2922250,29,BA,Nordeste,22.03,713.17,45.61,-23.58,0.9406006207328192,2,Maior vulnerabilidade / maior risco
2930709,29,BA,Nordeste,42.14,730.63,54.58,-12.439999999999998,0.9404943543302451,2,Maior vulnerabilidade / maior risco
2910057,29,BA,Nordeste,32.25,718.75,49.24,-16.990000000000002,0.9404189772562862,2,Maior vulnerabilidade / maior risco
2908101,29,BA,Nordeste,51.69,738.9,58.82,-7.130000000000003,0.940346826123426,2,Maior vulnerabilidade / maior risco
2904050,29,BA,Nordeste,34.0,730.36,52.79,-18.79,0.9402679124340435,2,Maior vulnerabilidade / maior risco
2902658,29,BA,Nordeste,36.73,730.0,53.25,-16.520000000000003,0.9402327883516948,2,Maior vulnerabilidade / maior risco
2402709,24,RN,Nordeste,40.95,733.59,66.78,-25.83,0.9400938777416382,2,Maior vulnerabilidade / maior risco
1303007,13,AM,Norte,57.1,741.67,69.59,-12.490000000000002,0.9398107475725689,0,Pressão de meta / risco intermediário
2927408,29,BA,Nordeste,36.75,725.82,52.03,-15.280000000000001,0.9397473801379672,2,Maior vulnerabilidade / maior risco
4311791,43,RS,Sul,59.8,756.93,71.68,-11.88000000000001,0.9394579411414608,0,Pressão de meta / risco intermediário
4303673,43,RS,Sul,80.8,771.32,80.0,0.7999999999999972,0.9394545783685213,0,Pressão de meta / risco intermediário
4320800,43,RS,Sul,61.9,751.6,70.64,-8.740000000000002,0.9394525866629567,0,Pressão de meta / risco intermediário
2915304,29,BA,Nordeste,25.0,717.01,47.11,-22.11,0.9393566345176901,2,Maior vulnerabilidade / maior risco
4311304,43,RS,Sul,54.6,744.7,67.18,-12.580000000000005,0.9391448548737212,0,Pressão de meta / risco intermediário
2912707,29,BA,Nordeste,22.06,714.76,45.82,-23.76,0.9389258635596496,2,Maior vulnerabilidade / maior risco
3553104,35,SP,Sudeste,38.71,722.77,71.26,-32.550000000000004,0.938223586062764,2,Maior vulnerabilidade / maior risco
2901353,29,BA,Nordeste,28.44,715.46,47.23,-18.789999999999996,0.938182159734913,2,Maior vulnerabilidade / maior risco
4300208,43,RS,Sul,81.9,771.2,80.0,1.9000000000000057,0.9380528204654631,0,Pressão de meta / risco intermediário
2930600,29,BA,Nordeste,25.69,717.3,47.13,-21.44,0.9378901684472095,2,Maior vulnerabilidade / maior risco
2904407,29,BA,Nordeste,40.43,729.19,53.46,-13.030000000000001,0.9378542471778705,2,Maior vulnerabilidade / maior risco
2921906,29,BA,Nordeste,38.82,731.92,53.87,-15.049999999999997,0.9377678932585969,2,Maior vulnerabilidade / maior risco
2410504,24,RN,Nordeste,41.81,722.58,63.57,-21.759999999999998,0.9376151842021037,2,Maior vulnerabilidade / maior risco
3525854,35,SP,Sudeste,50.81,736.53,77.47,-26.659999999999997,0.937521747685524,0,Pressão de meta / risco intermediário
1502004,15,PA,Norte,33.12,722.73,61.22,-28.1,0.9373741264539023,2,Maior vulnerabilidade / maior risco
2928109,29,BA,Nordeste,26.29,715.86,46.72,-20.43,0.9368886637572759,2,Maior vulnerabilidade / maior risco
2900207,29,BA,Nordeste,18.24,709.61,43.32,-25.080000000000002,0.9368321188686497,2,Maior vulnerabilidade / maior risco
2901809,29,BA,Nordeste,25.32,717.34,46.92,-21.6,0.9368250215337363,2,Maior vulnerabilidade / maior risco
2913606,29,BA,Nordeste,26.35,715.61,46.65,-20.299999999999997,0.9367899466332967,2,Maior vulnerabilidade / maior risco
1506559,15,PA,Norte,39.77,729.0,64.14,-24.369999999999997,0.9359715672378205,2,Maior vulnerabilidade / maior risco
2909406,29,BA,Nordeste,41.9,728.24,53.23,-11.329999999999998,0.9358397733489353,2,Maior vulnerabilidade / maior risco
4321402,43,RS,Sul,65.0,754.53,71.54,-6.540000000000006,0.9353976547821281,0,Pressão de meta / risco intermediário
1304237,13,AM,Norte,30.02,718.44,56.94,-26.919999999999998,0.9351913539509613,2,Maior vulnerabilidade / maior risco
4316972,43,RS,Sul,25.7,722.34,54.43,-28.73,0.9347526493627729,2,Maior vulnerabilidade / maior risco
4313359,43,RS,Sul,83.3,771.8,80.0,3.299999999999997,0.9346478009883389,0,Pressão de meta / risco intermediário
4313037,43,RS,Sul,80.7,773.84,80.0,0.7000000000000028,0.9344456273934884,0,Pressão de meta / risco intermediário
2903805,29,BA,Nordeste,32.14,715.8,47.58,-15.439999999999998,0.9343716179182504,2,Maior vulnerabilidade / maior risco
2110237,21,MA,Nordeste,54.17,750.14,80.0,-25.83,0.9343714225081456,0,Pressão de meta / risco intermediário
1301654,13,AM,Norte,54.66,739.46,67.73,-13.070000000000007,0.9343033334271542,0,Pressão de meta / risco intermediário
2925501,29,BA,Nordeste,28.97,722.49,48.75,-19.78,0.9341869098568406,2,Maior vulnerabilidade / maior risco
2903706,29,BA,Nordeste,46.51,734.62,55.73,-9.219999999999999,0.9341850623624863,2,Maior vulnerabilidade / maior risco
4310009,43,RS,Sul,55.7,743.73,66.47,-10.769999999999996,0.9341636561141261,0,Pressão de meta / risco intermediário
1507904,15,PA,Norte,52.41,735.62,68.33,-15.920000000000002,0.9340362254140238,2,Maior vulnerabilidade / maior risco
2933208,29,BA,Nordeste,38.27,727.47,52.02,-13.75,0.9339568976142086,2,Maior vulnerabilidade / maior risco
2901304,29,BA,Nordeste,47.79,735.52,56.14,-8.350000000000001,0.9333820936349209,2,Maior vulnerabilidade / maior risco
2929602,29,BA,Nordeste,64.52,752.92,64.4,0.11999999999999034,0.9333067832580003,0,Pressão de meta / risco intermediário
4323101,43,RS,Sul,70.1,763.32,74.66,-4.560000000000002,0.9325772104795945,0,Pressão de meta / risco intermediário
4302220,43,RS,Sul,66.7,763.87,74.08,-7.3799999999999955,0.9323479990129913,0,Pressão de meta / risco intermediário
4302709,43,RS,Sul,44.8,731.62,60.63,-15.830000000000005,0.9323003845408878,2,Maior vulnerabilidade / maior risco
4315206,43,RS,Sul,82.8,773.29,80.0,2.799999999999997,0.9322426715927459,0,Pressão de meta / risco intermediário
2926301,29,BA,Nordeste,38.37,726.32,51.47,-13.100000000000001,0.9319732204018201,2,Maior vulnerabilidade / maior risco
1506005,15,PA,Norte,43.28,730.4,64.73,-21.450000000000003,0.9319252419355275,2,Maior vulnerabilidade / maior risco
2105427,21,MA,Nordeste,60.13,746.62,79.94,-19.809999999999995,0.9318711265968254,0,Pressão de meta / risco intermediário
4300604,43,RS,Sul,37.0,726.06,57.39,-20.39,0.9315835195907521,2,Maior vulnerabilidade / maior risco
4308300,43,RS,Sul,60.0,746.75,67.86,-7.859999999999999,0.931538163366418,0,Pressão de meta / risco intermediário
2923035,29,BA,Nordeste,73.17,756.3,66.89,6.280000000000001,0.9314632024127487,0,Pressão de meta / risco intermediário
2904001,29,BA,Nordeste,48.96,736.19,56.32,-7.359999999999999,0.9314273723987115,2,Maior vulnerabilidade / maior risco
2922656,29,BA,Nordeste,26.14,715.35,45.83,-19.689999999999998,0.9313465040572924,2,Maior vulnerabilidade / maior risco
2206720,22,PI,Nordeste,52.15,743.74,78.34,-26.190000000000005,0.9312515150600246,0,Pressão de meta / risco intermediário
2914653,29,BA,Nordeste,24.92,715.93,45.71,-20.79,0.9311209043447605,2,Maior vulnerabilidade / maior risco
4316303,43,RS,Sul,76.0,768.08,77.0,-1.0,0.9310148921242213,0,Pressão de meta / risco intermediário
2506707,25,PB,Nordeste,39.64,733.89,71.23,-31.590000000000003,0.9308112314066166,2,Maior vulnerabilidade / maior risco
3512902,35,SP,Sudeste,56.46,744.63,80.0,-23.54,0.9307516481759549,0,Pressão de meta / risco intermediário
2926707,29,BA,Nordeste,55.74,745.05,60.08,-4.339999999999996,0.9306918403266009,0,Pressão de meta / risco intermediário
5105234,51,MT,Centro-Oeste,51.5,736.91,80.0,-28.5,0.9304384735019315,0,Pressão de meta / risco intermediário
4309506,43,RS,Sul,67.5,761.68,73.38,-5.8799999999999955,0.9302607156422205,0,Pressão de meta / risco intermediário
2929206,29,BA,Nordeste,25.66,712.51,44.81,-19.150000000000002,0.9302501966812254,2,Maior vulnerabilidade / maior risco
2906808,29,BA,Nordeste,23.19,713.35,44.53,-21.34,0.9302381700463758,2,Maior vulnerabilidade / maior risco
2918555,29,BA,Nordeste,31.58,725.17,49.51,-17.93,0.9300545461192955,2,Maior vulnerabilidade / maior risco
4305504,43,RS,Sul,85.7,772.12,80.0,5.700000000000003,0.9300200677179091,0,Pressão de meta / risco intermediário
2919504,29,BA,Nordeste,38.06,727.47,51.48,-13.419999999999995,0.9300075103062244,2,Maior vulnerabilidade / maior risco
2903201,29,BA,Nordeste,36.09,727.8,51.14,-15.049999999999997,0.9298122182878282,2,Maior vulnerabilidade / maior risco
2413003,24,RN,Nordeste,47.83,739.41,68.46,-20.629999999999995,0.9297975989926468,2,Maior vulnerabilidade / maior risco
2917003,29,BA,Nordeste,21.05,709.28,42.9,-21.849999999999998,0.9297287666711139,2,Maior vulnerabilidade / maior risco
2414803,24,RN,Nordeste,43.56,732.58,65.66,-22.099999999999994,0.9295605188722963,2,Maior vulnerabilidade / maior risco
4307450,43,RS,Sul,80.1,776.57,80.0,0.09999999999999432,0.9294276591314199,0,Pressão de meta / risco intermediário
2507408,25,PB,Nordeste,23.83,713.51,62.12,-38.29,0.9291213331028295,2,Maior vulnerabilidade / maior risco
2201804,22,PI,Nordeste,55.0,748.58,80.0,-25.0,0.9290722483974045,0,Pressão de meta / risco intermediário
2920403,29,BA,Nordeste,41.67,728.25,52.32,-10.649999999999999,0.9290034812549398,2,Maior vulnerabilidade / maior risco
2908200,29,BA,Nordeste,27.46,716.71,46.19,-18.729999999999997,0.9289915789592292,2,Maior vulnerabilidade / maior risco
1300102,13,AM,Norte,77.45,759.04,77.19,0.2600000000000051,0.9289882259393789,0,Pressão de meta / risco intermediário
2500601,25,PB,Nordeste,30.75,717.93,64.73,-33.980000000000004,0.9287666460167489,2,Maior vulnerabilidade / maior risco
2926657,29,BA,Nordeste,52.63,740.28,57.87,-5.239999999999995,0.9286551015875755,2,Maior vulnerabilidade / maior risco
3516002,35,SP,Sudeste,54.56,747.03,80.0,-25.439999999999998,0.9285305791762313,0,Pressão de meta / risco intermediário
1300144,13,AM,Norte,49.25,734.24,64.37,-15.120000000000005,0.9278803120697772,2,Maior vulnerabilidade / maior risco
3556909,35,SP,Sudeste,52.86,748.6,80.0,-27.14,0.927840414612843,0,Pressão de meta / risco intermediário
2408805,24,RN,Nordeste,28.27,716.03,57.7,-29.430000000000003,0.9277050982557616,2,Maior vulnerabilidade / maior risco
2903409,29,BA,Nordeste,33.93,724.3,49.47,-15.54,0.9276882537380702,2,Maior vulnerabilidade / maior risco
2512804,25,PB,Nordeste,44.22,736.89,72.59,-28.370000000000005,0.9273691628910997,2,Maior vulnerabilidade / maior risco
2404853,24,RN,Nordeste,40.01,731.93,64.47,-24.46,0.9272564982050244,2,Maior vulnerabilidade / maior risco
4308433,43,RS,Sul,55.2,749.29,67.03,-11.829999999999998,0.9270908315290384,0,Pressão de meta / risco intermediário
2921401,29,BA,Nordeste,29.41,722.08,47.84,-18.430000000000003,0.9269979302341285,2,Maior vulnerabilidade / maior risco
2932408,29,BA,Nordeste,27.71,721.59,47.33,-19.619999999999997,0.9268022217381937,2,Maior vulnerabilidade / maior risco
4302659,43,RS,Sul,57.5,757.31,69.68,-12.180000000000007,0.9267275629363658,0,Pressão de meta / risco intermediário
2904803,29,BA,Nordeste,50.0,746.28,58.71,-8.71,0.926335501158364,2,Maior vulnerabilidade / maior risco
2517407,25,PB,Nordeste,64.73,748.99,80.0,-15.269999999999996,0.9258666911824841,0,Pressão de meta / risco intermediário
3518859,35,SP,Sudeste,33.82,725.8,69.51,-35.690000000000005,0.9257126556665505,2,Maior vulnerabilidade / maior risco
2921054,29,BA,Nordeste,42.52,734.84,53.91,-11.389999999999993,0.9255550099363365,2,Maior vulnerabilidade / maior risco
4313656,43,RS,Sul,45.2,739.81,62.15,-16.949999999999996,0.9254499588886693,2,Maior vulnerabilidade / maior risco
2407708,24,RN,Nordeste,44.2,733.83,65.63,-21.429999999999993,0.9252710227833744,2,Maior vulnerabilidade / maior risco
2909901,29,BA,Nordeste,22.94,715.79,44.5,-21.56,0.9247303097855832,2,Maior vulnerabilidade / maior risco
2511707,25,PB,Nordeste,56.06,756.04,80.0,-23.939999999999998,0.9245098348658347,0,Pressão de meta / risco intermediário
4309951,43,RS,Sul,70.6,758.09,72.34,-1.740000000000009,0.924442088395951,0,Pressão de meta / risco intermediário
2104073,21,MA,Nordeste,65.38,746.14,80.0,-14.620000000000005,0.9244036043100673,0,Pressão de meta / risco intermediário
1101476,11,RO,Norte,57.63,742.13,80.0,-22.369999999999997,0.9243563980193208,0,Pressão de meta / risco intermediário
2907608,29,BA,Nordeste,25.64,717.59,45.5,-19.86,0.9242404541316775,2,Maior vulnerabilidade / maior risco
4304804,43,RS,Sul,64.9,759.04,71.4,-6.5,0.9242315031141429,0,Pressão de meta / risco intermediário
1718402,17,TO,Norte,57.83,741.94,72.77,-14.939999999999998,0.9240751135520625,0,Pressão de meta / risco intermediário
4302253,43,RS,Sul,75.0,766.2,75.37,-0.37000000000000455,0.9233671053875365,0,Pressão de meta / risco intermediário
2923209,29,BA,Nordeste,39.29,728.62,51.24,-11.950000000000003,0.9230743571785809,2,Maior vulnerabilidade / maior risco
2914802,29,BA,Nordeste,29.75,717.25,46.12,-16.369999999999997,0.9230379165439182,2,Maior vulnerabilidade / maior risco
2900900,29,BA,Nordeste,23.91,720.41,45.78,-21.87,0.9229844010911211,2,Maior vulnerabilidade / maior risco
2912509,29,BA,Nordeste,46.81,739.19,55.69,-8.879999999999995,0.9228328838142364,2,Maior vulnerabilidade / maior risco
2412005,24,RN,Nordeste,32.48,728.28,61.37,-28.89,0.9226055669880501,2,Maior vulnerabilidade / maior risco
2918407,29,BA,Nordeste,29.31,716.5,45.77,-16.460000000000004,0.9225759269682838,2,Maior vulnerabilidade / maior risco
4311601,43,RS,Sul,73.9,767.3,75.34,-1.4399999999999977,0.9224147507156373,0,Pressão de meta / risco intermediário
3542909,35,SP,Sudeste,53.4,748.58,79.46,-26.059999999999995,0.9222195540265271,0,Pressão de meta / risco intermediário
2917359,29,BA,Nordeste,43.16,733.69,53.32,-10.160000000000004,0.9219815891563613,2,Maior vulnerabilidade / maior risco
2513968,25,PB,Nordeste,54.55,758.22,80.0,-25.450000000000003,0.9219264382511705,0,Pressão de meta / risco intermediário
2929008,29,BA,Nordeste,31.33,717.97,46.51,-15.18,0.9218189059637163,2,Maior vulnerabilidade / maior risco
2909802,29,BA,Nordeste,33.56,723.75,48.56,-15.0,0.9217374489845567,2,Maior vulnerabilidade / maior risco
1719004,17,TO,Norte,24.65,715.95,58.46,-33.81,0.9217164849040796,2,Maior vulnerabilidade / maior risco
1507979,15,PA,Norte,65.58,750.19,73.61,-8.030000000000001,0.9217082168640539,0,Pressão de meta / risco intermediário
2921500,29,BA,Nordeste,27.49,717.48,45.54,-18.05,0.9214517265565243,2,Maior vulnerabilidade / maior risco
1302900,13,AM,Norte,45.97,730.6,61.93,-15.96,0.9212726792420642,2,Maior vulnerabilidade / maior risco
2907558,29,BA,Nordeste,50.85,743.88,57.64,-6.789999999999999,0.9211911515776016,2,Maior vulnerabilidade / maior risco
2100303,21,MA,Nordeste,45.37,732.58,71.73,-26.360000000000007,0.9209691653369867,2,Maior vulnerabilidade / maior risco
2915502,29,BA,Nordeste,34.09,723.03,48.35,-14.259999999999998,0.9206391550815876,2,Maior vulnerabilidade / maior risco
4323606,43,RS,Sul,85.7,776.19,80.0,5.700000000000003,0.9202534771379072,0,Pressão de meta / risco intermediário
2932705,29,BA,Nordeste,26.42,716.11,44.8,-18.379999999999995,0.9201705454230719,2,Maior vulnerabilidade / maior risco
2920601,29,BA,Nordeste,54.49,742.93,58.0,-3.509999999999998,0.91999818618412,2,Maior vulnerabilidade / maior risco
2928802,29,BA,Nordeste,31.86,720.04,46.98,-15.119999999999997,0.9198812941718559,2,Maior vulnerabilidade / maior risco
1300409,13,AM,Norte,38.21,725.85,58.82,-20.61,0.9195048361270891,2,Maior vulnerabilidade / maior risco
2908002,29,BA,Nordeste,39.13,727.8,50.58,-11.449999999999996,0.9194312277835857,2,Maior vulnerabilidade / maior risco
1718899,17,TO,Norte,43.12,739.69,68.59,-25.470000000000006,0.9194026454808828,2,Maior vulnerabilidade / maior risco
1508159,15,PA,Norte,60.84,742.23,70.15,-9.310000000000002,0.9191409928029102,0,Pressão de meta / risco intermediário
2932804,29,BA,Nordeste,33.04,723.04,47.93,-14.89,0.918732982564069,2,Maior vulnerabilidade / maior risco
2914901,29,BA,Nordeste,31.19,720.13,46.71,-15.52,0.9184233553186426,2,Maior vulnerabilidade / maior risco
4321329,43,RS,Sul,81.5,780.16,80.0,1.5,0.9181184175523889,0,Pressão de meta / risco intermediário
1508084,15,PA,Norte,48.54,735.75,65.7,-17.160000000000004,0.9180597535353481,2,Maior vulnerabilidade / maior risco
2903276,29,BA,Nordeste,46.15,736.17,54.19,-8.04,0.917973971862943,2,Maior vulnerabilidade / maior risco
2917508,29,BA,Nordeste,28.49,717.59,45.4,-16.91,0.9179566012714109,2,Maior vulnerabilidade / maior risco
2707800,27,AL,Nordeste,45.95,729.11,69.39,-23.439999999999998,0.9179072063322059,2,Maior vulnerabilidade / maior risco
2109270,21,MA,Nordeste,39.6,725.87,68.35,-28.749999999999993,0.917883849070722,2,Maior vulnerabilidade / maior risco
1720499,17,TO,Norte,46.24,743.79,70.19,-23.949999999999996,0.9177261162162327,2,Maior vulnerabilidade / maior risco
1504752,15,PA,Norte,43.72,730.9,63.3,-19.58,0.9174673854956875,2,Maior vulnerabilidade / maior risco
4111308,41,PR,Sul,40.32,738.22,78.15,-37.830000000000005,0.9170778220374374,2,Maior vulnerabilidade / maior risco
2910701,29,BA,Nordeste,32.37,722.01,47.32,-14.950000000000003,0.9169662534909419,2,Maior vulnerabilidade / maior risco
2924306,29,BA,Nordeste,45.33,737.46,54.27,-8.940000000000005,0.9169565739086869,2,Maior vulnerabilidade / maior risco
1301852,13,AM,Norte,34.35,721.23,56.45,-22.1,0.9167253099685359,2,Maior vulnerabilidade / maior risco
4321105,43,RS,Sul,59.3,745.14,65.57,-6.269999999999996,0.9166133591487529,0,Pressão de meta / risco intermediário
1504422,15,PA,Norte,48.97,732.5,64.73,-15.760000000000005,0.916532228868073,2,Maior vulnerabilidade / maior risco
2918001,29,BA,Nordeste,39.48,730.47,51.06,-11.580000000000005,0.9163048727586323,2,Maior vulnerabilidade / maior risco
1710508,17,TO,Norte,41.1,736.04,66.81,-25.71,0.9160558515914302,2,Maior vulnerabilidade / maior risco
2107902,21,MA,Nordeste,58.43,746.47,77.72,-19.29,0.9157930149825907,0,Pressão de meta / risco intermediário
1708205,17,TO,Norte,45.42,740.93,68.94,-23.519999999999996,0.9149381450815016,2,Maior vulnerabilidade / maior risco
4302907,43,RS,Sul,49.0,734.45,60.3,-11.299999999999997,0.9148223322199802,2,Maior vulnerabilidade / maior risco
2900603,29,BA,Nordeste,26.32,715.95,44.16,-17.839999999999996,0.9147057550213791,2,Maior vulnerabilidade / maior risco
2508208,25,PB,Nordeste,42.8,739.19,71.54,-28.74000000000001,0.9146863038271467,2,Maior vulnerabilidade / maior risco
1100080,11,RO,Norte,59.63,744.47,80.0,-20.369999999999997,0.9145095512853111,0,Pressão de meta / risco intermediário
4315552,43,RS,Sul,85.7,778.43,80.0,5.700000000000003,0.9143608745465138,0,Pressão de meta / risco intermediário
2914604,29,BA,Nordeste,46.83,736.86,54.14,-7.310000000000002,0.914297462235622,2,Maior vulnerabilidade / maior risco
1712405,17,TO,Norte,19.44,708.64,54.57,-35.129999999999995,0.9142391752207004,2,Maior vulnerabilidade / maior risco
2902054,29,BA,Nordeste,38.26,728.89,50.14,-11.880000000000003,0.9140552809124393,2,Maior vulnerabilidade / maior risco
2903904,29,BA,Nordeste,34.55,723.83,47.96,-13.410000000000004,0.9139170510264262,2,Maior vulnerabilidade / maior risco
2910008,29,BA,Nordeste,41.07,730.15,51.02,-9.950000000000003,0.9135672594995541,2,Maior vulnerabilidade / maior risco
2109452,21,MA,Nordeste,48.35,733.69,71.84,-23.490000000000002,0.9132162570359045,2,Maior vulnerabilidade / maior risco
4317103,43,RS,Sul,44.5,736.0,59.6,-15.100000000000001,0.9128660732268994,2,Maior vulnerabilidade / maior risco
2905107,29,BA,Nordeste,36.71,726.92,49.14,-12.43,0.912716135235193,2,Maior vulnerabilidade / maior risco
2906006,29,BA,Nordeste,39.03,729.15,50.23,-11.199999999999996,0.9126540194004098,2,Maior vulnerabilidade / maior risco
2207777,22,PI,Nordeste,63.04,749.17,80.0,-16.96,0.9124098232380284,0,Pressão de meta / risco intermediário
2404309,24,RN,Nordeste,48.2,733.8,65.07,-16.86999999999999,0.9123908960611755,2,Maior vulnerabilidade / maior risco
2919207,29,BA,Nordeste,28.75,716.14,44.48,-15.729999999999997,0.9123765801084339,2,Maior vulnerabilidade / maior risco
2907707,29,BA,Nordeste,36.19,725.19,48.5,-12.310000000000002,0.9121725888759812,2,Maior vulnerabilidade / maior risco
2917607,29,BA,Nordeste,53.7,743.62,57.21,-3.509999999999998,0.912115490642254,2,Maior vulnerabilidade / maior risco
2410256,24,RN,Nordeste,42.47,739.43,65.41,-22.939999999999998,0.9120735839670284,2,Maior vulnerabilidade / maior risco
2512606,25,PB,Nordeste,45.45,742.16,72.62,-27.17,0.9118129978874402,2,Maior vulnerabilidade / maior risco
1500131,15,PA,Norte,54.88,735.8,66.38,-11.499999999999993,0.9117629752873961,2,Maior vulnerabilidade / maior risco
2910750,29,BA,Nordeste,49.57,737.07,54.5,-4.93,0.9116591970910622,2,Maior vulnerabilidade / maior risco
2929255,29,BA,Nordeste,33.54,723.47,47.41,-13.869999999999997,0.9115012743138601,2,Maior vulnerabilidade / maior risco
2106805,21,MA,Nordeste,69.37,748.4,80.0,-10.629999999999995,0.9106660133704062,0,Pressão de meta / risco intermediário
4311908,43,RS,Sul,77.7,768.78,75.3,2.4000000000000057,0.9105723190932911,0,Pressão de meta / risco intermediário
2406304,24,RN,Nordeste,28.89,724.05,58.2,-29.310000000000002,0.9105508160202738,2,Maior vulnerabilidade / maior risco
2930501,29,BA,Nordeste,19.92,709.36,40.59,-20.67,0.9104534464132868,2,Maior vulnerabilidade / maior risco
1100262,11,RO,Norte,62.81,743.58,80.0,-17.189999999999998,0.9103846303383516,0,Pressão de meta / risco intermediário
4301404,43,RS,Sul,63.2,747.64,66.42,-3.219999999999999,0.9101879262483438,0,Pressão de meta / risco intermediário
2515203,25,PB,Nordeste,69.29,751.61,80.0,-10.709999999999994,0.9101639552525772,0,Pressão de meta / risco intermediário
4303509,43,RS,Sul,56.4,749.8,65.58,-9.18,0.9098689569471852,0,Pressão de meta / risco intermediário
1300060,13,AM,Norte,64.58,743.93,68.27,-3.6899999999999977,0.9097035611997596,0,Pressão de meta / risco intermediário
2922854,29,BA,Nordeste,27.03,725.24,46.37,-19.339999999999996,0.9096291346506578,2,Maior vulnerabilidade / maior risco
1505502,15,PA,Norte,56.72,741.52,68.12,-11.400000000000006,0.909498105430763,0,Pressão de meta / risco intermediário
1506583,15,PA,Norte,42.45,730.99,62.25,-19.799999999999997,0.9094128835805947,2,Maior vulnerabilidade / maior risco
2906402,29,BA,Nordeste,30.77,719.62,45.56,-14.790000000000003,0.9093223220197528,2,Maior vulnerabilidade / maior risco
2209302,22,PI,Nordeste,55.68,755.8,80.0,-24.32,0.9092402540385875,0,Pressão de meta / risco intermediário
2916906,29,BA,Nordeste,30.0,726.0,47.15,-17.15,0.9091717704546832,2,Maior vulnerabilidade / maior risco
2911303,29,BA,Nordeste,54.32,741.04,56.33,-2.009999999999998,0.9091026481482872,2,Maior vulnerabilidade / maior risco
2209757,22,PI,Nordeste,60.71,743.27,77.52,-16.809999999999995,0.9086569436371086,0,Pressão de meta / risco intermediário
2514206,25,PB,Nordeste,59.52,759.45,80.0,-20.479999999999997,0.9086425041682626,0,Pressão de meta / risco intermediário
1500800,15,PA,Norte,52.74,736.63,65.86,-13.119999999999997,0.9086143897574688,2,Maior vulnerabilidade / maior risco
2104552,21,MA,Nordeste,67.46,750.59,80.0,-12.540000000000006,0.9084936718301194,0,Pressão de meta / risco intermediário
2916708,29,BA,Nordeste,34.25,727.43,48.34,-14.090000000000003,0.9082961184038743,2,Maior vulnerabilidade / maior risco
2501302,25,PB,Nordeste,44.46,741.29,71.77,-27.309999999999995,0.9076420032837208,2,Maior vulnerabilidade / maior risco
2104677,21,MA,Nordeste,60.92,746.34,77.35,-16.429999999999993,0.9072049202327974,0,Pressão de meta / risco intermediário
2802007,28,SE,Nordeste,19.53,713.61,52.17,-32.64,0.9071874108386023,2,Maior vulnerabilidade / maior risco
2901957,29,BA,Nordeste,43.24,728.54,50.4,-7.159999999999997,0.9071842172895994,2,Maior vulnerabilidade / maior risco
2915007,29,BA,Nordeste,45.45,738.54,53.62,-8.169999999999995,0.9071684723672032,2,Maior vulnerabilidade / maior risco
5103106,51,MT,Centro-Oeste,52.39,741.98,79.08,-26.689999999999998,0.9071227141906805,0,Pressão de meta / risco intermediário
2932903,29,BA,Nordeste,31.89,719.97,45.66,-13.769999999999996,0.9069315430604454,2,Maior vulnerabilidade / maior risco
2919306,29,BA,Nordeste,37.66,730.58,49.76,-12.100000000000001,0.9066530579495284,2,Maior vulnerabilidade / maior risco
1302405,13,AM,Norte,66.7,747.43,69.37,-2.6700000000000017,0.9064996727401131,0,Pressão de meta / risco intermediário
1505064,15,PA,Norte,47.88,732.76,63.57,-15.689999999999998,0.9063471126396584,2,Maior vulnerabilidade / maior risco
1501576,15,PA,Norte,51.82,735.91,65.25,-13.43,0.9062882252763085,2,Maior vulnerabilidade / maior risco
4322004,43,RS,Sul,68.5,761.75,71.02,-2.519999999999996,0.9060348876081591,0,Pressão de meta / risco intermediário
4121356,41,PR,Sul,56.92,731.5,78.61,-21.689999999999998,0.9057994561268135,0,Pressão de meta / risco intermediário
2205201,22,PI,Nordeste,58.67,752.18,79.28,-20.61,0.9056837876677677,0,Pressão de meta / risco intermediário
2928901,29,BA,Nordeste,54.07,741.49,56.06,-1.990000000000002,0.9054855752766351,2,Maior vulnerabilidade / maior risco
2512903,25,PB,Nordeste,60.02,754.71,78.47,-18.449999999999996,0.9052213253812488,0,Pressão de meta / risco intermediário
2916807,29,BA,Nordeste,41.07,734.07,51.29,-10.219999999999999,0.9051562274430113,2,Maior vulnerabilidade / maior risco
4322905,43,RS,Sul,86.9,780.8,80.0,6.900000000000006,0.9050569310113223,0,Pressão de meta / risco intermediário
3528700,35,SP,Sudeste,48.33,739.35,74.09,-25.760000000000005,0.9047167412589416,2,Maior vulnerabilidade / maior risco
1505031,15,PA,Norte,56.8,740.76,67.45,-10.650000000000006,0.9044546588064798,0,Pressão de meta / risco intermediário
2100436,21,MA,Nordeste,51.5,739.64,73.29,-21.790000000000006,0.9044221394364611,0,Pressão de meta / risco intermediário
2921609,29,BA,Nordeste,28.89,725.4,46.27,-17.380000000000003,0.9040231736421009,2,Maior vulnerabilidade / maior risco
2903102,29,BA,Nordeste,39.62,735.64,51.27,-11.650000000000006,0.9034818703986331,2,Maior vulnerabilidade / maior risco
2902609,29,BA,Nordeste,36.78,732.69,49.85,-13.07,0.9032932639980583,2,Maior vulnerabilidade / maior risco
2900702,29,BA,Nordeste,36.64,725.1,47.72,-11.079999999999998,0.9032626983169939,2,Maior vulnerabilidade / maior risco
2508802,25,PB,Nordeste,48.74,740.71,72.08,-23.339999999999996,0.9031861651657966,2,Maior vulnerabilidade / maior risco
2107001,21,MA,Nordeste,55.27,739.9,74.01,-18.740000000000002,0.902986816391323,0,Pressão de meta / risco intermediário
2906303,29,BA,Nordeste,28.68,717.6,43.93,-15.25,0.9024850515217606,2,Maior vulnerabilidade / maior risco
2914406,29,BA,Nordeste,44.24,734.77,51.82,-7.579999999999998,0.9016632451805187,2,Maior vulnerabilidade / maior risco
2910800,29,BA,Nordeste,33.19,723.52,46.42,-13.230000000000004,0.9016072880685028,2,Maior vulnerabilidade / maior risco
2401107,24,RN,Nordeste,39.95,730.1,61.3,-21.349999999999994,0.9013678828498293,2,Maior vulnerabilidade / maior risco
1708304,17,TO,Norte,40.0,725.36,62.2,-22.200000000000003,0.9011850411424898,2,Maior vulnerabilidade / maior risco
2503803,25,PB,Nordeste,32.4,721.16,63.11,-30.71,0.9011187940235215,2,Maior vulnerabilidade / maior risco
2200459,22,PI,Nordeste,41.74,740.24,72.04,-30.300000000000004,0.9008779087881791,2,Maior vulnerabilidade / maior risco
3508207,35,SP,Sudeste,56.29,756.13,80.0,-23.71,0.9005841369608322,0,Pressão de meta / risco intermediário
2105658,21,MA,Nordeste,67.86,752.99,80.0,-12.14,0.9004053016775181,0,Pressão de meta / risco intermediário
2905701,29,BA,Nordeste,36.56,726.1,47.7,-11.14,0.9001495317659436,2,Maior vulnerabilidade / maior risco
2910727,29,BA,Nordeste,38.37,727.84,48.55,-10.18,0.9000898108572839,2,Maior vulnerabilidade / maior risco
2913705,29,BA,Nordeste,30.13,719.02,44.36,-14.23,0.8995484970278248,2,Maior vulnerabilidade / maior risco
2203859,22,PI,Nordeste,54.55,759.92,80.0,-25.450000000000003,0.8994185204951027,0,Pressão de meta / risco intermediário
2505907,25,PB,Nordeste,38.1,742.74,70.1,-31.999999999999993,0.8993782599239232,2,Maior vulnerabilidade / maior risco
2930204,29,BA,Nordeste,24.24,713.82,41.68,-17.44,0.8992699711748802,2,Maior vulnerabilidade / maior risco
2413904,24,RN,Nordeste,17.68,707.01,50.04,-32.36,0.8982936566219286,2,Maior vulnerabilidade / maior risco
2510907,25,PB,Nordeste,40.28,732.93,67.74,-27.459999999999994,0.8982507189247906,2,Maior vulnerabilidade / maior risco
4303608,43,RS,Sul,63.6,751.63,66.5,-2.8999999999999986,0.898180119418707,0,Pressão de meta / risco intermediário
4309258,43,RS,Sul,66.7,759.19,69.21,-2.509999999999991,0.8979390597189539,0,Pressão de meta / risco intermediário
2932200,29,BA,Nordeste,31.13,719.69,44.61,-13.48,0.8979267273709247,2,Maior vulnerabilidade / maior risco
2924603,29,BA,Nordeste,39.19,726.77,48.19,-9.0,0.8974206155153639,2,Maior vulnerabilidade / maior risco
2916609,29,BA,Nordeste,36.62,719.52,45.64,-9.020000000000003,0.8972551753745727,2,Maior vulnerabilidade / maior risco
4314787,43,RS,Sul,57.9,756.33,66.5,-8.600000000000001,0.8967866642776492,0,Pressão de meta / risco intermediário
2915205,29,BA,Nordeste,44.21,731.07,50.34,-6.130000000000003,0.8965303639325006,2,Maior vulnerabilidade / maior risco
2931509,29,BA,Nordeste,29.57,716.01,43.13,-13.560000000000002,0.8963041201471547,2,Maior vulnerabilidade / maior risco
2100402,21,MA,Nordeste,73.02,750.47,80.0,-6.980000000000004,0.8961595478059591,0,Pressão de meta / risco intermediário
1504802,15,PA,Norte,46.69,733.04,62.46,-15.770000000000003,0.8958269137065581,2,Maior vulnerabilidade / maior risco
2403608,24,RN,Nordeste,34.55,725.44,58.39,-23.840000000000003,0.8955869232711531,2,Maior vulnerabilidade / maior risco
2926400,29,BA,Nordeste,52.53,739.37,54.24,-1.7100000000000009,0.8951846563384344,2,Maior vulnerabilidade / maior risco
1502202,15,PA,Norte,59.49,743.14,67.83,-8.339999999999996,0.8950170532338723,0,Pressão de meta / risco intermediário
2930402,29,BA,Nordeste,36.67,722.65,46.32,-9.649999999999999,0.8949697121331112,2,Maior vulnerabilidade / maior risco
2411429,24,RN,Nordeste,40.91,731.68,61.37,-20.46,0.894878783969656,2,Maior vulnerabilidade / maior risco
2110856,21,MA,Nordeste,42.73,731.09,68.26,-25.53000000000001,0.8947607674732861,2,Maior vulnerabilidade / maior risco
4320263,43,RS,Sul,84.9,772.99,76.51,8.39,0.8946925507238715,0,Pressão de meta / risco intermediário
1302603,13,AM,Norte,50.13,734.42,61.28,-11.149999999999999,0.8945151992063188,2,Maior vulnerabilidade / maior risco
2906907,29,BA,Nordeste,49.78,738.47,53.33,-3.549999999999997,0.8940898081948346,2,Maior vulnerabilidade / maior risco
1508035,15,PA,Norte,37.16,727.27,58.72,-21.560000000000002,0.8937680960083488,2,Maior vulnerabilidade / maior risco
2207751,22,PI,Nordeste,64.51,754.37,80.0,-15.489999999999995,0.8932969544750663,0,Pressão de meta / risco intermediário
1301159,13,AM,Norte,27.35,715.37,51.19,-23.839999999999996,0.8931671911129256,2,Maior vulnerabilidade / maior risco
2925709,29,BA,Nordeste,31.78,722.56,45.13,-13.350000000000001,0.8931394557509941,2,Maior vulnerabilidade / maior risco
4314308,43,RS,Sul,62.5,757.53,67.47,-4.969999999999999,0.8930947637381879,0,Pressão de meta / risco intermediário
2919108,29,BA,Nordeste,19.57,705.24,37.8,-18.229999999999997,0.8929343822236757,2,Maior vulnerabilidade / maior risco
1700350,17,TO,Norte,76.09,765.37,80.0,-3.9099999999999966,0.892800810932412,0,Pressão de meta / risco intermediário
2930907,29,BA,Nordeste,43.31,729.98,49.5,-6.189999999999998,0.8923533771002552,2,Maior vulnerabilidade / maior risco
4302006,43,RS,Sul,46.9,744.2,60.49,-13.590000000000003,0.8922631602791421,2,Maior vulnerabilidade / maior risco
1301902,13,AM,Norte,42.66,726.1,57.21,-14.550000000000004,0.8918174715857989,2,Maior vulnerabilidade / maior risco
2902302,29,BA,Nordeste,60.0,749.68,58.32,1.6799999999999997,0.8914190442995191,0,Pressão de meta / risco intermediário
1503606,15,PA,Norte,59.22,742.01,67.16,-7.939999999999998,0.8914049391088016,0,Pressão de meta / risco intermediário
2102507,21,MA,Nordeste,34.1,716.13,62.0,-27.9,0.8906772179098762,2,Maior vulnerabilidade / maior risco
2906501,29,BA,Nordeste,36.67,726.4,46.98,-10.309999999999995,0.8904424173630362,2,Maior vulnerabilidade / maior risco
2931202,29,BA,Nordeste,47.52,735.83,51.79,-4.269999999999996,0.8899459009585611,2,Maior vulnerabilidade / maior risco
1717008,17,TO,Norte,33.88,718.17,57.98,-24.099999999999994,0.8898420242689032,2,Maior vulnerabilidade / maior risco
2933604,29,BA,Nordeste,32.25,725.14,45.64,-13.39,0.8894873834198685,2,Maior vulnerabilidade / maior risco
2925402,29,BA,Nordeste,27.54,719.14,42.98,-15.439999999999998,0.8891493061571976,2,Maior vulnerabilidade / maior risco
1501451,15,PA,Norte,57.61,743.09,66.91,-9.299999999999997,0.8887572407632044,0,Pressão de meta / risco intermediário
4300109,43,RS,Sul,56.9,750.17,63.92,-7.020000000000003,0.888736800306743,0,Pressão de meta / risco intermediário
2106508,21,MA,Nordeste,46.67,733.22,69.13,-22.459999999999994,0.8882870877413961,2,Maior vulnerabilidade / maior risco
2506103,25,PB,Nordeste,41.67,732.15,66.97,-25.299999999999997,0.8881812809784948,2,Maior vulnerabilidade / maior risco
2926608,29,BA,Nordeste,40.72,729.1,48.37,-7.649999999999999,0.8880463012807074,2,Maior vulnerabilidade / maior risco
2900108,29,BA,Nordeste,42.42,728.35,48.51,-6.089999999999996,0.8879940808998229,2,Maior vulnerabilidade / maior risco
2912905,29,BA,Nordeste,37.44,726.94,47.09,-9.650000000000006,0.8879884772698644,2,Maior vulnerabilidade / maior risco
3532157,35,SP,Sudeste,36.18,724.49,66.01,-29.830000000000005,0.8877136643182437,2,Maior vulnerabilidade / maior risco
1718204,17,TO,Norte,44.11,734.37,64.37,-20.260000000000005,0.8873092929507074,2,Maior vulnerabilidade / maior risco
2506806,25,PB,Nordeste,37.97,727.08,64.71,-26.739999999999995,0.8870129531681907,2,Maior vulnerabilidade / maior risco
1505536,15,PA,Norte,49.49,734.55,62.71,-13.219999999999999,0.886755621253827,2,Maior vulnerabilidade / maior risco
2908507,29,BA,Nordeste,37.5,731.68,48.3,-10.799999999999997,0.8865729085621531,2,Maior vulnerabilidade / maior risco
2925600,29,BA,Nordeste,20.0,703.39,36.86,-16.86,0.886565549166083,2,Maior vulnerabilidade / maior risco
4108502,41,PR,Sul,55.52,741.13,79.32,-23.79999999999999,0.8864243695169033,0,Pressão de meta / risco intermediário
2901106,29,BA,Nordeste,47.14,733.59,50.77,-3.6300000000000026,0.8859230958649956,2,Maior vulnerabilidade / maior risco
2107100,21,MA,Nordeste,66.98,758.04,80.0,-13.019999999999996,0.8858840182817098,0,Pressão de meta / risco intermediário
2920007,29,BA,Nordeste,32.56,722.37,44.65,-12.089999999999996,0.8858800393284253,2,Maior vulnerabilidade / maior risco
1302504,13,AM,Norte,37.28,725.94,55.57,-18.29,0.8858252566027732,2,Maior vulnerabilidade / maior risco
2501906,25,PB,Nordeste,34.72,728.69,64.37,-29.650000000000006,0.8855831774447792,2,Maior vulnerabilidade / maior risco
2914000,29,BA,Nordeste,34.46,721.51,44.77,-10.310000000000002,0.88543357401091,2,Maior vulnerabilidade / maior risco
1717909,17,TO,Norte,30.99,722.08,58.11,-27.12,0.8854197789484957,2,Maior vulnerabilidade / maior risco
5003157,50,MS,Centro-Oeste,60.75,746.04,79.28,-18.53,0.8851557475193528,0,Pressão de meta / risco intermediário
2508000,25,PB,Nordeste,47.76,741.32,70.5,-22.740000000000002,0.8848440528806091,2,Maior vulnerabilidade / maior risco
2502151,25,PB,Nordeste,49.49,746.11,72.18,-22.690000000000005,0.8848194147426363,0,Pressão de meta / risco intermediário
2504801,25,PB,Nordeste,48.71,743.13,71.18,-22.470000000000006,0.884628851605905,2,Maior vulnerabilidade / maior risco
2209807,22,PI,Nordeste,64.04,757.36,80.0,-15.959999999999994,0.8842526274863303,0,Pressão de meta / risco intermediário
1505635,15,PA,Norte,57.18,739.17,65.37,-8.190000000000005,0.8841164202146736,0,Pressão de meta / risco intermediário
4116000,41,PR,Sul,51.38,739.83,77.92,-26.54,0.8840717165332453,0,Pressão de meta / risco intermediário
3305307,33,RJ,Sudeste,49.68,736.9,68.95,-19.270000000000003,0.8838881462611046,2,Maior vulnerabilidade / maior risco
2508307,25,PB,Nordeste,46.71,743.63,70.83,-24.119999999999997,0.8836690265741692,2,Maior vulnerabilidade / maior risco
4124004,41,PR,Sul,54.43,740.85,78.78,-24.35,0.8833927754074193,0,Pressão de meta / risco intermediário
1506195,15,PA,Norte,54.76,740.49,65.15,-10.390000000000008,0.883025364374102,0,Pressão de meta / risco intermediário
5103809,51,MT,Centro-Oeste,58.78,748.0,80.0,-21.22,0.8828585000903244,0,Pressão de meta / risco intermediário
2512721,25,PB,Nordeste,23.99,714.41,57.98,-33.989999999999995,0.8827096478745061,2,Maior vulnerabilidade / maior risco
2912608,29,BA,Nordeste,15.62,703.39,35.65,-20.03,0.8826678590891466,2,Maior vulnerabilidade / maior risco
3527009,35,SP,Sudeste,61.13,750.49,77.96,-16.82999999999999,0.8826528568766818,0,Pressão de meta / risco intermediário
2922805,29,BA,Nordeste,34.65,731.15,47.23,-12.579999999999998,0.8822869245881984,2,Maior vulnerabilidade / maior risco
4323457,43,RS,Sul,44.0,744.3,59.11,-15.11,0.8821210300558823,2,Maior vulnerabilidade / maior risco
2933000,29,BA,Nordeste,37.25,727.23,46.64,-9.39,0.8817130870145851,2,Maior vulnerabilidade / maior risco
2203602,22,PI,Nordeste,65.85,756.74,80.0,-14.150000000000006,0.8816212953782339,0,Pressão de meta / risco intermediário
2512408,25,PB,Nordeste,62.11,754.64,76.9,-14.790000000000006,0.8816137352491781,0,Pressão de meta / risco intermediário
1502954,15,PA,Norte,50.59,731.68,61.74,-11.149999999999999,0.881563077328517,2,Maior vulnerabilidade / maior risco
2929750,29,BA,Nordeste,52.63,746.09,54.98,-2.3499999999999943,0.8810029751393004,2,Maior vulnerabilidade / maior risco
3542404,35,SP,Sudeste,61.09,752.59,78.4,-17.310000000000002,0.8809225301522254,0,Pressão de meta / risco intermediário
1501303,15,PA,Norte,39.5,724.39,57.38,-17.880000000000003,0.8808865789809541,2,Maior vulnerabilidade / maior risco
2502300,25,PB,Nordeste,45.24,742.89,70.07,-24.82999999999999,0.8803855116863076,2,Maior vulnerabilidade / maior risco
2207603,22,PI,Nordeste,47.35,740.46,71.58,-24.229999999999997,0.8803848338853609,2,Maior vulnerabilidade / maior risco
2928505,29,BA,Nordeste,27.63,717.59,41.88,-14.250000000000004,0.8803212011131285,2,Maior vulnerabilidade / maior risco
2908408,29,BA,Nordeste,30.94,721.36,43.58,-12.639999999999997,0.8799683163987579,2,Maior vulnerabilidade / maior risco
1506807,15,PA,Norte,51.29,736.55,63.11,-11.82,0.8799676059170726,2,Maior vulnerabilidade / maior risco
2902708,29,BA,Nordeste,28.48,717.74,42.06,-13.580000000000002,0.8798280962656388,2,Maior vulnerabilidade / maior risco
2803005,28,SE,Nordeste,58.61,742.32,65.87,-7.260000000000005,0.8796260983232896,0,Pressão de meta / risco intermediário
2706448,27,AL,Nordeste,35.8,722.74,62.1,-26.300000000000004,0.8790826130358388,2,Maior vulnerabilidade / maior risco
4117404,41,PR,Sul,57.5,744.18,80.0,-22.5,0.8789866409301046,0,Pressão de meta / risco intermediário
1303403,13,AM,Norte,51.36,737.18,61.06,-9.700000000000003,0.8789404471699258,2,Maior vulnerabilidade / maior risco
2906204,29,BA,Nordeste,33.73,721.55,44.12,-10.39,0.8787777398506356,2,Maior vulnerabilidade / maior risco
2102002,21,MA,Nordeste,69.64,758.1,80.0,-10.36,0.878495877316049,0,Pressão de meta / risco intermediário
3525607,35,SP,Sudeste,65.42,755.81,80.0,-14.579999999999998,0.8784585455965506,0,Pressão de meta / risco intermediário
2918605,29,BA,Nordeste,33.33,730.69,46.53,-13.200000000000003,0.8783217842372861,2,Maior vulnerabilidade / maior risco
2911857,29,BA,Nordeste,36.36,726.4,45.96,-9.600000000000001,0.878180044025135,2,Maior vulnerabilidade / maior risco
3160009,31,MG,Sudeste,45.65,728.89,80.0,-34.35,0.8781188720235963,2,Maior vulnerabilidade / maior risco
2924652,29,BA,Nordeste,55.7,749.17,56.24,-0.5399999999999991,0.8779935895460483,0,Pressão de meta / risco intermediário
3518008,35,SP,Sudeste,57.14,762.28,80.0,-22.86,0.8774295867347568,0,Pressão de meta / risco intermediário
1712702,17,TO,Norte,9.09,685.03,42.72,-33.629999999999995,0.8772991824766955,2,Maior vulnerabilidade / maior risco
2407807,24,RN,Nordeste,50.97,745.9,65.96,-14.989999999999995,0.8768794004672524,0,Pressão de meta / risco intermediário
2924405,29,BA,Nordeste,22.51,713.41,39.38,-16.87,0.8764915553288584,2,Maior vulnerabilidade / maior risco
5106257,51,MT,Centro-Oeste,45.12,739.01,74.21,-29.089999999999996,0.8764820881705874,2,Maior vulnerabilidade / maior risco
2413508,24,RN,Nordeste,48.08,740.98,63.97,-15.89,0.8764414869404396,2,Maior vulnerabilidade / maior risco
2200905,22,PI,Nordeste,30.0,730.7,64.97,-34.97,0.8760330971220415,2,Maior vulnerabilidade / maior risco
2503506,25,PB,Nordeste,63.3,765.25,79.64,-16.340000000000003,0.875738835180552,0,Pressão de meta / risco intermediário
1508126,15,PA,Norte,61.52,746.63,67.67,-6.149999999999999,0.8753602853854845,0,Pressão de meta / risco intermediário
1506302,15,PA,Norte,49.47,731.92,61.11,-11.64,0.8753366113327337,2,Maior vulnerabilidade / maior risco
2906857,29,BA,Nordeste,45.45,733.32,49.53,-4.079999999999998,0.8751590810112022,2,Maior vulnerabilidade / maior risco
2210805,22,PI,Nordeste,67.45,757.4,80.0,-12.549999999999997,0.8747314095367513,0,Pressão de meta / risco intermediário
4219101,42,SC,Sul,52.72,745.47,80.0,-27.28,0.8745798469846806,0,Pressão de meta / risco intermediário
2101103,21,MA,Nordeste,71.88,757.5,80.0,-8.120000000000005,0.8744566649001042,0,Pressão de meta / risco intermediário
2405900,24,RN,Nordeste,38.89,723.54,57.1,-18.21,0.8744104939828734,2,Maior vulnerabilidade / maior risco
4205357,42,SC,Sul,58.33,741.36,80.0,-21.67,0.8742516993148987,0,Pressão de meta / risco intermediário
3543501,35,SP,Sudeste,64.17,757.93,80.0,-15.829999999999998,0.8740002412497067,0,Pressão de meta / risco intermediário
2509404,25,PB,Nordeste,60.61,751.99,75.29,-14.680000000000007,0.8739798732141881,0,Pressão de meta / risco intermediário
4307054,43,RS,Sul,64.7,762.35,67.77,-3.069999999999993,0.8739216957557697,0,Pressão de meta / risco intermediário
2919157,29,BA,Nordeste,25.25,716.1,40.48,-15.229999999999997,0.8736070826679738,2,Maior vulnerabilidade / maior risco
2920809,29,BA,Nordeste,18.57,707.63,36.73,-18.159999999999997,0.8732299459768279,2,Maior vulnerabilidade / maior risco
1301803,13,AM,Norte,63.28,749.36,66.47,-3.1899999999999977,0.873191795153908,0,Pressão de meta / risco intermediário
1707652,17,TO,Norte,51.74,745.9,68.06,-16.32,0.8730959904092542,0,Pressão de meta / risco intermediário
2410009,24,RN,Nordeste,63.16,751.06,69.62,-6.460000000000008,0.8729362760919819,0,Pressão de meta / risco intermediário
2905800,29,BA,Nordeste,28.39,716.85,41.28,-12.89,0.8728203975709738,2,Maior vulnerabilidade / maior risco
2928703,29,BA,Nordeste,40.9,730.57,47.64,-6.740000000000002,0.8725456764660071,2,Maior vulnerabilidade / maior risco
1301951,13,AM,Norte,82.23,761.14,73.55,8.680000000000007,0.8718652651732993,0,Pressão de meta / risco intermediário
2702108,27,AL,Nordeste,73.25,761.4,80.0,-6.75,0.8718122856607895,0,Pressão de meta / risco intermediário
1703107,17,TO,Norte,49.74,740.83,66.14,-16.4,0.8716310838068014,2,Maior vulnerabilidade / maior risco
2912202,29,BA,Nordeste,32.53,720.21,42.96,-10.43,0.8713513731772853,2,Maior vulnerabilidade / maior risco
2907905,29,BA,Nordeste,31.09,721.51,42.99,-11.900000000000002,0.8709058120688926,2,Maior vulnerabilidade / maior risco
2502706,25,PB,Nordeste,67.57,764.63,80.0,-12.430000000000007,0.8708578960716294,0,Pressão de meta / risco intermediário
2404606,24,RN,Nordeste,30.13,718.44,53.6,-23.470000000000002,0.8705187034984738,2,Maior vulnerabilidade / maior risco
2405009,24,RN,Nordeste,39.09,726.57,57.7,-18.61,0.8705147578680837,2,Maior vulnerabilidade / maior risco
2928000,29,BA,Nordeste,29.15,714.01,40.48,-11.329999999999998,0.8704045609962817,2,Maior vulnerabilidade / maior risco
2927101,29,BA,Nordeste,26.35,710.07,38.79,-12.439999999999998,0.8700955898507008,2,Maior vulnerabilidade / maior risco
2105351,21,MA,Nordeste,72.99,758.0,80.0,-7.010000000000005,0.8693019663037151,0,Pressão de meta / risco intermediário
4305405,43,RS,Sul,84.6,789.26,78.99,5.609999999999999,0.8692279154336727,0,Pressão de meta / risco intermediário
2913101,29,BA,Nordeste,28.0,718.61,41.4,-13.399999999999999,0.8687839360085375,2,Maior vulnerabilidade / maior risco
2902203,29,BA,Nordeste,17.95,711.49,37.3,-19.349999999999998,0.8680159582359122,2,Maior vulnerabilidade / maior risco
4123303,41,PR,Sul,59.1,745.86,80.0,-20.9,0.8679627350503699,0,Pressão de meta / risco intermediário
5003751,50,MS,Centro-Oeste,56.45,744.8,76.78,-20.33,0.8679612864939188,0,Pressão de meta / risco intermediário
2108009,21,MA,Nordeste,64.01,750.38,75.94,-11.929999999999993,0.8679187924304755,0,Pressão de meta / risco intermediário
1301001,13,AM,Norte,49.19,730.55,57.96,-8.770000000000003,0.8675797225733046,2,Maior vulnerabilidade / maior risco
2911808,29,BA,Nordeste,22.64,711.54,38.24,-15.600000000000001,0.8673876728741832,2,Maior vulnerabilidade / maior risco
3556008,35,SP,Sudeste,65.68,758.5,80.0,-14.319999999999993,0.867362999921351,0,Pressão de meta / risco intermediário
2926509,29,BA,Nordeste,33.95,722.86,43.7,-9.75,0.8672709013109141,2,Maior vulnerabilidade / maior risco
2907103,29,BA,Nordeste,31.96,723.92,43.56,-11.600000000000001,0.8669592862838664,2,Maior vulnerabilidade / maior risco
2924108,29,BA,Nordeste,13.33,711.6,36.3,-22.97,0.8669325536515153,2,Maior vulnerabilidade / maior risco
4306056,43,RS,Sul,78.4,764.38,70.67,7.730000000000004,0.8669303471686531,0,Pressão de meta / risco intermediário
4310751,43,RS,Sul,60.0,753.48,63.85,-3.8500000000000014,0.8669018803448044,0,Pressão de meta / risco intermediário
1301209,13,AM,Norte,32.72,720.59,51.74,-19.020000000000003,0.8666990531387115,2,Maior vulnerabilidade / maior risco
2403707,24,RN,Nordeste,51.71,736.49,62.74,-11.030000000000001,0.8660378767744012,2,Maior vulnerabilidade / maior risco
3506300,35,SP,Sudeste,47.5,743.88,72.02,-24.519999999999996,0.8647564164503839,2,Maior vulnerabilidade / maior risco
1504505,15,PA,Norte,28.64,714.22,51.16,-22.519999999999996,0.8647033290784015,2,Maior vulnerabilidade / maior risco
2906873,29,BA,Nordeste,29.34,719.06,41.49,-12.150000000000002,0.8642631484021783,2,Maior vulnerabilidade / maior risco
2919553,29,BA,Nordeste,35.72,724.42,44.29,-8.57,0.8642481016383422,2,Maior vulnerabilidade / maior risco
3531506,35,SP,Sudeste,55.38,749.27,75.09,-19.71,0.8640285113964628,0,Pressão de meta / risco intermediário
3500501,35,SP,Sudeste,43.65,730.31,67.42,-23.770000000000003,0.8639845541838375,2,Maior vulnerabilidade / maior risco
4106001,41,PR,Sul,41.19,732.54,72.33,-31.14,0.8638202883297561,2,Maior vulnerabilidade / maior risco
4122602,41,PR,Sul,41.63,731.32,72.08,-30.449999999999996,0.8637654783205704,2,Maior vulnerabilidade / maior risco
2114007,21,MA,Nordeste,72.3,760.05,80.0,-7.700000000000003,0.8631360579995537,0,Pressão de meta / risco intermediário
1712157,17,TO,Norte,58.81,759.69,72.62,-13.810000000000002,0.8628290045376313,0,Pressão de meta / risco intermediário
3514205,35,SP,Sudeste,65.38,751.3,77.62,-12.240000000000009,0.8625626271574139,0,Pressão de meta / risco intermediário
1502152,15,PA,Norte,65.12,748.02,67.89,-2.769999999999996,0.8623770353404936,0,Pressão de meta / risco intermediário
4312609,43,RS,Sul,53.6,746.84,60.38,-6.780000000000001,0.8623339828899383,0,Pressão de meta / risco intermediário
2925808,29,BA,Nordeste,30.32,722.56,42.51,-12.189999999999998,0.8620363460932428,2,Maior vulnerabilidade / maior risco
1507151,15,PA,Norte,40.37,727.46,57.03,-16.660000000000004,0.8615047850583476,2,Maior vulnerabilidade / maior risco
4321006,43,RS,Sul,68.4,761.37,67.4,1.0,0.8614803477106441,0,Pressão de meta / risco intermediário
2410900,24,RN,Nordeste,27.78,721.83,53.43,-25.65,0.8614743913833397,2,Maior vulnerabilidade / maior risco
3534104,35,SP,Sudeste,39.53,729.52,66.18,-26.650000000000006,0.8614627644522005,2,Maior vulnerabilidade / maior risco
1100338,11,RO,Norte,45.3,729.27,68.5,-23.200000000000003,0.8612827239346696,2,Maior vulnerabilidade / maior risco
2918100,29,BA,Nordeste,29.53,722.38,42.24,-12.71,0.8611851488802816,2,Maior vulnerabilidade / maior risco
2909208,29,BA,Nordeste,36.04,722.82,43.69,-7.649999999999999,0.8609184304568499,2,Maior vulnerabilidade / maior risco
1302108,13,AM,Norte,91.93,773.08,78.1,13.830000000000013,0.8608785655602209,1,Melhor desempenho / menor risco
2701506,27,AL,Nordeste,37.4,721.61,60.81,-23.410000000000004,0.8605140966126845,2,Maior vulnerabilidade / maior risco
3507100,35,SP,Sudeste,53.92,743.84,73.04,-19.120000000000005,0.8603459625346088,0,Pressão de meta / risco intermediário
2501203,25,PB,Nordeste,70.75,764.89,80.0,-9.25,0.8602087979381334,0,Pressão de meta / risco intermediário
1505007,15,PA,Norte,51.68,730.06,59.99,-8.310000000000002,0.8600394196905817,2,Maior vulnerabilidade / maior risco
4313003,43,RS,Sul,94.4,781.02,78.1,16.30000000000001,0.8598475726754615,1,Melhor desempenho / menor risco
4301107,43,RS,Sul,43.2,728.62,53.02,-9.82,0.8597427993421659,2,Maior vulnerabilidade / maior risco
3542701,35,SP,Sudeste,55.18,744.06,73.32,-18.139999999999993,0.859721159757741,0,Pressão de meta / risco intermediário
2106326,21,MA,Nordeste,41.67,730.05,65.14,-23.47,0.8596472035937268,2,Maior vulnerabilidade / maior risco
2920452,29,BA,Nordeste,37.29,728.31,45.38,-8.090000000000003,0.8596182490357872,2,Maior vulnerabilidade / maior risco
1304062,13,AM,Norte,37.75,726.04,53.79,-16.04,0.8593307463623702,2,Maior vulnerabilidade / maior risco
2206803,22,PI,Nordeste,45.57,738.84,69.27,-23.699999999999996,0.8591900556901831,2,Maior vulnerabilidade / maior risco
1301308,13,AM,Norte,40.59,729.53,55.33,-14.739999999999995,0.859147635720237,2,Maior vulnerabilidade / maior risco
1100924,11,RO,Norte,71.99,751.43,80.0,-8.010000000000005,0.8590933784704708,0,Pressão de meta / risco intermediário
2916203,29,BA,Nordeste,35.38,729.52,45.28,-9.899999999999999,0.8590180859076014,2,Maior vulnerabilidade / maior risco
2912400,29,BA,Nordeste,36.88,726.08,44.62,-7.739999999999995,0.8587263977088967,2,Maior vulnerabilidade / maior risco
1505551,15,PA,Norte,48.91,733.29,60.22,-11.310000000000002,0.8586718802173348,2,Maior vulnerabilidade / maior risco
2930303,29,BA,Nordeste,33.09,726.44,43.93,-10.839999999999996,0.8586375664172298,2,Maior vulnerabilidade / maior risco
1600253,16,AP,Norte,43.57,733.49,60.1,-16.53,0.8585991241572819,2,Maior vulnerabilidade / maior risco
1506112,15,PA,Norte,47.3,730.19,59.01,-11.71,0.8583656595773579,2,Maior vulnerabilidade / maior risco
4311429,43,RS,Sul,60.0,755.57,63.85,-3.8500000000000014,0.8583107888510659,0,Pressão de meta / risco intermediário
4313375,43,RS,Sul,64.9,755.0,64.69,0.21000000000000796,0.858071989262138,0,Pressão de meta / risco intermediário
2913804,29,BA,Nordeste,46.51,733.86,48.71,-2.200000000000003,0.8579319142198282,2,Maior vulnerabilidade / maior risco
2915403,29,BA,Nordeste,15.25,710.34,35.74,-20.490000000000002,0.8578709129370451,2,Maior vulnerabilidade / maior risco
4313706,43,RS,Sul,49.5,745.66,58.89,-9.39,0.8575582424200204,2,Maior vulnerabilidade / maior risco
3138104,31,MG,Sudeste,48.0,732.34,80.0,-32.0,0.857424598811426,2,Maior vulnerabilidade / maior risco
2510709,25,PB,Nordeste,66.67,767.45,79.66,-12.989999999999995,0.857100883291808,0,Pressão de meta / risco intermediário
2112852,21,MA,Nordeste,74.55,759.82,80.0,-5.450000000000003,0.857071609956348,0,Pressão de meta / risco intermediário
1304104,13,AM,Norte,51.81,736.13,59.27,-7.460000000000001,0.8560112975956112,2,Maior vulnerabilidade / maior risco
3301801,33,RJ,Sudeste,55.56,737.98,68.49,-12.929999999999993,0.8559431551844369,0,Pressão de meta / risco intermediário
2931301,29,BA,Nordeste,41.82,732.78,47.31,-5.490000000000002,0.8559063713566136,2,Maior vulnerabilidade / maior risco
3511300,35,SP,Sudeste,55.73,751.01,75.09,-19.360000000000007,0.8556612832450601,0,Pressão de meta / risco intermediário
1303809,13,AM,Norte,31.59,717.85,50.01,-18.419999999999998,0.8556176325584521,2,Maior vulnerabilidade / maior risco
2921302,29,BA,Nordeste,46.05,732.04,47.96,-1.9100000000000037,0.8555950308276822,2,Maior vulnerabilidade / maior risco
2500809,25,PB,Nordeste,47.88,743.93,69.17,-21.29,0.8555179900941116,2,Maior vulnerabilidade / maior risco
1502301,15,PA,Norte,48.98,734.82,60.45,-11.470000000000006,0.8554830278562362,2,Maior vulnerabilidade / maior risco
2920908,29,BA,Nordeste,26.73,710.07,37.88,-11.150000000000002,0.8554179115163562,2,Maior vulnerabilidade / maior risco
4315131,43,RS,Sul,94.1,789.18,80.0,14.099999999999994,0.8553449850632822,1,Melhor desempenho / menor risco
1508407,15,PA,Norte,49.27,731.86,59.68,-10.409999999999997,0.8553018614188962,2,Maior vulnerabilidade / maior risco
1501402,15,PA,Norte,46.08,730.25,58.55,-12.469999999999999,0.8549086054250177,2,Maior vulnerabilidade / maior risco
2402808,24,RN,Nordeste,32.68,718.74,53.15,-20.47,0.8547683370488668,2,Maior vulnerabilidade / maior risco
2111409,21,MA,Nordeste,70.44,750.47,76.38,-5.939999999999998,0.8541988577591715,0,Pressão de meta / risco intermediário
3520608,35,SP,Sudeste,70.59,758.03,80.0,-9.409999999999997,0.8540511030587066,0,Pressão de meta / risco intermediário
2907806,29,BA,Nordeste,36.31,731.09,45.57,-9.259999999999998,0.8538285718819699,2,Maior vulnerabilidade / maior risco
2109403,21,MA,Nordeste,68.97,753.5,76.88,-7.909999999999997,0.8536716224259424,0,Pressão de meta / risco intermediário
1501501,15,PA,Norte,65.29,746.46,66.89,-1.5999999999999943,0.8531331997129303,0,Pressão de meta / risco intermediário
1705557,17,TO,Norte,56.14,746.84,67.88,-11.739999999999995,0.8531138483830552,0,Pressão de meta / risco intermediário
2403251,24,RN,Nordeste,35.27,726.75,55.79,-20.519999999999996,0.8530473829473819,2,Maior vulnerabilidade / maior risco
2922102,29,BA,Nordeste,33.33,720.09,41.86,-8.530000000000001,0.8529990253024614,2,Maior vulnerabilidade / maior risco
2101301,21,MA,Nordeste,57.55,743.09,71.58,-14.030000000000001,0.8527168915956842,0,Pressão de meta / risco intermediário
2901155,29,BA,Nordeste,43.23,729.9,46.6,-3.3700000000000045,0.8526983998351152,2,Maior vulnerabilidade / maior risco
3550001,35,SP,Sudeste,59.66,750.06,75.43,-15.77000000000001,0.8523756756895933,0,Pressão de meta / risco intermediário
2502003,25,PB,Nordeste,40.07,734.9,64.84,-24.770000000000003,0.8520921288136976,2,Maior vulnerabilidade / maior risco
1504208,15,PA,Norte,50.68,735.58,60.77,-10.090000000000003,0.8516936014390408,2,Maior vulnerabilidade / maior risco
3554201,35,SP,Sudeste,59.38,750.36,75.41,-16.029999999999994,0.8516630617329634,0,Pressão de meta / risco intermediário
2406403,24,RN,Nordeste,29.67,724.39,53.89,-24.22,0.8516319276483919,2,Maior vulnerabilidade / maior risco
2931905,29,BA,Nordeste,35.55,726.26,43.93,-8.380000000000003,0.8515017627045512,2,Maior vulnerabilidade / maior risco
2917706,29,BA,Nordeste,40.77,727.19,45.26,-4.489999999999995,0.8513988847927744,2,Maior vulnerabilidade / maior risco
2912103,29,BA,Nordeste,37.95,730.33,45.54,-7.589999999999996,0.8513204031658576,2,Maior vulnerabilidade / maior risco
2901502,29,BA,Nordeste,55.95,739.23,51.72,4.230000000000004,0.8512819495266273,2,Maior vulnerabilidade / maior risco
2110609,21,MA,Nordeste,67.87,752.18,76.12,-8.25,0.8510242075722363,0,Pressão de meta / risco intermediário
1503077,15,PA,Norte,32.89,714.19,51.13,-18.240000000000002,0.8509290542121265,2,Maior vulnerabilidade / maior risco
1101104,11,RO,Norte,70.62,754.38,80.0,-9.379999999999995,0.8508122731271457,0,Pressão de meta / risco intermediário
2611408,26,PE,Nordeste,50.41,752.7,78.26,-27.85000000000001,0.8505328445006064,0,Pressão de meta / risco intermediário
1714302,17,TO,Norte,34.23,724.32,56.95,-22.720000000000006,0.8503593639656546,2,Maior vulnerabilidade / maior risco
1505908,15,PA,Norte,81.16,763.91,74.82,6.340000000000003,0.8503498647855909,0,Pressão de meta / risco intermediário
3509403,35,SP,Sudeste,54.99,750.06,74.32,-19.32999999999999,0.8500816923773655,0,Pressão de meta / risco intermediário
2927606,29,BA,Nordeste,28.39,721.34,41.0,-12.61,0.8500786509226703,2,Maior vulnerabilidade / maior risco
4319364,43,RS,Sul,90.0,793.46,80.0,10.0,0.8500584520647019,1,Melhor desempenho / menor risco
1503093,15,PA,Norte,42.29,728.76,57.03,-14.740000000000002,0.849785567564736,2,Maior vulnerabilidade / maior risco
2107704,21,MA,Nordeste,74.65,758.54,79.18,-4.530000000000001,0.8494231775168967,0,Pressão de meta / risco intermediário
3553906,35,SP,Sudeste,67.98,757.24,78.91,-10.929999999999993,0.8487821487252198,0,Pressão de meta / risco intermediário
4302378,43,RS,Sul,71.4,749.85,64.01,7.390000000000001,0.8486470516418483,0,Pressão de meta / risco intermediário
2206407,22,PI,Nordeste,42.48,734.41,66.72,-24.240000000000002,0.8484431137311286,2,Maior vulnerabilidade / maior risco
1502764,15,PA,Norte,45.2,737.18,59.86,-14.659999999999997,0.8481855961734042,2,Maior vulnerabilidade / maior risco
1504455,15,PA,Norte,48.44,731.95,59.08,-10.64,0.8481189692256896,2,Maior vulnerabilidade / maior risco
2922607,29,BA,Nordeste,50.52,736.6,49.67,0.8500000000000014,0.8480742125795881,2,Maior vulnerabilidade / maior risco
1302306,13,AM,Norte,30.91,720.59,50.12,-19.209999999999997,0.8475804883086688,2,Maior vulnerabilidade / maior risco
2932457,29,BA,Nordeste,22.95,711.13,36.89,-13.940000000000001,0.8474600680743956,2,Maior vulnerabilidade / maior risco
3525508,35,SP,Sudeste,57.3,749.24,74.39,-17.090000000000003,0.8471643239592429,0,Pressão de meta / risco intermediário
1100940,11,RO,Norte,67.6,751.03,78.22,-10.620000000000005,0.8471207806002329,0,Pressão de meta / risco intermediário
1501709,15,PA,Norte,37.0,724.72,54.65,-17.65,0.8470535691552736,2,Maior vulnerabilidade / maior risco
2201051,22,PI,Nordeste,69.88,762.33,80.0,-10.120000000000005,0.8467534091134915,0,Pressão de meta / risco intermediário
2805000,28,SE,Nordeste,47.76,730.65,58.13,-10.370000000000005,0.8460545768842934,2,Maior vulnerabilidade / maior risco
2108256,21,MA,Nordeste,57.92,739.87,70.35,-12.429999999999993,0.8460333595160368,0,Pressão de meta / risco intermediário
1302702,13,AM,Norte,57.02,740.77,60.98,-3.9599999999999937,0.8456615072892598,0,Pressão de meta / risco intermediário
3554904,35,SP,Sudeste,69.58,760.71,80.0,-10.420000000000002,0.8455302514192964,0,Pressão de meta / risco intermediário
1100205,11,RO,Norte,50.84,733.71,69.85,-19.00999999999999,0.8452215675953084,2,Maior vulnerabilidade / maior risco
2404903,24,RN,Nordeste,51.63,737.96,61.78,-10.149999999999999,0.8451389794656746,2,Maior vulnerabilidade / maior risco
3516606,35,SP,Sudeste,66.68,760.36,79.23,-12.549999999999997,0.8443202744853912,0,Pressão de meta / risco intermediário
3306156,33,RJ,Sudeste,82.96,761.86,80.0,2.9599999999999937,0.8438225698851067,0,Pressão de meta / risco intermediário
1506500,15,PA,Norte,34.18,722.51,53.25,-19.07,0.8436753878142184,2,Maior vulnerabilidade / maior risco
2904704,29,BA,Nordeste,29.37,717.51,39.73,-10.359999999999996,0.8433388621183202,2,Maior vulnerabilidade / maior risco
2515971,25,PB,Nordeste,40.74,742.41,66.5,-25.759999999999998,0.843102301899046,2,Maior vulnerabilidade / maior risco
3518107,35,SP,Sudeste,47.49,745.51,71.08,-23.589999999999996,0.8430520346062519,2,Maior vulnerabilidade / maior risco
2806602,28,SE,Nordeste,26.79,712.24,48.51,-21.72,0.8428501756567338,2,Maior vulnerabilidade / maior risco
4109104,41,PR,Sul,66.67,746.09,80.0,-13.329999999999998,0.8427251801453536,0,Pressão de meta / risco intermediário
5003454,50,MS,Centro-Oeste,65.69,755.44,80.0,-14.310000000000002,0.8426706931241612,0,Pressão de meta / risco intermediário
1500859,15,PA,Norte,48.45,732.64,58.92,-10.469999999999999,0.8423271695869845,2,Maior vulnerabilidade / maior risco
2511004,25,PB,Nordeste,69.89,769.61,80.0,-10.11,0.8423196510303436,0,Pressão de meta / risco intermediário
2201705,22,PI,Nordeste,43.42,733.06,66.16,-22.739999999999995,0.8421892107016788,2,Maior vulnerabilidade / maior risco
3521309,35,SP,Sudeste,63.8,758.41,77.95,-14.150000000000006,0.8419067357732894,0,Pressão de meta / risco intermediário
4304671,43,RS,Sul,43.9,734.21,53.58,-9.68,0.8417534000862311,2,Maior vulnerabilidade / maior risco
1506138,15,PA,Norte,58.25,741.04,63.21,-4.960000000000001,0.8413477659702563,0,Pressão de meta / risco intermediário
1501907,15,PA,Norte,51.61,737.08,60.73,-9.119999999999997,0.8411425030664453,2,Maior vulnerabilidade / maior risco
2911659,29,BA,Nordeste,36.78,728.3,44.11,-7.329999999999998,0.8410852661651397,2,Maior vulnerabilidade / maior risco
2209559,22,PI,Nordeste,66.39,766.24,80.0,-13.61,0.8408110103601288,0,Pressão de meta / risco intermediário
2803708,28,SE,Nordeste,29.17,721.39,51.39,-22.22,0.8404811013639011,2,Maior vulnerabilidade / maior risco
3552908,35,SP,Sudeste,67.0,763.6,79.95,-12.950000000000003,0.8402886681307307,0,Pressão de meta / risco intermediário
2108900,21,MA,Nordeste,77.27,761.56,80.0,-2.730000000000004,0.8402686543059477,0,Pressão de meta / risco intermediário
2202075,22,PI,Nordeste,75.0,760.11,80.0,-5.0,0.8393659494552367,0,Pressão de meta / risco intermediário
2932309,29,BA,Nordeste,41.9,731.69,45.98,-4.079999999999998,0.8389625046859002,2,Maior vulnerabilidade / maior risco
4107306,41,PR,Sul,60.84,748.99,79.37,-18.53,0.838926220071503,0,Pressão de meta / risco intermediário
4315354,43,RS,Sul,85.1,772.08,72.39,12.709999999999994,0.8387472918205514,0,Pressão de meta / risco intermediário
4305603,43,RS,Sul,90.0,755.88,68.91,21.090000000000003,0.8384975220871981,0,Pressão de meta / risco intermediário
1507706,15,PA,Norte,47.41,732.59,58.45,-11.040000000000006,0.8382664632324218,2,Maior vulnerabilidade / maior risco
2516607,25,PB,Nordeste,67.47,760.34,76.69,-9.219999999999999,0.8381606275962192,0,Pressão de meta / risco intermediário
1505809,15,PA,Norte,40.72,726.41,55.35,-14.630000000000003,0.8381271213786937,2,Maior vulnerabilidade / maior risco
1500602,15,PA,Norte,45.32,730.64,57.46,-12.14,0.8379471231350265,2,Maior vulnerabilidade / maior risco
2102606,21,MA,Nordeste,49.53,737.87,67.57,-18.039999999999992,0.8378137437149962,2,Maior vulnerabilidade / maior risco
2911907,29,BA,Nordeste,28.52,714.79,38.47,-9.95,0.837750181747804,2,Maior vulnerabilidade / maior risco
3306206,33,RJ,Sudeste,60.33,744.26,70.09,-9.760000000000005,0.8376892686609136,0,Pressão de meta / risco intermediário
4307104,43,RS,Sul,64.4,749.18,61.7,2.700000000000003,0.837402510111289,0,Pressão de meta / risco intermediário
2930808,29,BA,Nordeste,31.82,721.02,40.85,-9.030000000000001,0.8373291326385135,2,Maior vulnerabilidade / maior risco
2400109,24,RN,Nordeste,38.21,727.41,55.62,-17.409999999999997,0.8372872923042228,2,Maior vulnerabilidade / maior risco
1702703,17,TO,Norte,41.94,738.86,61.77,-19.830000000000005,0.8372349653408581,2,Maior vulnerabilidade / maior risco
2923308,29,BA,Nordeste,50.59,738.61,49.58,1.0100000000000051,0.837089695305843,2,Maior vulnerabilidade / maior risco
2923704,29,BA,Nordeste,24.46,711.77,36.71,-12.25,0.8362847443821761,2,Maior vulnerabilidade / maior risco
4206603,42,SC,Sul,59.9,749.13,80.0,-20.1,0.8360022088409889,0,Pressão de meta / risco intermediário
3305901,33,RJ,Sudeste,79.23,759.35,78.06,1.1700000000000017,0.8358078283109672,0,Pressão de meta / risco intermediário
3302205,33,RJ,Sudeste,65.26,748.82,72.22,-6.959999999999994,0.8351129417429655,0,Pressão de meta / risco intermediário
3300902,33,RJ,Sudeste,64.38,750.38,72.46,-8.079999999999998,0.8349521893985321,0,Pressão de meta / risco intermediário
1100098,11,RO,Norte,71.16,757.44,80.0,-8.840000000000003,0.8349070620610632,0,Pressão de meta / risco intermediário
2516755,25,PB,Nordeste,48.73,743.42,67.93,-19.20000000000001,0.8345984325831142,2,Maior vulnerabilidade / maior risco
2201606,22,PI,Nordeste,68.49,759.81,78.29,-9.800000000000011,0.8345552280015293,0,Pressão de meta / risco intermediário
5106653,51,MT,Centro-Oeste,51.2,739.6,72.91,-21.709999999999994,0.8345389148023158,0,Pressão de meta / risco intermediário
1504000,15,PA,Norte,47.82,732.02,58.14,-10.32,0.8341899354048113,2,Maior vulnerabilidade / maior risco
4103057,41,PR,Sul,53.35,738.9,74.74,-21.389999999999993,0.8339155313262953,0,Pressão de meta / risco intermediário
2414159,24,RN,Nordeste,37.18,730.41,56.03,-18.85,0.833728039319887,2,Maior vulnerabilidade / maior risco
2109700,21,MA,Nordeste,77.94,762.45,80.0,-2.0600000000000023,0.8336840307591165,0,Pressão de meta / risco intermediário
4304622,43,RS,Sul,60.0,755.83,62.39,-2.3900000000000006,0.8332845913322631,0,Pressão de meta / risco intermediário
4307831,43,RS,Sul,50.0,739.35,55.76,-5.759999999999998,0.8331746279758676,2,Maior vulnerabilidade / maior risco
2802106,28,SE,Nordeste,29.77,710.34,48.03,-18.26,0.8331250611017055,2,Maior vulnerabilidade / maior risco
4109906,41,PR,Sul,51.76,742.37,75.32,-23.559999999999995,0.8330357890171608,0,Pressão de meta / risco intermediário
2106904,21,MA,Nordeste,36.19,725.63,61.13,-24.940000000000005,0.8326708420515294,2,Maior vulnerabilidade / maior risco
3305703,33,RJ,Sudeste,75.43,756.31,76.25,-0.8199999999999932,0.8326172806512492,0,Pressão de meta / risco intermediário
4114302,41,PR,Sul,64.48,748.34,79.56,-15.079999999999998,0.8323253878280421,0,Pressão de meta / risco intermediário
3524204,35,SP,Sudeste,67.19,765.34,80.0,-12.810000000000002,0.8322077495076359,0,Pressão de meta / risco intermediário
2928208,29,BA,Nordeste,38.7,731.0,44.72,-6.019999999999996,0.8319320101549688,2,Maior vulnerabilidade / maior risco
2208551,22,PI,Nordeste,64.29,754.28,75.73,-11.439999999999998,0.8317157443335892,0,Pressão de meta / risco intermediário
4316402,43,RS,Sul,34.1,727.21,49.0,-14.899999999999999,0.8311394194129089,2,Maior vulnerabilidade / maior risco
2802700,28,SE,Nordeste,16.26,699.8,42.18,-25.919999999999998,0.8306216283172876,2,Maior vulnerabilidade / maior risco
2102358,21,MA,Nordeste,54.91,734.94,67.41,-12.5,0.8297721464230362,0,Pressão de meta / risco intermediário
3531704,35,SP,Sudeste,50.9,745.01,70.87,-19.970000000000006,0.8297163975056321,0,Pressão de meta / risco intermediário
2107258,21,MA,Nordeste,77.14,763.94,80.0,-2.8599999999999994,0.8293505980076856,0,Pressão de meta / risco intermediário
1300508,13,AM,Norte,24.4,709.2,44.54,-20.14,0.8291442705602766,2,Maior vulnerabilidade / maior risco
1710706,17,TO,Norte,18.09,704.57,46.88,-28.790000000000003,0.8288793155343408,2,Maior vulnerabilidade / maior risco
1100122,11,RO,Norte,72.81,757.49,80.0,-7.189999999999998,0.8286742233220895,0,Pressão de meta / risco intermediário
2903235,29,BA,Nordeste,29.75,720.42,39.75,-10.0,0.8284917248355836,2,Maior vulnerabilidade / maior risco
2800100,28,SE,Nordeste,50.0,716.06,53.53,-3.530000000000001,0.828460480831338,2,Maior vulnerabilidade / maior risco
1301704,13,AM,Norte,57.23,740.57,59.95,-2.720000000000006,0.8282393359338965,0,Pressão de meta / risco intermediário
3551801,35,SP,Sudeste,52.1,744.91,71.0,-18.9,0.8281059437985829,0,Pressão de meta / risco intermediário
2915809,29,BA,Nordeste,26.98,715.56,37.77,-10.790000000000003,0.8273533324437083,2,Maior vulnerabilidade / maior risco
1508001,15,PA,Norte,49.49,733.15,58.39,-8.899999999999999,0.8269913485655087,2,Maior vulnerabilidade / maior risco
2105708,21,MA,Nordeste,79.18,762.92,80.0,-0.8199999999999932,0.8268523780912231,0,Pressão de meta / risco intermediário
2901908,29,BA,Nordeste,16.52,707.11,33.23,-16.709999999999997,0.8266155296378639,2,Maior vulnerabilidade / maior risco
4118907,41,PR,Sul,62.28,748.7,78.87,-16.590000000000003,0.8263829363870777,0,Pressão de meta / risco intermediário
1500107,15,PA,Norte,35.85,722.12,52.46,-16.61,0.8259061102053638,2,Maior vulnerabilidade / maior risco
3500758,35,SP,Sudeste,61.45,749.94,74.2,-12.75,0.8258808770355407,0,Pressão de meta / risco intermediário
2104503,21,MA,Nordeste,78.21,763.86,80.0,-1.7900000000000063,0.8257845472831473,0,Pressão de meta / risco intermediário
2924009,29,BA,Nordeste,30.51,722.1,40.21,-9.7,0.8255910427527287,2,Maior vulnerabilidade / maior risco
2911204,29,BA,Nordeste,47.2,735.96,47.47,-0.269999999999996,0.825179777303673,2,Maior vulnerabilidade / maior risco
3534906,35,SP,Sudeste,53.27,739.43,69.55,-16.279999999999994,0.8249213536006111,0,Pressão de meta / risco intermediário
4106456,41,PR,Sul,62.47,748.54,78.78,-16.310000000000002,0.8248461422059306,0,Pressão de meta / risco intermediário
2106631,21,MA,Nordeste,57.42,739.92,69.02,-11.599999999999994,0.8246470078703366,0,Pressão de meta / risco intermediário
2102200,21,MA,Nordeste,28.95,715.07,56.26,-27.31,0.8245885937135895,2,Maior vulnerabilidade / maior risco
3514601,35,SP,Sudeste,64.5,760.74,77.73,-13.230000000000004,0.824317163976666,0,Pressão de meta / risco intermediário
2803500,28,SE,Nordeste,31.27,715.71,49.32,-18.05,0.8241325104355487,2,Maior vulnerabilidade / maior risco
2905503,29,BA,Nordeste,28.19,712.11,36.88,-8.690000000000001,0.8239855226653171,2,Maior vulnerabilidade / maior risco
2907004,29,BA,Nordeste,33.04,726.74,41.91,-8.869999999999997,0.8236694681246776,2,Maior vulnerabilidade / maior risco
4120655,41,PR,Sul,61.75,753.44,79.91,-18.159999999999997,0.8234688505979265,0,Pressão de meta / risco intermediário
3304607,33,RJ,Sudeste,65.02,741.55,69.5,-4.480000000000004,0.8233785515315493,0,Pressão de meta / risco intermediário
1715507,17,TO,Norte,31.58,742.28,59.77,-28.190000000000005,0.8230273468172086,2,Maior vulnerabilidade / maior risco
2705903,27,AL,Nordeste,82.14,765.84,80.0,2.1400000000000006,0.822349561192992,0,Pressão de meta / risco intermediário
1506104,15,PA,Norte,49.94,736.2,59.06,-9.120000000000005,0.8221588040882226,2,Maior vulnerabilidade / maior risco
2414001,24,RN,Nordeste,36.85,728.59,54.8,-17.949999999999996,0.8219519599960291,2,Maior vulnerabilidade / maior risco
3556354,35,SP,Sudeste,65.34,754.86,76.13,-10.789999999999992,0.8216082156348874,0,Pressão de meta / risco intermediário
2109106,21,MA,Nordeste,45.11,728.03,63.01,-17.9,0.8214014843371406,2,Maior vulnerabilidade / maior risco
3540903,35,SP,Sudeste,62.53,756.6,75.99,-13.459999999999994,0.8208716854617264,0,Pressão de meta / risco intermediário
2930774,29,BA,Nordeste,34.44,725.59,41.71,-7.270000000000003,0.8205204796802684,2,Maior vulnerabilidade / maior risco
3543204,35,SP,Sudeste,58.93,759.13,75.92,-16.990000000000002,0.8204095303041546,0,Pressão de meta / risco intermediário
1501006,15,PA,Norte,64.37,746.05,64.66,-0.28999999999999204,0.8201897037229596,0,Pressão de meta / risco intermediário
1503002,15,PA,Norte,51.79,740.52,60.49,-8.700000000000003,0.8194490002059864,2,Maior vulnerabilidade / maior risco
1508357,15,PA,Norte,70.18,749.99,66.91,3.2700000000000102,0.8194370956979797,0,Pressão de meta / risco intermediário
3542800,35,SP,Sudeste,53.85,736.01,68.42,-14.57,0.8193342375018879,0,Pressão de meta / risco intermediário
3507704,35,SP,Sudeste,73.18,763.45,80.0,-6.819999999999993,0.8192815209886207,0,Pressão de meta / risco intermediário
2902252,29,BA,Nordeste,13.11,707.48,32.22,-19.11,0.8191693495074703,2,Maior vulnerabilidade / maior risco
2807501,28,SE,Nordeste,40.43,729.53,54.75,-14.32,0.8188950827476568,2,Maior vulnerabilidade / maior risco
2210359,22,PI,Nordeste,73.08,765.77,80.0,-6.920000000000002,0.8186128248991457,0,Pressão de meta / risco intermediário
1502103,15,PA,Norte,39.08,722.97,52.96,-13.880000000000003,0.8185162675985416,2,Maior vulnerabilidade / maior risco
2929404,29,BA,Nordeste,36.76,731.64,43.74,-6.980000000000004,0.8182499521484243,2,Maior vulnerabilidade / maior risco
2503407,25,PB,Nordeste,52.5,748.12,69.08,-16.58,0.8178733661815043,0,Pressão de meta / risco intermediário
1501956,15,PA,Norte,52.04,732.39,58.2,-6.160000000000004,0.8176943283812597,2,Maior vulnerabilidade / maior risco
2110104,21,MA,Nordeste,80.19,763.99,80.0,0.18999999999999773,0.8175969476086622,0,Pressão de meta / risco intermediário
3545407,35,SP,Sudeste,44.94,736.61,66.65,-21.710000000000008,0.8175912442011418,2,Maior vulnerabilidade / maior risco
2802809,28,SE,Nordeste,34.31,722.3,51.41,-17.099999999999994,0.8174804679557668,2,Maior vulnerabilidade / maior risco
2804607,28,SE,Nordeste,28.39,711.15,47.02,-18.630000000000003,0.8159128005918331,2,Maior vulnerabilidade / maior risco
4315008,43,RS,Sul,100.0,789.48,78.99,21.010000000000005,0.8156113249654697,1,Melhor desempenho / menor risco
1506187,15,PA,Norte,68.8,750.75,66.61,2.1899999999999977,0.8152262388610142,0,Pressão de meta / risco intermediário
1506708,15,PA,Norte,58.51,744.89,62.85,-4.340000000000003,0.8149945575603477,0,Pressão de meta / risco intermediário
2805802,28,SE,Nordeste,34.65,721.54,51.13,-16.480000000000004,0.8148405594043616,2,Maior vulnerabilidade / maior risco
4103404,41,PR,Sul,63.42,754.35,80.0,-16.58,0.8140306474920398,0,Pressão de meta / risco intermediário
2100907,21,MA,Nordeste,42.52,734.94,63.99,-21.47,0.8140185225817261,2,Maior vulnerabilidade / maior risco
2913457,29,BA,Nordeste,43.64,732.04,45.04,-1.3999999999999986,0.8138568120416599,2,Maior vulnerabilidade / maior risco
3303104,33,RJ,Sudeste,56.91,739.36,66.7,-9.790000000000006,0.8137329456910232,0,Pressão de meta / risco intermediário
3153004,31,MG,Sudeste,52.8,737.97,80.0,-27.200000000000003,0.813692003776667,0,Pressão de meta / risco intermediário
2509909,25,PB,Nordeste,47.23,740.63,65.69,-18.46,0.8135408440570414,2,Maior vulnerabilidade / maior risco
4111902,41,PR,Sul,62.26,745.85,77.37,-15.110000000000007,0.8132637396920166,0,Pressão de meta / risco intermediário
2930105,29,BA,Nordeste,24.02,712.34,35.5,-11.48,0.8131537286586193,2,Maior vulnerabilidade / maior risco
4128807,41,PR,Sul,55.19,745.3,75.72,-20.53,0.8125760818330219,0,Pressão de meta / risco intermediário
2514552,25,PB,Nordeste,81.82,766.71,80.0,1.8199999999999932,0.8125432078838207,0,Pressão de meta / risco intermediário
2505402,25,PB,Nordeste,45.8,734.97,63.76,-17.96,0.8122123700862729,2,Maior vulnerabilidade / maior risco
2105450,21,MA,Nordeste,68.34,755.89,75.02,-6.679999999999993,0.8120984822655998,0,Pressão de meta / risco intermediário
2929370,29,BA,Nordeste,28.41,720.87,38.7,-10.290000000000003,0.8118942735634799,2,Maior vulnerabilidade / maior risco
2105922,21,MA,Nordeste,78.44,766.4,80.0,-1.5600000000000023,0.8118310143752844,0,Pressão de meta / risco intermediário
2902104,29,BA,Nordeste,24.47,713.52,35.84,-11.370000000000005,0.8116377168486739,2,Maior vulnerabilidade / maior risco
2922052,29,BA,Nordeste,28.83,718.18,38.02,-9.190000000000005,0.8114493450601843,2,Maior vulnerabilidade / maior risco
2910305,29,BA,Nordeste,35.29,737.73,44.76,-9.469999999999999,0.8114415824913142,2,Maior vulnerabilidade / maior risco
2515104,25,PB,Nordeste,57.17,747.18,69.41,-12.239999999999995,0.8107430330882822,0,Pressão de meta / risco intermediário
2100956,21,MA,Nordeste,74.44,760.15,77.37,-2.930000000000007,0.8103876588692764,0,Pressão de meta / risco intermediário
2508703,25,PB,Nordeste,63.64,755.88,73.13,-9.489999999999995,0.8103001673772497,0,Pressão de meta / risco intermediário
2931707,29,BA,Nordeste,28.42,721.42,38.77,-10.350000000000001,0.8102768096537958,2,Maior vulnerabilidade / maior risco
1503804,15,PA,Norte,37.87,725.63,53.01,-15.14,0.8102625395281804,2,Maior vulnerabilidade / maior risco
2910602,29,BA,Nordeste,23.96,712.8,35.44,-11.479999999999997,0.8097986425431278,2,Maior vulnerabilidade / maior risco
2409902,24,RN,Nordeste,33.3,728.18,53.3,-20.0,0.8096490331212106,2,Maior vulnerabilidade / maior risco
2513927,25,PB,Nordeste,60.02,749.11,70.46,-10.43999999999999,0.8093359074398473,0,Pressão de meta / risco intermediário
5000252,50,MS,Centro-Oeste,63.77,755.2,77.68,-13.910000000000004,0.8092641696091396,0,Pressão de meta / risco intermediário
2803807,28,SE,Nordeste,37.63,725.9,52.66,-15.029999999999994,0.8092570878155372,2,Maior vulnerabilidade / maior risco
2100204,21,MA,Nordeste,70.97,756.06,75.46,-4.489999999999995,0.8091931605021344,0,Pressão de meta / risco intermediário
2103505,21,MA,Nordeste,49.9,738.25,66.17,-16.270000000000003,0.809007234438524,2,Maior vulnerabilidade / maior risco
2920205,29,BA,Nordeste,33.68,724.43,40.62,-6.939999999999998,0.8089271260150607,2,Maior vulnerabilidade / maior risco
4103503,41,PR,Sul,69.28,750.94,80.0,-10.719999999999999,0.8088654831729294,0,Pressão de meta / risco intermediário
4110409,41,PR,Sul,69.81,750.56,80.0,-10.189999999999998,0.8087773635266555,0,Pressão de meta / risco intermediário
2910503,29,BA,Nordeste,32.55,725.67,40.71,-8.160000000000004,0.8085555915809864,2,Maior vulnerabilidade / maior risco
2509339,25,PB,Nordeste,72.67,772.51,79.49,-6.819999999999993,0.8082744248530128,0,Pressão de meta / risco intermediário
3503505,35,SP,Sudeste,56.95,727.68,66.17,-9.219999999999999,0.8081494364389785,2,Maior vulnerabilidade / maior risco
3302809,33,RJ,Sudeste,56.89,735.77,65.41,-8.519999999999996,0.8080873539533736,0,Pressão de meta / risco intermediário
1303536,13,AM,Norte,35.31,718.35,48.19,-12.879999999999995,0.8080017282707123,2,Maior vulnerabilidade / maior risco
2210979,22,PI,Nordeste,50.0,732.2,65.39,-15.39,0.8079995916010568,2,Maior vulnerabilidade / maior risco
1715150,17,TO,Norte,70.33,768.56,74.25,-3.9200000000000017,0.807970405335541,0,Pressão de meta / risco intermediário
2904902,29,BA,Nordeste,33.06,723.82,40.27,-7.210000000000001,0.807893806133332,2,Maior vulnerabilidade / maior risco
2111722,21,MA,Nordeste,79.32,766.61,80.0,-0.6800000000000068,0.8071863682519835,0,Pressão de meta / risco intermediário
4128609,41,PR,Sul,67.29,752.77,80.0,-12.709999999999994,0.8070269164716022,0,Pressão de meta / risco intermediário
2807204,28,SE,Nordeste,52.4,733.78,57.74,-5.340000000000003,0.8062845209294356,2,Maior vulnerabilidade / maior risco
1503903,15,PA,Norte,51.0,738.94,59.19,-8.189999999999998,0.8060883533058286,2,Maior vulnerabilidade / maior risco
3553856,35,SP,Sudeste,47.19,741.61,67.87,-20.680000000000007,0.8055520732486825,2,Maior vulnerabilidade / maior risco
2413557,24,RN,Nordeste,62.68,748.59,64.8,-2.1199999999999974,0.8054066340081437,0,Pressão de meta / risco intermediário
2211407,22,PI,Nordeste,76.19,765.95,80.0,-3.8100000000000023,0.8053429864793298,0,Pressão de meta / risco intermediário
3544905,35,SP,Sudeste,50.04,730.9,65.48,-15.440000000000005,0.8051876190768312,2,Maior vulnerabilidade / maior risco
5103908,51,MT,Centro-Oeste,71.41,755.87,80.0,-8.590000000000003,0.8051819137627672,0,Pressão de meta / risco intermediário
2103109,21,MA,Nordeste,66.85,751.07,73.0,-6.150000000000006,0.8047247074023204,0,Pressão de meta / risco intermediário
3510005,35,SP,Sudeste,65.51,753.81,74.97,-9.459999999999994,0.8043525821259601,0,Pressão de meta / risco intermediário
3519501,35,SP,Sudeste,71.85,767.29,80.0,-8.150000000000006,0.8042037654751923,0,Pressão de meta / risco intermediário
1702000,17,TO,Norte,40.54,725.26,55.92,-15.380000000000003,0.8040509986266048,2,Maior vulnerabilidade / maior risco
1505437,15,PA,Norte,53.11,736.55,58.86,-5.75,0.8040088000827242,2,Maior vulnerabilidade / maior risco
1302207,13,AM,Norte,44.2,730.29,53.1,-8.899999999999999,0.8035022536085432,2,Maior vulnerabilidade / maior risco
4103222,41,PR,Sul,71.33,750.45,80.0,-8.670000000000002,0.8032066865716273,0,Pressão de meta / risco intermediário
3519402,35,SP,Sudeste,61.64,753.1,73.91,-12.269999999999996,0.8030957014166948,0,Pressão de meta / risco intermediário
2501609,25,PB,Nordeste,45.83,737.9,64.1,-18.269999999999996,0.8029268647698178,2,Maior vulnerabilidade / maior risco
4109500,41,PR,Sul,57.18,736.62,73.22,-16.04,0.8025955693333107,0,Pressão de meta / risco intermediário
2700201,27,AL,Nordeste,45.26,732.5,62.12,-16.86,0.8025313416720441,2,Maior vulnerabilidade / maior risco
1505304,15,PA,Norte,30.61,716.12,48.47,-17.86,0.8022309183497115,2,Maior vulnerabilidade / maior risco
3302601,33,RJ,Sudeste,40.95,722.28,58.07,-17.119999999999997,0.8018893687104585,2,Maior vulnerabilidade / maior risco
5106240,51,MT,Centro-Oeste,58.41,749.21,75.3,-16.89,0.8017991785518669,0,Pressão de meta / risco intermediário
2932507,29,BA,Nordeste,58.16,745.34,51.08,7.079999999999998,0.8013971520711671,3,Desempenho favorável
2110500,21,MA,Nordeste,79.26,767.72,80.0,-0.7399999999999949,0.8013698368756977,0,Pressão de meta / risco intermediário
1600550,16,AP,Norte,30.66,718.18,49.94,-19.279999999999998,0.8013631896127411,2,Maior vulnerabilidade / maior risco
3304409,33,RJ,Sudeste,65.54,747.84,70.19,-4.6499999999999915,0.8012753554800738,0,Pressão de meta / risco intermediário
3512100,35,SP,Sudeste,72.63,767.28,80.0,-7.3700000000000045,0.8010523177000399,0,Pressão de meta / risco intermediário
4127601,41,PR,Sul,68.4,749.86,79.12,-10.719999999999999,0.8009948538734717,0,Pressão de meta / risco intermediário
2500205,25,PB,Nordeste,61.96,755.79,72.28,-10.32,0.8009127225401103,0,Pressão de meta / risco intermediário
2514404,25,PB,Nordeste,44.79,738.88,64.04,-19.250000000000007,0.8006157505316984,2,Maior vulnerabilidade / maior risco
1502939,15,PA,Norte,69.24,751.19,66.05,3.1899999999999977,0.8001725742637222,0,Pressão de meta / risco intermediário
1600238,16,AP,Norte,74.96,777.6,75.44,-0.480000000000004,0.7996197017140332,0,Pressão de meta / risco intermediário
3515350,35,SP,Sudeste,69.86,759.49,77.18,-7.320000000000007,0.799172277725475,0,Pressão de meta / risco intermediário
4212304,42,SC,Sul,40.02,729.76,68.53,-28.509999999999998,0.7985467926735963,2,Maior vulnerabilidade / maior risco
4306932,43,RS,Sul,51.0,748.18,56.56,-5.560000000000002,0.7984122882483402,2,Maior vulnerabilidade / maior risco
3306107,33,RJ,Sudeste,55.84,738.37,65.41,-9.569999999999993,0.7981343383771171,0,Pressão de meta / risco intermediário
3525102,35,SP,Sudeste,45.42,735.3,65.37,-19.950000000000003,0.7977790760003091,2,Maior vulnerabilidade / maior risco
5004502,50,MS,Centro-Oeste,57.29,743.34,72.48,-15.190000000000005,0.7977477976119219,0,Pressão de meta / risco intermediário
3305406,33,RJ,Sudeste,65.37,748.66,70.2,-4.829999999999998,0.7976227788686606,0,Pressão de meta / risco intermediário
4126108,41,PR,Sul,69.88,752.55,80.0,-10.120000000000005,0.7975786764358458,0,Pressão de meta / risco intermediário
4309407,43,RS,Sul,49.2,744.37,55.09,-5.890000000000001,0.7975115338499227,2,Maior vulnerabilidade / maior risco
3553203,35,SP,Sudeste,57.37,749.96,71.88,-14.509999999999998,0.797500132150804,0,Pressão de meta / risco intermediário
3554953,35,SP,Sudeste,55.64,745.49,70.28,-14.64,0.797367601386828,0,Pressão de meta / risco intermediário
2205706,22,PI,Nordeste,51.6,741.95,67.87,-16.270000000000003,0.7971398393388449,0,Pressão de meta / risco intermediário
4206801,42,SC,Sul,54.41,749.84,76.98,-22.570000000000007,0.7969944216354466,0,Pressão de meta / risco intermediário
1101708,11,RO,Norte,61.28,749.54,73.75,-12.469999999999999,0.7968831139255164,0,Pressão de meta / risco intermediário
2111789,21,MA,Nordeste,53.62,758.04,71.79,-18.17000000000001,0.7966914424800455,0,Pressão de meta / risco intermediário
2801009,28,SE,Nordeste,41.74,722.95,52.05,-10.309999999999995,0.7964625537869882,2,Maior vulnerabilidade / maior risco
1505650,15,PA,Norte,55.72,741.63,60.41,-4.689999999999998,0.7960987695129739,0,Pressão de meta / risco intermediário
3532058,35,SP,Sudeste,78.09,763.91,79.95,-1.8599999999999994,0.7960587117080004,0,Pressão de meta / risco intermediário
5008404,50,MS,Centro-Oeste,53.73,737.56,70.06,-16.330000000000005,0.7960012055549262,0,Pressão de meta / risco intermediário
3305505,33,RJ,Sudeste,62.51,746.18,68.84,-6.330000000000005,0.7959358654710431,0,Pressão de meta / risco intermediário
3111408,31,MG,Sudeste,52.14,731.59,77.17,-25.03,0.7953529498961992,0,Pressão de meta / risco intermediário
2905305,29,BA,Nordeste,30.37,717.04,37.2,-6.830000000000002,0.7951311508134938,2,Maior vulnerabilidade / maior risco
1100155,11,RO,Norte,66.4,749.65,74.74,-8.33999999999999,0.7948624112263825,0,Pressão de meta / risco intermediário
1501725,15,PA,Norte,87.6,771.83,75.29,12.309999999999988,0.7948552011214371,1,Melhor desempenho / menor risco
4214151,42,SC,Sul,64.05,753.94,80.0,-15.950000000000003,0.7948174726369612,0,Pressão de meta / risco intermediário
3514957,35,SP,Sudeste,73.08,768.13,80.0,-6.920000000000002,0.7944103157647878,0,Pressão de meta / risco intermediário
1504059,15,PA,Norte,46.97,734.86,56.63,-9.660000000000004,0.7940721941541128,2,Maior vulnerabilidade / maior risco
5107297,51,MT,Centro-Oeste,74.75,755.42,80.0,-5.25,0.7937929827421151,0,Pressão de meta / risco intermediário
1507409,15,PA,Norte,37.44,719.57,50.41,-12.969999999999999,0.793610738105343,2,Maior vulnerabilidade / maior risco
3119609,31,MG,Sudeste,59.91,736.4,80.0,-20.090000000000003,0.7931710965822999,0,Pressão de meta / risco intermediário
2202505,22,PI,Nordeste,49.31,741.81,67.14,-17.83,0.7926845060216585,2,Maior vulnerabilidade / maior risco
1500404,15,PA,Norte,34.75,720.26,49.94,-15.189999999999998,0.7914540744555597,2,Maior vulnerabilidade / maior risco
3302254,33,RJ,Sudeste,67.6,746.68,69.81,-2.210000000000008,0.7913998701779,0,Pressão de meta / risco intermediário
3501202,35,SP,Sudeste,72.05,765.92,79.02,-6.969999999999999,0.791193195953338,0,Pressão de meta / risco intermediário
1303908,13,AM,Norte,32.06,720.85,47.36,-15.299999999999997,0.7909266404020633,2,Maior vulnerabilidade / maior risco
2401909,24,RN,Nordeste,32.54,724.52,51.19,-18.65,0.7907803464638694,2,Maior vulnerabilidade / maior risco
4216800,42,SC,Sul,65.03,744.95,77.52,-12.489999999999995,0.7907490354296587,0,Pressão de meta / risco intermediário
2403202,24,RN,Nordeste,53.06,749.8,62.41,-9.349999999999994,0.7905358790924398,0,Pressão de meta / risco intermediário
5001102,50,MS,Centro-Oeste,58.42,746.12,73.13,-14.709999999999994,0.7905226203123519,0,Pressão de meta / risco intermediário
1600105,16,AP,Norte,19.03,713.85,45.79,-26.759999999999998,0.7901861061635796,2,Maior vulnerabilidade / maior risco
2201770,22,PI,Nordeste,47.16,738.52,65.66,-18.5,0.7900759524328519,2,Maior vulnerabilidade / maior risco
2402204,24,RN,Nordeste,32.26,723.92,50.93,-18.67,0.790027085103192,2,Maior vulnerabilidade / maior risco
3301108,33,RJ,Sudeste,52.0,736.45,63.67,-11.670000000000002,0.7896090768010231,2,Maior vulnerabilidade / maior risco
2802205,28,SE,Nordeste,26.0,708.41,44.44,-18.439999999999998,0.7895474283893604,2,Maior vulnerabilidade / maior risco
1101401,11,RO,Norte,69.92,747.46,74.6,-4.679999999999993,0.7894401761487164,0,Pressão de meta / risco intermediário
4107009,41,PR,Sul,68.88,754.73,80.0,-11.120000000000005,0.7894390582109317,0,Pressão de meta / risco intermediário
1100908,11,RO,Norte,65.42,745.84,73.22,-7.799999999999997,0.7894058019687248,0,Pressão de meta / risco intermediário
1506401,15,PA,Norte,52.31,742.76,59.69,-7.3799999999999955,0.7893506853226373,2,Maior vulnerabilidade / maior risco
2111201,21,MA,Nordeste,56.58,743.44,68.0,-11.420000000000002,0.7891528670133472,0,Pressão de meta / risco intermediário
3532504,35,SP,Sudeste,74.47,768.02,80.0,-5.530000000000001,0.7890925109443732,0,Pressão de meta / risco intermediário
1507953,15,PA,Norte,37.9,721.85,50.91,-13.009999999999998,0.788938558919472,2,Maior vulnerabilidade / maior risco
3542107,35,SP,Sudeste,70.8,770.82,80.0,-9.200000000000003,0.7887751443646138,0,Pressão de meta / risco intermediário
2201919,22,PI,Nordeste,75.94,769.11,80.0,-4.060000000000002,0.7886631206728272,0,Pressão de meta / risco intermediário
1300805,13,AM,Norte,22.82,713.83,43.38,-20.560000000000002,0.788243633933014,2,Maior vulnerabilidade / maior risco
2515906,25,PB,Nordeste,74.71,776.47,80.0,-5.290000000000006,0.7879339437027791,0,Pressão de meta / risco intermediário
2510501,25,PB,Nordeste,41.57,738.58,62.67,-21.1,0.7878785108874101,2,Maior vulnerabilidade / maior risco
2504306,25,PB,Nordeste,45.82,737.74,63.31,-17.490000000000002,0.7877402998596458,2,Maior vulnerabilidade / maior risco
4124707,41,PR,Sul,71.33,753.21,80.0,-8.670000000000002,0.7876310410481888,0,Pressão de meta / risco intermediário
4210050,42,SC,Sul,56.25,761.06,80.0,-23.75,0.7874468467284292,0,Pressão de meta / risco intermediário
2102408,21,MA,Nordeste,64.0,747.21,70.49,-6.489999999999995,0.7873406746063697,0,Pressão de meta / risco intermediário
2607406,26,PE,Nordeste,48.57,735.47,69.67,-21.1,0.7868925361135268,2,Maior vulnerabilidade / maior risco
1721000,17,TO,Norte,56.97,751.08,65.61,-8.64,0.7867966435097875,0,Pressão de meta / risco intermediário
2918357,29,BA,Nordeste,53.15,742.56,48.56,4.589999999999996,0.7867183600260018,3,Desempenho favorável
2104909,21,MA,Nordeste,86.95,764.62,80.0,6.950000000000003,0.7863183062220094,0,Pressão de meta / risco intermediário
3502408,35,SP,Sudeste,57.39,749.16,71.12,-13.730000000000004,0.7862725768839303,0,Pressão de meta / risco intermediário
2101806,21,MA,Nordeste,47.28,735.86,63.84,-16.560000000000002,0.7861837501867626,2,Maior vulnerabilidade / maior risco
2100154,21,MA,Nordeste,63.75,750.73,71.33,-7.579999999999998,0.7856249743227901,0,Pressão de meta / risco intermediário
2109239,21,MA,Nordeste,74.73,762.39,76.82,-2.089999999999989,0.7855437411237517,0,Pressão de meta / risco intermediário
2108207,21,MA,Nordeste,64.51,752.16,71.87,-7.359999999999999,0.7853611600770712,0,Pressão de meta / risco intermediário
2605202,26,PE,Nordeste,30.48,724.57,62.84,-32.36,0.7852873434997912,2,Maior vulnerabilidade / maior risco
3540507,35,SP,Sudeste,60.38,754.11,73.06,-12.68,0.7852860750553392,0,Pressão de meta / risco intermediário
1501600,15,PA,Norte,32.2,724.99,50.41,-18.209999999999994,0.7849530886418155,2,Maior vulnerabilidade / maior risco
2409506,24,RN,Nordeste,44.5,736.26,56.63,-12.130000000000003,0.7849369928023374,2,Maior vulnerabilidade / maior risco
2202778,22,PI,Nordeste,42.87,745.4,66.43,-23.56000000000001,0.7849330268120746,2,Maior vulnerabilidade / maior risco
3528205,35,SP,Sudeste,72.5,770.24,80.0,-7.5,0.7847501147619756,0,Pressão de meta / risco intermediário
3300233,33,RJ,Sudeste,68.56,752.4,71.27,-2.7099999999999937,0.7846967729046704,0,Pressão de meta / risco intermediário
2926004,29,BA,Nordeste,35.26,727.15,40.5,-5.240000000000002,0.7845917300292857,2,Maior vulnerabilidade / maior risco
2506251,25,PB,Nordeste,70.71,775.66,78.77,-8.060000000000002,0.7841569314736583,0,Pressão de meta / risco intermediário
1503457,15,PA,Norte,42.95,724.46,52.44,-9.489999999999995,0.7839696782500534,2,Maior vulnerabilidade / maior risco
5004007,50,MS,Centro-Oeste,73.2,758.28,79.23,-6.030000000000001,0.7838411717665746,0,Pressão de meta / risco intermediário
2409605,24,RN,Nordeste,37.5,732.97,54.21,-16.71,0.7835987131492765,2,Maior vulnerabilidade / maior risco
4117057,41,PR,Sul,68.33,749.71,78.22,-9.89,0.7835709150684212,0,Pressão de meta / risco intermediário
2603306,26,PE,Nordeste,40.68,724.17,64.74,-24.059999999999995,0.7831945392704683,2,Maior vulnerabilidade / maior risco
2209450,22,PI,Nordeste,78.26,768.4,80.0,-1.7399999999999949,0.7826735050514766,0,Pressão de meta / risco intermediário
3533304,35,SP,Sudeste,73.33,764.67,78.53,-5.200000000000003,0.7825844119828911,0,Pressão de meta / risco intermediário
4125605,41,PR,Sul,70.57,754.72,80.0,-9.430000000000007,0.7821158747211482,0,Pressão de meta / risco intermediário
2701100,27,AL,Nordeste,79.89,765.81,77.5,2.3900000000000006,0.782115498387221,0,Pressão de meta / risco intermediário
2201929,22,PI,Nordeste,35.96,728.57,60.21,-24.25,0.78198450559418,2,Maior vulnerabilidade / maior risco
2407302,24,RN,Nordeste,22.73,700.6,42.12,-19.389999999999997,0.7817380009500957,2,Maior vulnerabilidade / maior risco
2513356,25,PB,Nordeste,39.01,737.66,61.59,-22.580000000000005,0.7815972708850971,2,Maior vulnerabilidade / maior risco
1504109,15,PA,Norte,60.05,748.57,62.5,-2.450000000000003,0.7809547934368011,0,Pressão de meta / risco intermediário
2801504,28,SE,Nordeste,16.16,702.2,40.27,-24.110000000000003,0.7806870303434605,2,Maior vulnerabilidade / maior risco
3507407,35,SP,Sudeste,70.83,772.2,80.0,-9.170000000000002,0.7805548757994071,0,Pressão de meta / risco intermediário
4109302,41,PR,Sul,71.17,754.55,80.0,-8.829999999999998,0.7804631764257457,0,Pressão de meta / risco intermediário
2800407,28,SE,Nordeste,28.6,712.46,45.65,-17.049999999999997,0.7800695784320307,2,Maior vulnerabilidade / maior risco
1504901,15,PA,Norte,33.63,722.43,49.76,-16.129999999999995,0.779868916816416,2,Maior vulnerabilidade / maior risco
3525805,35,SP,Sudeste,55.26,751.42,70.98,-15.720000000000006,0.7793527841922336,0,Pressão de meta / risco intermediário
1505106,15,PA,Norte,53.98,740.62,58.97,-4.990000000000002,0.7792957547676248,2,Maior vulnerabilidade / maior risco
3556404,35,SP,Sudeste,61.51,753.3,72.78,-11.270000000000003,0.7790917387844011,0,Pressão de meta / risco intermediário
3305158,33,RJ,Sudeste,76.78,757.43,74.08,2.700000000000003,0.7786950807192371,0,Pressão de meta / risco intermediário
2512705,25,PB,Nordeste,49.27,745.35,65.68,-16.410000000000004,0.7782055070827851,2,Maior vulnerabilidade / maior risco
4103040,41,PR,Sul,60.49,749.77,76.36,-15.869999999999997,0.7780849956323668,0,Pressão de meta / risco intermediário
2401651,24,RN,Nordeste,60.0,773.52,69.81,-9.810000000000002,0.7779583265004687,0,Pressão de meta / risco intermediário
5106315,51,MT,Centro-Oeste,58.27,748.68,73.96,-15.68999999999999,0.7775480348231221,0,Pressão de meta / risco intermediário
3303005,33,RJ,Sudeste,69.51,753.78,71.51,-2.0,0.7774452214384107,0,Pressão de meta / risco intermediário
4100459,41,PR,Sul,74.47,750.25,79.35,-4.8799999999999955,0.7773592129436079,0,Pressão de meta / risco intermediário
1505403,15,PA,Norte,56.24,738.47,58.75,-2.509999999999998,0.7772829735859557,2,Maior vulnerabilidade / maior risco
1503705,15,PA,Norte,44.08,732.64,54.62,-10.54,0.7771989216643627,2,Maior vulnerabilidade / maior risco
3556602,35,SP,Sudeste,50.96,745.32,68.3,-17.339999999999996,0.7770893118460539,0,Pressão de meta / risco intermediário
4102901,41,PR,Sul,70.06,755.95,80.0,-9.939999999999998,0.7770576143322097,0,Pressão de meta / risco intermediário
1503507,15,PA,Norte,49.64,735.27,56.48,-6.839999999999996,0.7768346606169897,2,Maior vulnerabilidade / maior risco
3304524,33,RJ,Sudeste,68.67,750.37,70.35,-1.6799999999999926,0.7764968847402121,0,Pressão de meta / risco intermediário
2112456,21,MA,Nordeste,49.69,736.76,64.13,-14.439999999999998,0.7763818412215931,2,Maior vulnerabilidade / maior risco
2903607,29,BA,Nordeste,29.82,722.82,37.78,-7.960000000000001,0.7760283288376476,2,Maior vulnerabilidade / maior risco
3305133,33,RJ,Sudeste,80.39,764.29,76.59,3.799999999999997,0.7758070641665915,0,Pressão de meta / risco intermediário
2200806,22,PI,Nordeste,73.81,772.9,80.0,-6.189999999999998,0.7756808040508812,0,Pressão de meta / risco intermediário
3304201,33,RJ,Sudeste,72.48,754.48,72.21,0.27000000000001023,0.7750990535837922,0,Pressão de meta / risco intermediário
2923357,29,BA,Nordeste,34.04,721.34,38.2,-4.160000000000004,0.7750790300271716,2,Maior vulnerabilidade / maior risco
4323705,43,RS,Sul,100.0,785.9,76.0,24.0,0.7748431434482115,1,Melhor desempenho / menor risco
2109551,21,MA,Nordeste,50.14,731.37,62.66,-12.519999999999996,0.7747877764201159,2,Maior vulnerabilidade / maior risco
4101853,41,PR,Sul,69.82,745.4,76.92,-7.1000000000000085,0.774573412387086,0,Pressão de meta / risco intermediário
2209377,22,PI,Nordeste,51.64,743.3,67.18,-15.540000000000006,0.7745262216792781,0,Pressão de meta / risco intermediário
4108957,41,PR,Sul,71.55,754.09,79.67,-8.120000000000005,0.7743523339815869,0,Pressão de meta / risco intermediário
2807105,28,SE,Nordeste,30.35,718.57,47.41,-17.059999999999995,0.7737407860632974,2,Maior vulnerabilidade / maior risco
2100873,21,MA,Nordeste,91.6,763.3,80.0,11.599999999999994,0.7734689270046314,0,Pressão de meta / risco intermediário
3303906,33,RJ,Sudeste,64.81,745.88,68.17,-3.3599999999999994,0.7734203680815529,0,Pressão de meta / risco intermediário
1502855,15,PA,Norte,42.47,720.69,50.81,-8.340000000000003,0.7734059326747352,2,Maior vulnerabilidade / maior risco
2205854,22,PI,Nordeste,55.88,742.78,67.86,-11.979999999999997,0.7733628935797643,0,Pressão de meta / risco intermediário
3514502,35,SP,Sudeste,77.0,768.81,80.0,-3.0,0.7731885058220552,0,Pressão de meta / risco intermediário
1304302,13,AM,Norte,73.95,754.65,64.52,9.430000000000007,0.7728287774101454,0,Pressão de meta / risco intermediário
4320305,43,RS,Sul,50.0,750.42,55.76,-5.759999999999998,0.7728090430612821,2,Maior vulnerabilidade / maior risco
3103603,31,MG,Sudeste,57.09,729.39,76.51,-19.42,0.7725114163707009,0,Pressão de meta / risco intermediário
3302403,33,RJ,Sudeste,59.46,743.67,66.41,-6.949999999999996,0.7724781675142623,0,Pressão de meta / risco intermediário
3303401,33,RJ,Sudeste,68.84,749.71,70.0,-1.1599999999999966,0.7720512442254435,0,Pressão de meta / risco intermediário
1507458,15,PA,Norte,52.06,737.45,57.34,-5.280000000000001,0.7715018490110486,2,Maior vulnerabilidade / maior risco
5005103,50,MS,Centro-Oeste,56.25,742.96,70.92,-14.670000000000002,0.7714779953825782,0,Pressão de meta / risco intermediário
3500600,35,SP,Sudeste,80.89,766.19,80.0,0.8900000000000006,0.7714216063863553,0,Pressão de meta / risco intermediário
5107305,51,MT,Centro-Oeste,60.28,752.9,75.26,-14.980000000000004,0.7713612459581847,0,Pressão de meta / risco intermediário
2806107,28,SE,Nordeste,39.01,729.33,52.05,-13.04,0.7709758502101656,2,Maior vulnerabilidade / maior risco
3507308,35,SP,Sudeste,66.62,754.89,73.9,-7.280000000000001,0.7708595098461893,0,Pressão de meta / risco intermediário
2504504,25,PB,Nordeste,46.13,742.86,64.0,-17.869999999999997,0.7707013528946918,2,Maior vulnerabilidade / maior risco
1101203,11,RO,Norte,69.17,751.95,74.81,-5.640000000000001,0.7705815169569051,0,Pressão de meta / risco intermediário
5108352,51,MT,Centro-Oeste,23.86,721.28,58.95,-35.09,0.7705244650031581,2,Maior vulnerabilidade / maior risco
5101605,51,MT,Centro-Oeste,41.67,735.38,66.53,-24.86,0.7705094188067368,2,Maior vulnerabilidade / maior risco
2803906,28,SE,Nordeste,36.75,717.63,48.29,-11.54,0.7696835490148995,2,Maior vulnerabilidade / maior risco
4115903,41,PR,Sul,56.0,743.77,73.37,-17.370000000000005,0.7692328139805825,0,Pressão de meta / risco intermediário
3128600,31,MG,Sudeste,51.62,744.23,79.32,-27.699999999999996,0.7689309661714153,0,Pressão de meta / risco intermediário
4105409,41,PR,Sul,70.85,756.75,80.0,-9.150000000000006,0.7685863762705772,0,Pressão de meta / risco intermediário
2706505,27,AL,Nordeste,32.59,718.97,54.15,-21.559999999999995,0.7685561905357545,2,Maior vulnerabilidade / maior risco
2708204,27,AL,Nordeste,70.72,752.39,71.26,-0.5400000000000063,0.7682559563901281,0,Pressão de meta / risco intermediário
4311205,43,RS,Sul,42.2,733.48,49.24,-7.039999999999999,0.7678345253084523,2,Maior vulnerabilidade / maior risco
3508306,35,SP,Sudeste,78.11,767.36,79.58,-1.4699999999999989,0.7676692140151126,0,Pressão de meta / risco intermediário
3531407,35,SP,Sudeste,65.44,762.17,75.51,-10.070000000000007,0.7673256858034027,0,Pressão de meta / risco intermediário
2513851,25,PB,Nordeste,35.81,723.61,56.38,-20.57,0.767035738298384,2,Maior vulnerabilidade / maior risco
2201945,22,PI,Nordeste,77.1,771.88,80.0,-2.9000000000000057,0.7668633443732056,0,Pressão de meta / risco intermediário
1501758,15,PA,Norte,75.7,757.46,67.55,8.150000000000006,0.7668223287883054,0,Pressão de meta / risco intermediário
3531308,35,SP,Sudeste,59.0,751.44,71.18,-12.180000000000007,0.7666072810031844,0,Pressão de meta / risco intermediário
1100148,11,RO,Norte,75.61,753.48,76.38,-0.769999999999996,0.7664599011720358,0,Pressão de meta / risco intermediário
2511400,25,PB,Nordeste,42.85,736.93,61.49,-18.64,0.7664062226171015,2,Maior vulnerabilidade / maior risco
1101559,11,RO,Norte,65.3,754.2,74.44,-9.14,0.7662989756374764,0,Pressão de meta / risco intermediário
3544004,35,SP,Sudeste,58.5,747.07,69.84,-11.340000000000003,0.7659662922941175,0,Pressão de meta / risco intermediário
2406809,24,RN,Nordeste,47.42,726.38,53.62,-6.199999999999996,0.7656534072824114,2,Maior vulnerabilidade / maior risco
3517604,35,SP,Sudeste,60.31,750.3,71.09,-10.780000000000001,0.7655790122725848,0,Pressão de meta / risco intermediário
2806404,28,SE,Nordeste,22.21,713.11,43.85,-21.64,0.7655672417389052,2,Maior vulnerabilidade / maior risco
4219150,42,SC,Sul,69.58,754.73,80.0,-10.420000000000002,0.7655412091898154,0,Pressão de meta / risco intermediário
3532843,35,SP,Sudeste,72.22,770.92,79.25,-7.030000000000001,0.7655081107305713,0,Pressão de meta / risco intermediário
1711506,17,TO,Norte,62.32,756.47,67.22,-4.899999999999999,0.7652970158117868,0,Pressão de meta / risco intermediário
4125555,41,PR,Sul,73.08,755.62,80.0,-6.920000000000002,0.7652500821268418,0,Pressão de meta / risco intermediário
2801405,28,SE,Nordeste,34.24,718.02,47.68,-13.439999999999998,0.7652311306231561,2,Maior vulnerabilidade / maior risco
4115309,41,PR,Sul,66.98,751.05,77.47,-10.489999999999995,0.7651312037762418,0,Pressão de meta / risco intermediário
4128401,41,PR,Sul,66.07,752.15,77.58,-11.510000000000005,0.7649974876625061,0,Pressão de meta / risco intermediário
2807402,28,SE,Nordeste,46.26,732.15,54.06,-7.800000000000004,0.7649666547530681,2,Maior vulnerabilidade / maior risco
1100502,11,RO,Norte,70.67,751.83,74.83,-4.159999999999997,0.7648302420624085,0,Pressão de meta / risco intermediário
2805604,28,SE,Nordeste,16.87,699.91,39.04,-22.169999999999998,0.7642888703687837,2,Maior vulnerabilidade / maior risco
2210102,22,PI,Nordeste,75.0,763.78,77.2,-2.200000000000003,0.7640128228819625,0,Pressão de meta / risco intermediário
2111672,21,MA,Nordeste,35.69,729.1,58.56,-22.870000000000005,0.7640010918537,2,Maior vulnerabilidade / maior risco
2926103,29,BA,Nordeste,23.58,715.7,33.98,-10.399999999999999,0.7639988706497165,2,Maior vulnerabilidade / maior risco
2102556,21,MA,Nordeste,61.7,749.69,69.62,-7.920000000000002,0.7637651006924394,0,Pressão de meta / risco intermediário
5107107,51,MT,Centro-Oeste,68.7,765.06,80.0,-11.299999999999997,0.7632343654193433,0,Pressão de meta / risco intermediário
3306008,33,RJ,Sudeste,51.43,735.85,62.15,-10.719999999999999,0.7626792960556908,2,Maior vulnerabilidade / maior risco
2108603,21,MA,Nordeste,46.82,733.04,61.85,-15.030000000000001,0.7617158980669273,2,Maior vulnerabilidade / maior risco
3534807,35,SP,Sudeste,76.07,771.37,80.0,-3.930000000000007,0.7616454760185537,0,Pressão de meta / risco intermediário
3533254,35,SP,Sudeste,63.99,752.15,72.18,-8.190000000000005,0.7614464943413213,0,Pressão de meta / risco intermediário
2400208,24,RN,Nordeste,40.86,734.24,54.25,-13.39,0.761429192013755,2,Maior vulnerabilidade / maior risco
2103703,21,MA,Nordeste,66.32,749.31,70.36,-4.040000000000006,0.7612593132645598,0,Pressão de meta / risco intermediário
2203354,22,PI,Nordeste,11.96,703.84,47.45,-35.49,0.7607337894948694,2,Maior vulnerabilidade / maior risco
3539004,35,SP,Sudeste,75.61,771.88,80.0,-4.390000000000001,0.760598816959386,0,Pressão de meta / risco intermediário
3303609,33,RJ,Sudeste,69.98,748.37,69.35,0.6300000000000097,0.760471198436286,0,Pressão de meta / risco intermediário
3546801,35,SP,Sudeste,67.17,758.79,74.63,-7.459999999999994,0.760460571343586,0,Pressão de meta / risco intermediário
4112306,41,PR,Sul,64.46,751.91,76.98,-12.52000000000001,0.7604384085846482,0,Pressão de meta / risco intermediário
4115358,41,PR,Sul,76.69,753.69,80.0,-3.3100000000000023,0.7604160162075808,0,Pressão de meta / risco intermediário
2922706,29,BA,Nordeste,50.0,734.03,44.35,5.649999999999999,0.7603495888710399,2,Maior vulnerabilidade / maior risco
2704906,27,AL,Nordeste,57.65,743.83,65.82,-8.169999999999995,0.7598636487600459,0,Pressão de meta / risco intermediário
4214607,42,SC,Sul,70.6,754.88,80.0,-9.400000000000006,0.759808619024306,0,Pressão de meta / risco intermediário
4122107,41,PR,Sul,69.55,759.13,80.0,-10.450000000000003,0.7597867678990997,0,Pressão de meta / risco intermediário
3507456,35,SP,Sudeste,53.42,742.45,67.24,-13.819999999999993,0.7597834623909538,0,Pressão de meta / risco intermediário
3549201,35,SP,Sudeste,80.0,768.74,80.0,0.0,0.759690451141459,0,Pressão de meta / risco intermediário
3539202,35,SP,Sudeste,69.44,764.22,76.56,-7.1200000000000045,0.7595331526151493,0,Pressão de meta / risco intermediário
2104305,21,MA,Nordeste,88.4,768.0,80.0,8.400000000000006,0.7591424752085997,0,Pressão de meta / risco intermediário
4100707,41,PR,Sul,64.66,749.59,76.32,-11.659999999999997,0.7590642650887814,0,Pressão de meta / risco intermediário
1501105,15,PA,Norte,53.31,739.02,57.48,-4.169999999999995,0.7590493683938152,2,Maior vulnerabilidade / maior risco
2922904,29,BA,Nordeste,31.41,724.11,37.7,-6.290000000000003,0.7588921891551401,2,Maior vulnerabilidade / maior risco
4321832,43,RS,Sul,40.0,729.71,47.33,-7.329999999999998,0.7584702567162271,2,Maior vulnerabilidade / maior risco
4107603,41,PR,Sul,71.76,757.71,80.0,-8.239999999999995,0.7583081975831152,0,Pressão de meta / risco intermediário
2414902,24,RN,Nordeste,61.9,760.74,65.79,-3.8900000000000077,0.7583020319811602,0,Pressão de meta / risco intermediário
4104428,41,PR,Sul,64.69,746.36,75.4,-10.710000000000008,0.7582999299841071,0,Pressão de meta / risco intermediário
1703891,17,TO,Norte,23.86,717.31,48.13,-24.270000000000003,0.7582029952019824,2,Maior vulnerabilidade / maior risco
5008008,50,MS,Centro-Oeste,47.09,737.0,66.78,-19.689999999999998,0.7579726126762952,2,Maior vulnerabilidade / maior risco
3520202,35,SP,Sudeste,50.61,745.66,67.46,-16.849999999999994,0.7577998407140433,0,Pressão de meta / risco intermediário
2101608,21,MA,Nordeste,64.05,750.72,70.11,-6.060000000000002,0.7573509331292007,0,Pressão de meta / risco intermediário
1304401,13,AM,Norte,46.46,735.4,52.79,-6.329999999999998,0.7564836132113432,2,Maior vulnerabilidade / maior risco
2112803,21,MA,Nordeste,53.36,741.68,65.36,-12.0,0.756417434781106,0,Pressão de meta / risco intermediário
3304151,33,RJ,Sudeste,70.11,753.53,70.62,-0.5100000000000051,0.7562543897608964,0,Pressão de meta / risco intermediário
4314407,43,RS,Sul,39.4,728.65,46.81,-7.410000000000004,0.7560968259993868,2,Maior vulnerabilidade / maior risco
2612703,26,PE,Nordeste,70.05,761.84,80.0,-9.950000000000003,0.7559127223614747,0,Pressão de meta / risco intermediário
3302106,33,RJ,Sudeste,70.09,751.5,70.01,0.0799999999999983,0.7552195815783188,0,Pressão de meta / risco intermediário
3523503,35,SP,Sudeste,54.18,744.12,67.63,-13.449999999999996,0.7545033339788599,0,Pressão de meta / risco intermediário
4315073,43,RS,Sul,88.2,771.19,68.59,19.61,0.7544499253555461,1,Melhor desempenho / menor risco
3300225,33,RJ,Sudeste,63.64,749.64,68.12,-4.480000000000004,0.7542419858679303,0,Pressão de meta / risco intermediário
2203008,22,PI,Nordeste,79.55,771.95,79.95,-0.4000000000000057,0.753692529814384,0,Pressão de meta / risco intermediário
5005251,50,MS,Centro-Oeste,77.47,762.78,80.0,-2.530000000000001,0.7535988793486416,0,Pressão de meta / risco intermediário
4126678,41,PR,Sul,65.46,747.69,75.72,-10.260000000000005,0.7535092044520271,0,Pressão de meta / risco intermediário
2929800,29,BA,Nordeste,20.73,705.55,30.12,-9.39,0.7533224887738819,2,Maior vulnerabilidade / maior risco
4205605,42,SC,Sul,70.47,756.09,80.0,-9.530000000000001,0.7526926626774105,0,Pressão de meta / risco intermediário
4118501,41,PR,Sul,71.14,754.51,78.74,-7.599999999999994,0.7525781089249771,0,Pressão de meta / risco intermediário
4312708,43,RS,Sul,52.4,746.41,54.22,-1.8200000000000003,0.7517223454303638,2,Maior vulnerabilidade / maior risco
2510204,25,PB,Nordeste,38.04,726.55,56.96,-18.92,0.751115325935836,2,Maior vulnerabilidade / maior risco
5215207,52,GO,Centro-Oeste,54.84,730.67,80.0,-25.159999999999997,0.750108208629549,0,Pressão de meta / risco intermediário
2107209,21,MA,Nordeste,46.83,734.93,61.87,-15.04,0.7500333375492978,2,Maior vulnerabilidade / maior risco
4113452,41,PR,Sul,72.9,758.18,80.0,-7.099999999999994,0.7497985297485781,0,Pressão de meta / risco intermediário
2206605,22,PI,Nordeste,57.85,757.28,71.24,-13.389999999999993,0.7497723909130096,0,Pressão de meta / risco intermediário
2605509,26,PE,Nordeste,41.36,731.05,65.28,-23.92,0.749474683050815,2,Maior vulnerabilidade / maior risco
4209458,42,SC,Sul,66.07,756.23,78.99,-12.920000000000002,0.7494341058575811,0,Pressão de meta / risco intermediário
3305208,33,RJ,Sudeste,55.74,741.39,63.99,-8.25,0.7491891805954607,0,Pressão de meta / risco intermediário
3304003,33,RJ,Sudeste,60.43,744.15,65.7,-5.270000000000003,0.7486512821188566,0,Pressão de meta / risco intermediário
3524600,35,SP,Sudeste,54.8,749.7,69.05,-14.25,0.7486268625698904,0,Pressão de meta / risco intermediário
1507805,15,PA,Norte,35.9,717.37,47.44,-11.54,0.7484562890178628,2,Maior vulnerabilidade / maior risco
2110039,21,MA,Nordeste,85.76,771.66,80.0,5.760000000000005,0.7482901219135182,0,Pressão de meta / risco intermediário
2804508,28,SE,Nordeste,31.24,711.13,44.41,-13.169999999999998,0.7480224108668722,2,Maior vulnerabilidade / maior risco
4120309,41,PR,Sul,75.0,756.94,80.0,-5.0,0.7476397168269625,0,Pressão de meta / risco intermediário
2204600,22,PI,Nordeste,81.47,771.63,80.0,1.4699999999999989,0.7476196566577092,0,Pressão de meta / risco intermediário
4120408,41,PR,Sul,62.98,756.46,77.36,-14.380000000000003,0.7471224738034483,0,Pressão de meta / risco intermediário
2406502,24,RN,Nordeste,35.61,720.1,48.64,-13.030000000000001,0.7471182757872327,2,Maior vulnerabilidade / maior risco
2914208,29,BA,Nordeste,65.38,755.59,52.91,12.469999999999999,0.74682370995832,3,Desempenho favorável
4114708,41,PR,Sul,49.96,738.22,69.61,-19.65,0.7467599683453892,2,Maior vulnerabilidade / maior risco
4101606,41,PR,Sul,67.63,751.04,76.8,-9.170000000000002,0.7465731064036577,0,Pressão de meta / risco intermediário
2413359,24,RN,Nordeste,27.68,720.15,46.99,-19.310000000000002,0.7465471014260002,2,Maior vulnerabilidade / maior risco
3512407,35,SP,Sudeste,69.6,764.53,76.12,-6.52000000000001,0.7464934139002309,0,Pressão de meta / risco intermediário
3537701,35,SP,Sudeste,76.68,773.29,80.0,-3.319999999999993,0.7463580174101572,0,Pressão de meta / risco intermediário
2702009,27,AL,Nordeste,77.24,769.87,76.49,0.75,0.7463423844912672,0,Pressão de meta / risco intermediário
1500206,15,PA,Norte,41.73,729.65,51.93,-10.200000000000003,0.745840453384242,2,Maior vulnerabilidade / maior risco
2111953,21,MA,Nordeste,80.65,764.21,76.78,3.8700000000000045,0.7458285610380848,0,Pressão de meta / risco intermediário
3137106,31,MG,Sudeste,56.25,746.86,80.0,-23.75,0.7457801025914567,0,Pressão de meta / risco intermediário
3530300,35,SP,Sudeste,61.57,754.17,71.53,-9.96,0.7449337868834546,0,Pressão de meta / risco intermediário
4104808,41,PR,Sul,74.34,757.87,80.0,-5.659999999999997,0.7447728746597279,0,Pressão de meta / risco intermediário
3301504,33,RJ,Sudeste,64.16,742.98,65.98,-1.8200000000000074,0.7446671880634851,0,Pressão de meta / risco intermediário
4125456,41,PR,Sul,74.36,757.91,80.0,-5.640000000000001,0.744410263477331,0,Pressão de meta / risco intermediário
1720937,17,TO,Norte,55.56,752.27,63.74,-8.18,0.7439024319766784,0,Pressão de meta / risco intermediário
2200053,22,PI,Nordeste,81.89,771.9,80.0,1.8900000000000006,0.7437766144096963,0,Pressão de meta / risco intermediário
4125308,41,PR,Sul,70.73,760.73,80.0,-9.269999999999996,0.7437175148108554,0,Pressão de meta / risco intermediário
2801900,28,SE,Nordeste,54.53,735.07,55.66,-1.1299999999999955,0.7436428100571646,2,Maior vulnerabilidade / maior risco
4112108,41,PR,Sul,68.64,754.64,77.88,-9.239999999999995,0.7436159160270194,0,Pressão de meta / risco intermediário
1501253,15,PA,Norte,47.37,731.72,53.57,-6.200000000000003,0.7434905299127754,2,Maior vulnerabilidade / maior risco
1716109,17,TO,Norte,63.45,757.84,66.87,-3.4200000000000017,0.7429134914019493,0,Pressão de meta / risco intermediário
2608057,26,PE,Nordeste,68.05,755.57,77.29,-9.240000000000009,0.7426397560800264,0,Pressão de meta / risco intermediário
1506203,15,PA,Norte,50.44,734.87,55.04,-4.600000000000001,0.7426368612528974,2,Maior vulnerabilidade / maior risco
2105005,21,MA,Nordeste,59.22,747.4,67.55,-8.329999999999998,0.7422051056391328,0,Pressão de meta / risco intermediário
3305752,33,RJ,Sudeste,54.46,741.42,63.44,-8.979999999999997,0.7422019775157911,0,Pressão de meta / risco intermediário
3306305,33,RJ,Sudeste,63.25,746.21,66.58,-3.3299999999999983,0.7421592282835344,0,Pressão de meta / risco intermediário
1503309,15,PA,Norte,41.34,724.19,50.18,-8.839999999999996,0.7420170187248959,2,Maior vulnerabilidade / maior risco
2202711,22,PI,Nordeste,59.56,758.1,71.49,-11.929999999999993,0.7419158495864506,0,Pressão de meta / risco intermediário
1303502,13,AM,Norte,48.43,732.94,51.88,-3.450000000000003,0.7414503826956075,2,Maior vulnerabilidade / maior risco
1715101,17,TO,Norte,36.09,725.09,52.09,-16.0,0.7412614907290311,2,Maior vulnerabilidade / maior risco
4119954,41,PR,Sul,61.28,746.38,73.93,-12.650000000000006,0.7401403129810784,0,Pressão de meta / risco intermediário
3153202,31,MG,Sudeste,54.55,748.99,80.0,-25.450000000000003,0.7400924090943065,0,Pressão de meta / risco intermediário
2915353,29,BA,Nordeste,32.8,721.53,36.47,-3.6700000000000017,0.7399473776670618,2,Maior vulnerabilidade / maior risco
2806701,28,SE,Nordeste,68.53,754.42,63.75,4.780000000000001,0.7399358297036425,0,Pressão de meta / risco intermediário
2104099,21,MA,Nordeste,84.29,774.03,80.0,4.290000000000006,0.7398976310703469,0,Pressão de meta / risco intermediário
4125407,41,PR,Sul,76.15,757.26,80.0,-3.8499999999999943,0.7398366040556155,0,Pressão de meta / risco intermediário
2102036,21,MA,Nordeste,63.18,749.71,68.89,-5.710000000000001,0.7393750252447606,0,Pressão de meta / risco intermediário
2504900,25,PB,Nordeste,47.63,747.1,64.13,-16.499999999999993,0.739344823187657,2,Maior vulnerabilidade / maior risco
1507961,15,PA,Norte,49.88,732.42,54.1,-4.219999999999999,0.7390976693226384,2,Maior vulnerabilidade / maior risco
3301900,33,RJ,Sudeste,50.45,734.83,60.66,-10.209999999999994,0.7390921214823667,2,Maior vulnerabilidade / maior risco
2110401,21,MA,Nordeste,38.29,727.39,57.56,-19.270000000000003,0.7390628166458081,2,Maior vulnerabilidade / maior risco
3301850,33,RJ,Sudeste,47.75,734.16,59.91,-12.159999999999997,0.7389353523063553,2,Maior vulnerabilidade / maior risco
3504107,35,SP,Sudeste,65.46,759.29,73.5,-8.040000000000006,0.7389317980422503,0,Pressão de meta / risco intermediário
2507705,25,PB,Nordeste,45.45,735.44,60.43,-14.979999999999997,0.7387202604123554,2,Maior vulnerabilidade / maior risco
3537008,35,SP,Sudeste,51.67,746.47,67.06,-15.39,0.7378548027763857,0,Pressão de meta / risco intermediário
2409209,24,RN,Nordeste,50.69,744.07,57.99,-7.300000000000004,0.7376447763346683,2,Maior vulnerabilidade / maior risco
3522653,35,SP,Sudeste,29.85,725.71,56.8,-26.949999999999996,0.7376368181250325,2,Maior vulnerabilidade / maior risco
1101807,11,RO,Norte,44.06,735.44,63.63,-19.57,0.7374861352345222,2,Maior vulnerabilidade / maior risco
2701407,27,AL,Nordeste,67.45,755.53,70.13,-2.6799999999999926,0.7374193375518026,0,Pressão de meta / risco intermediário
2211308,22,PI,Nordeste,42.13,734.24,61.1,-18.97,0.7373304176322821,2,Maior vulnerabilidade / maior risco
3303807,33,RJ,Sudeste,48.89,734.86,60.27,-11.380000000000003,0.7372555579905075,2,Maior vulnerabilidade / maior risco
2106755,21,MA,Nordeste,50.55,739.21,63.27,-12.720000000000006,0.7368118524710201,2,Maior vulnerabilidade / maior risco
3107000,31,MG,Sudeste,58.22,746.74,80.0,-21.78,0.7367750271026605,0,Pressão de meta / risco intermediário
5100508,51,MT,Centro-Oeste,52.43,750.62,71.51,-19.080000000000005,0.7365691220834473,0,Pressão de meta / risco intermediário
2103158,21,MA,Nordeste,87.93,771.84,80.0,7.930000000000007,0.736325727433269,0,Pressão de meta / risco intermediário
4215075,42,SC,Sul,72.07,757.42,80.0,-7.930000000000007,0.7360160522258973,0,Pressão de meta / risco intermediário
4120903,41,PR,Sul,62.11,747.64,74.27,-12.159999999999997,0.7357732943701102,0,Pressão de meta / risco intermediário
3304300,33,RJ,Sudeste,57.46,741.28,63.74,-6.280000000000001,0.735381767591613,0,Pressão de meta / risco intermediário
2509370,25,PB,Nordeste,18.18,728.23,52.66,-34.48,0.7353650721310311,2,Maior vulnerabilidade / maior risco
4204905,42,SC,Sul,70.31,758.87,80.0,-9.689999999999998,0.7351147290112082,0,Pressão de meta / risco intermediário
2412203,24,RN,Nordeste,34.77,722.26,48.56,-13.79,0.7349964107232105,2,Maior vulnerabilidade / maior risco
3305604,33,RJ,Sudeste,57.35,740.3,63.43,-6.079999999999998,0.7349827250396949,0,Pressão de meta / risco intermediário
2205904,22,PI,Nordeste,82.38,772.86,80.0,2.3799999999999955,0.7349083526740309,0,Pressão de meta / risco intermediário
4128633,41,PR,Sul,69.45,753.7,77.42,-7.969999999999999,0.7347217677737294,0,Pressão de meta / risco intermediário
3531902,35,SP,Sudeste,45.3,738.11,63.3,-18.0,0.7346455620399216,2,Maior vulnerabilidade / maior risco
1504703,15,PA,Norte,34.29,717.41,46.54,-12.25,0.7345519515561549,2,Maior vulnerabilidade / maior risco
4104709,41,PR,Sul,66.18,749.72,75.62,-9.439999999999998,0.7341450865686517,0,Pressão de meta / risco intermediário
2406007,24,RN,Nordeste,49.94,736.92,55.7,-5.760000000000005,0.7337823285796957,2,Maior vulnerabilidade / maior risco
4203709,42,SC,Sul,41.37,730.15,66.02,-24.65,0.7337399205595375,2,Maior vulnerabilidade / maior risco
3551306,35,SP,Sudeste,75.86,775.81,80.0,-4.140000000000001,0.7336328958976766,0,Pressão de meta / risco intermediário
3304706,33,RJ,Sudeste,73.82,754.6,70.72,3.0999999999999943,0.7332954455877873,0,Pressão de meta / risco intermediário
2911105,29,BA,Nordeste,28.21,721.43,35.22,-7.009999999999998,0.7332948933310185,2,Maior vulnerabilidade / maior risco
3300803,33,RJ,Sudeste,49.28,734.8,60.17,-10.89,0.7332479697889754,2,Maior vulnerabilidade / maior risco
2500502,25,PB,Nordeste,53.1,745.98,64.7,-11.600000000000001,0.7332177850753335,0,Pressão de meta / risco intermediário
4121505,41,PR,Sul,77.0,757.65,80.0,-3.0,0.7329285284287268,0,Pressão de meta / risco intermediário
4113809,41,PR,Sul,77.71,757.13,80.0,-2.2900000000000063,0.7328534033849904,0,Pressão de meta / risco intermediário
2409407,24,RN,Nordeste,38.9,731.25,51.81,-12.910000000000004,0.7328081467522871,2,Maior vulnerabilidade / maior risco
2405108,24,RN,Nordeste,29.91,713.94,45.15,-15.239999999999998,0.7324222551072952,2,Maior vulnerabilidade / maior risco
2908804,29,BA,Nordeste,40.62,727.69,39.48,1.1400000000000006,0.7323931760953801,2,Maior vulnerabilidade / maior risco
4122503,41,PR,Sul,76.32,758.29,80.0,-3.680000000000007,0.732035393795573,0,Pressão de meta / risco intermediário
1708254,17,TO,Norte,51.71,739.96,59.04,-7.329999999999998,0.7317470251618553,2,Maior vulnerabilidade / maior risco
4123006,41,PR,Sul,76.46,758.25,80.0,-3.5400000000000063,0.7315947426502317,0,Pressão de meta / risco intermediário
4109401,41,PR,Sul,67.0,751.4,76.11,-9.11,0.7306032125330542,0,Pressão de meta / risco intermediário
2600906,26,PE,Nordeste,55.29,748.86,72.29,-17.000000000000007,0.7303044635115727,0,Pressão de meta / risco intermediário
2204105,22,PI,Nordeste,32.38,730.97,57.89,-25.509999999999998,0.7302233124987395,2,Maior vulnerabilidade / maior risco
4111704,41,PR,Sul,73.86,760.4,80.0,-6.140000000000001,0.7301940490245346,0,Pressão de meta / risco intermediário
2110203,21,MA,Nordeste,56.53,746.32,66.19,-9.659999999999997,0.729889339544205,0,Pressão de meta / risco intermediário
2600302,26,PE,Nordeste,64.09,749.54,74.28,-10.189999999999998,0.7298683652419543,0,Pressão de meta / risco intermediário
3301702,33,RJ,Sudeste,45.37,729.72,57.8,-12.43,0.7293734089666072,2,Maior vulnerabilidade / maior risco
2206696,22,PI,Nordeste,65.17,754.34,71.09,-5.920000000000002,0.7292105950718002,0,Pressão de meta / risco intermediário
3536000,35,SP,Sudeste,73.38,767.14,76.91,-3.530000000000001,0.7291864767115753,0,Pressão de meta / risco intermediário
4121257,41,PR,Sul,77.23,758.04,80.0,-2.769999999999996,0.7290944571807728,0,Pressão de meta / risco intermediário
2104701,21,MA,Nordeste,75.68,763.99,75.0,0.6800000000000068,0.7290301760470976,0,Pressão de meta / risco intermediário
4118402,41,PR,Sul,74.3,760.26,80.0,-5.700000000000003,0.7288995521751446,0,Pressão de meta / risco intermediário
1720002,17,TO,Norte,57.14,753.83,63.88,-6.740000000000002,0.7288505853363993,0,Pressão de meta / risco intermediário
3549953,35,SP,Sudeste,58.4,744.07,67.42,-9.020000000000003,0.728821075437894,0,Pressão de meta / risco intermediário
4118006,41,PR,Sul,67.76,752.26,76.43,-8.670000000000002,0.7287491779530112,0,Pressão de meta / risco intermediário
3548609,35,SP,Sudeste,57.89,745.82,67.79,-9.900000000000006,0.7286143565640264,0,Pressão de meta / risco intermediário
3527256,35,SP,Sudeste,72.22,764.25,75.84,-3.6200000000000045,0.7284127367301378,0,Pressão de meta / risco intermediário
4113205,41,PR,Sul,74.83,759.94,80.0,-5.170000000000002,0.7283752899381243,0,Pressão de meta / risco intermediário
3305802,33,RJ,Sudeste,64.17,746.69,66.32,-2.1499999999999915,0.7279143271231984,0,Pressão de meta / risco intermediário
3519006,35,SP,Sudeste,81.08,772.8,80.0,1.0799999999999983,0.7275252648144176,0,Pressão de meta / risco intermediário
3514304,35,SP,Sudeste,71.85,758.53,74.14,-2.2900000000000063,0.7273639888186912,0,Pressão de meta / risco intermediário
1507508,15,PA,Norte,35.42,722.04,47.76,-12.339999999999996,0.7273051513667408,2,Maior vulnerabilidade / maior risco
1706001,17,TO,Norte,49.04,740.74,58.52,-9.480000000000004,0.7272018081476129,2,Maior vulnerabilidade / maior risco
4113106,41,PR,Sul,77.98,757.77,80.0,-2.019999999999996,0.7270959183457393,0,Pressão de meta / risco intermediário
4117255,41,PR,Sul,72.83,761.66,80.0,-7.170000000000002,0.7268346943882119,0,Pressão de meta / risco intermediário
2927507,29,BA,Nordeste,31.58,724.81,36.59,-5.010000000000005,0.7268341367357851,2,Maior vulnerabilidade / maior risco
4128500,41,PR,Sul,74.37,760.51,80.0,-5.6299999999999955,0.7268217461990851,0,Pressão de meta / risco intermediário
2210953,22,PI,Nordeste,65.11,759.11,72.3,-7.189999999999998,0.7268185038490544,0,Pressão de meta / risco intermediário
4123709,41,PR,Sul,75.13,759.96,80.0,-4.8700000000000045,0.7266945666929467,0,Pressão de meta / risco intermediário
3528007,35,SP,Sudeste,62.4,750.12,69.83,-7.43,0.7265919905054632,0,Pressão de meta / risco intermediário
4123857,41,PR,Sul,70.26,754.14,77.37,-7.109999999999999,0.7263443487597517,0,Pressão de meta / risco intermediário
3303302,33,RJ,Sudeste,51.2,737.71,61.09,-9.89,0.7262818496120245,2,Maior vulnerabilidade / maior risco
3304904,33,RJ,Sudeste,43.71,727.67,56.76,-13.049999999999997,0.7261405344801131,2,Maior vulnerabilidade / maior risco
3533601,35,SP,Sudeste,64.88,758.94,72.76,-7.88000000000001,0.726065448997328,0,Pressão de meta / risco intermediário
4124608,41,PR,Sul,73.36,757.01,78.79,-5.430000000000007,0.7259843360102344,0,Pressão de meta / risco intermediário
4109807,41,PR,Sul,64.9,751.05,75.39,-10.489999999999995,0.7259092137770351,0,Pressão de meta / risco intermediário
2504702,25,PB,Nordeste,40.66,736.87,59.31,-18.650000000000006,0.7258087229534781,2,Maior vulnerabilidade / maior risco
2103125,21,MA,Nordeste,84.42,776.01,80.0,4.420000000000002,0.725790783383316,0,Pressão de meta / risco intermediário
4105508,41,PR,Sul,74.95,759.12,79.69,-4.739999999999995,0.7256824344846599,0,Pressão de meta / risco intermediário
1500909,15,PA,Norte,43.99,729.69,51.58,-7.589999999999996,0.7256358789083415,2,Maior vulnerabilidade / maior risco
2104628,21,MA,Nordeste,91.67,770.61,80.0,11.670000000000002,0.7256332582442913,1,Melhor desempenho / menor risco
3302700,33,RJ,Sudeste,59.97,742.76,64.27,-4.299999999999997,0.7255447190237011,0,Pressão de meta / risco intermediário
1709807,17,TO,Norte,21.43,703.57,42.44,-21.009999999999998,0.7248260431957354,2,Maior vulnerabilidade / maior risco
3508504,35,SP,Sudeste,44.26,735.15,61.85,-17.590000000000003,0.7243281705531449,2,Maior vulnerabilidade / maior risco
4106506,41,PR,Sul,74.6,760.75,80.0,-5.400000000000006,0.7239743008018269,0,Pressão de meta / risco intermediário
4123204,41,PR,Sul,80.09,756.65,80.0,0.09000000000000341,0.7239300910121929,0,Pressão de meta / risco intermediário
4306304,43,RS,Sul,45.5,747.76,52.02,-6.520000000000003,0.7239112953043298,2,Maior vulnerabilidade / maior risco
2806503,28,SE,Nordeste,26.74,703.58,40.4,-13.66,0.7238349615188754,2,Maior vulnerabilidade / maior risco
3141504,31,MG,Sudeste,60.0,746.4,79.75,-19.75,0.7238230208215781,0,Pressão de meta / risco intermediário
3304110,33,RJ,Sudeste,63.3,750.56,67.03,-3.730000000000004,0.7234182655511247,0,Pressão de meta / risco intermediário
3514106,35,SP,Sudeste,57.41,745.72,67.45,-10.040000000000006,0.7232940663397555,0,Pressão de meta / risco intermediário
4202081,42,SC,Sul,56.89,746.08,73.21,-16.319999999999993,0.7232396920174738,0,Pressão de meta / risco intermediário
3300704,33,RJ,Sudeste,55.08,741.81,62.89,-7.810000000000002,0.7228821748731952,0,Pressão de meta / risco intermediário
3505351,35,SP,Sudeste,65.29,748.59,69.85,-4.559999999999988,0.7227203847489354,0,Pressão de meta / risco intermediário
3300407,33,RJ,Sudeste,63.88,746.36,65.96,-2.079999999999991,0.7226935939129813,0,Pressão de meta / risco intermediário
2104602,21,MA,Nordeste,48.13,737.65,61.75,-13.619999999999997,0.7222460858122397,2,Maior vulnerabilidade / maior risco
1712009,17,TO,Norte,38.15,729.61,52.99,-14.840000000000003,0.7221620000614282,2,Maior vulnerabilidade / maior risco
5105606,51,MT,Centro-Oeste,52.57,747.92,70.21,-17.639999999999993,0.7221411178309836,0,Pressão de meta / risco intermediário
2515401,25,PB,Nordeste,54.16,743.42,63.76,-9.600000000000001,0.7219897137728177,0,Pressão de meta / risco intermediário
3545704,35,SP,Sudeste,58.21,755.31,70.21,-11.999999999999993,0.7218705223454035,0,Pressão de meta / risco intermediário
2209401,22,PI,Nordeste,55.71,748.78,67.3,-11.589999999999996,0.7217929662834202,0,Pressão de meta / risco intermediário
2505279,25,PB,Nordeste,55.56,745.44,64.6,-9.039999999999992,0.7217901575872926,0,Pressão de meta / risco intermediário
3500402,35,SP,Sudeste,61.82,750.65,69.66,-7.839999999999996,0.7216636829669932,0,Pressão de meta / risco intermediário
3301306,33,RJ,Sudeste,58.33,740.43,63.12,-4.789999999999999,0.7213579864228545,0,Pressão de meta / risco intermediário
2111508,21,MA,Nordeste,66.16,752.42,69.52,-3.3599999999999994,0.7212028472102124,0,Pressão de meta / risco intermediário
4111555,41,PR,Sul,77.24,759.22,80.0,-2.760000000000005,0.720880931853045,0,Pressão de meta / risco intermediário
4109757,41,PR,Sul,70.35,746.48,75.04,-4.690000000000012,0.7205446503417968,0,Pressão de meta / risco intermediário
3547700,35,SP,Sudeste,79.01,775.37,79.99,-0.9799999999999898,0.720189536231383,0,Pressão de meta / risco intermediário
3535606,35,SP,Sudeste,58.56,750.32,68.82,-10.259999999999991,0.7197774137175628,0,Pressão de meta / risco intermediário
3300100,33,RJ,Sudeste,60.8,743.84,64.51,-3.710000000000008,0.7197549204183181,0,Pressão de meta / risco intermediário
4126801,41,PR,Sul,61.07,745.16,72.72,-11.649999999999999,0.7196293874878505,0,Pressão de meta / risco intermediário
2801306,28,SE,Nordeste,35.78,723.77,47.68,-11.899999999999999,0.7195292230806354,2,Maior vulnerabilidade / maior risco
2101004,21,MA,Nordeste,72.37,755.07,71.46,0.9100000000000108,0.7192636618918968,0,Pressão de meta / risco intermediário
2928307,29,BA,Nordeste,22.95,713.95,31.5,-8.55,0.719213396711208,2,Maior vulnerabilidade / maior risco
2106201,21,MA,Nordeste,84.97,768.77,77.84,7.1299999999999955,0.7189396073154143,0,Pressão de meta / risco intermediário
1600279,16,AP,Norte,39.8,732.46,52.13,-12.330000000000005,0.7185075845046389,2,Maior vulnerabilidade / maior risco
2510105,25,PB,Nordeste,67.53,758.48,70.55,-3.019999999999996,0.7185008455578924,0,Pressão de meta / risco intermediário
2704609,27,AL,Nordeste,74.38,761.06,72.33,2.049999999999997,0.7184938479667218,0,Pressão de meta / risco intermediário
3510708,35,SP,Sudeste,59.86,762.59,72.42,-12.560000000000002,0.7182341923991308,0,Pressão de meta / risco intermediário
3556800,35,SP,Sudeste,60.23,749.41,68.85,-8.619999999999997,0.7181609565995143,0,Pressão de meta / risco intermediário
2900405,29,BA,Nordeste,30.43,726.91,36.58,-6.149999999999999,0.7179570565606339,2,Maior vulnerabilidade / maior risco
4109005,41,PR,Sul,75.09,761.27,80.0,-4.909999999999997,0.7177860519290796,0,Pressão de meta / risco intermediário
2800209,28,SE,Nordeste,20.53,696.85,37.01,-16.479999999999997,0.7176367572099507,2,Maior vulnerabilidade / maior risco
3505906,35,SP,Sudeste,55.68,746.61,67.11,-11.43,0.7175230409517193,0,Pressão de meta / risco intermediário
2806305,28,SE,Nordeste,22.15,710.92,41.22,-19.07,0.717264153627606,2,Maior vulnerabilidade / maior risco
5106851,51,MT,Centro-Oeste,77.75,765.29,80.0,-2.25,0.7166024356201066,0,Pressão de meta / risco intermediário
3540606,35,SP,Sudeste,70.08,766.64,75.58,-5.5,0.716379084402703,0,Pressão de meta / risco intermediário
4116109,41,PR,Sul,78.01,757.56,79.52,-1.509999999999991,0.716305221071443,0,Pressão de meta / risco intermediário
3538907,35,SP,Sudeste,46.03,736.07,62.15,-16.119999999999997,0.7162291823581051,2,Maior vulnerabilidade / maior risco
1718808,17,TO,Norte,43.25,734.98,55.29,-12.04,0.7161012813574725,2,Maior vulnerabilidade / maior risco
2925253,29,BA,Nordeste,36.99,729.9,38.69,-1.6999999999999957,0.7160969178296372,2,Maior vulnerabilidade / maior risco
2511301,25,PB,Nordeste,38.92,738.45,58.98,-20.059999999999995,0.7155276498777092,2,Maior vulnerabilidade / maior risco
2918308,29,BA,Nordeste,40.82,730.49,39.62,1.2000000000000028,0.7154569540027,2,Maior vulnerabilidade / maior risco
3526209,35,SP,Sudeste,55.99,744.8,66.59,-10.600000000000001,0.7153885702544857,0,Pressão de meta / risco intermediário
4215307,42,SC,Sul,68.23,758.18,78.59,-10.36,0.7153873921663594,0,Pressão de meta / risco intermediário
3532702,35,SP,Sudeste,80.24,775.19,80.0,0.23999999999999488,0.7152424824331161,0,Pressão de meta / risco intermediário
2103752,21,MA,Nordeste,69.82,755.79,70.97,-1.1500000000000057,0.7151463977865723,0,Pressão de meta / risco intermediário
1600212,16,AP,Norte,53.36,742.95,57.7,-4.340000000000003,0.71509693583446,2,Maior vulnerabilidade / maior risco
3515186,35,SP,Sudeste,61.16,753.64,70.09,-8.930000000000007,0.7150596037764211,0,Pressão de meta / risco intermediário
4217253,42,SC,Sul,59.93,754.4,75.81,-15.880000000000003,0.7149078834687209,0,Pressão de meta / risco intermediário
3510153,35,SP,Sudeste,79.49,774.3,79.58,-0.09000000000000341,0.7147597977385589,0,Pressão de meta / risco intermediário
4116703,41,PR,Sul,74.99,761.78,80.0,-5.010000000000005,0.7147175072532722,0,Pressão de meta / risco intermediário
3504503,35,SP,Sudeste,52.47,741.18,64.83,-12.36,0.7145858640324124,0,Pressão de meta / risco intermediário
3535101,35,SP,Sudeste,77.46,777.37,80.0,-2.5400000000000063,0.7145308775191976,0,Pressão de meta / risco intermediário
2410405,24,RN,Nordeste,36.22,727.77,49.56,-13.340000000000003,0.7143958542927765,2,Maior vulnerabilidade / maior risco
2205003,22,PI,Nordeste,73.67,767.62,75.93,-2.260000000000005,0.7143731226947427,0,Pressão de meta / risco intermediário
4115705,41,PR,Sul,63.15,746.78,73.39,-10.240000000000002,0.7143340056564763,0,Pressão de meta / risco intermediário
4105003,41,PR,Sul,56.16,741.59,70.5,-14.340000000000003,0.714081949484944,0,Pressão de meta / risco intermediário
2515500,25,PB,Nordeste,54.35,748.5,64.89,-10.54,0.7140201998638614,0,Pressão de meta / risco intermediário
3142809,31,MG,Sudeste,56.72,738.0,76.36,-19.64,0.713943548020018,0,Pressão de meta / risco intermediário
4114005,41,PR,Sul,74.68,762.13,80.0,-5.319999999999993,0.7138811538671335,0,Pressão de meta / risco intermediário
4112207,41,PR,Sul,77.3,760.29,80.0,-2.700000000000003,0.7130322348889797,0,Pressão de meta / risco intermediário
3100708,31,MG,Sudeste,55.3,752.38,80.0,-24.700000000000003,0.712872548842352,0,Pressão de meta / risco intermediário
3522158,35,SP,Sudeste,51.85,750.07,67.08,-15.229999999999997,0.7125480623529123,0,Pressão de meta / risco intermediário
2604205,26,PE,Nordeste,21.83,717.58,56.0,-34.17,0.712044092803801,2,Maior vulnerabilidade / maior risco
2701803,27,AL,Nordeste,38.85,726.76,55.23,-16.379999999999995,0.7115668151875465,2,Maior vulnerabilidade / maior risco
3507902,35,SP,Sudeste,56.01,749.62,67.77,-11.759999999999998,0.7113695189837984,0,Pressão de meta / risco intermediário
3522109,35,SP,Sudeste,48.05,737.32,62.72,-14.670000000000002,0.7112742118749579,2,Maior vulnerabilidade / maior risco
2409308,24,RN,Nordeste,32.76,720.06,46.58,-13.82,0.710975350323846,2,Maior vulnerabilidade / maior risco
4126900,41,PR,Sul,77.42,760.53,80.0,-2.5799999999999983,0.7106856491573759,0,Pressão de meta / risco intermediário
2704807,27,AL,Nordeste,41.5,732.79,57.41,-15.909999999999997,0.7106654855635307,2,Maior vulnerabilidade / maior risco
3536208,35,SP,Sudeste,61.36,751.8,69.45,-8.090000000000003,0.7106236031754531,0,Pressão de meta / risco intermediário
4214904,42,SC,Sul,68.78,759.36,78.84,-10.060000000000002,0.710509253210276,0,Pressão de meta / risco intermediário
2210631,22,PI,Nordeste,76.86,780.53,80.0,-3.1400000000000006,0.7102945260576872,0,Pressão de meta / risco intermediário
4101507,41,PR,Sul,70.97,755.21,77.18,-6.210000000000008,0.7102839447446814,0,Pressão de meta / risco intermediário
4213609,42,SC,Sul,59.53,746.91,73.47,-13.939999999999998,0.7101093305450183,0,Pressão de meta / risco intermediário
5103700,51,MT,Centro-Oeste,51.15,749.72,69.93,-18.78000000000001,0.7097909935859597,0,Pressão de meta / risco intermediário
1716505,17,TO,Norte,56.7,749.62,61.86,-5.159999999999997,0.7094624990812401,0,Pressão de meta / risco intermediário
2411700,24,RN,Nordeste,33.62,723.11,47.54,-13.920000000000002,0.7093996246872933,2,Maior vulnerabilidade / maior risco
5107354,51,MT,Centro-Oeste,35.26,728.13,60.66,-25.4,0.709384513008879,2,Maior vulnerabilidade / maior risco
2208874,22,PI,Nordeste,54.84,742.91,65.01,-10.170000000000002,0.7093469599163563,0,Pressão de meta / risco intermediário
4217709,42,SC,Sul,49.72,740.97,69.76,-20.040000000000006,0.709090752772782,0,Pressão de meta / risco intermediário
1508308,15,PA,Norte,38.21,724.43,48.28,-10.07,0.7090828266863716,2,Maior vulnerabilidade / maior risco
2105104,21,MA,Nordeste,68.98,756.84,70.85,-1.8699999999999903,0.7090598280692652,0,Pressão de meta / risco intermediário
4118600,41,PR,Sul,74.56,756.64,78.27,-3.7099999999999937,0.7090516429439969,0,Pressão de meta / risco intermediário
1504976,15,PA,Norte,52.55,741.1,55.82,-3.270000000000003,0.7082112728760883,2,Maior vulnerabilidade / maior risco
4108452,41,PR,Sul,78.1,760.38,80.0,-1.9000000000000057,0.7081207852477455,0,Pressão de meta / risco intermediário
2919603,29,BA,Nordeste,30.14,719.45,34.07,-3.9299999999999997,0.7080009134779567,2,Maior vulnerabilidade / maior risco
3501004,35,SP,Sudeste,67.78,757.12,72.14,-4.359999999999999,0.7078224589418317,0,Pressão de meta / risco intermediário
2208700,22,PI,Nordeste,80.52,778.19,80.0,0.519999999999996,0.707447939516596,0,Pressão de meta / risco intermediário
2207306,22,PI,Nordeste,45.31,735.75,60.98,-15.669999999999995,0.7072723211649283,2,Maior vulnerabilidade / maior risco
4115002,41,PR,Sul,75.36,762.58,80.0,-4.640000000000001,0.7070400664793811,0,Pressão de meta / risco intermediário
4110300,41,PR,Sul,69.71,751.05,75.64,-5.930000000000007,0.7069302744358716,0,Pressão de meta / risco intermediário
3156601,31,MG,Sudeste,63.6,747.05,80.0,-16.4,0.7065961728013966,0,Pressão de meta / risco intermediário
2207504,22,PI,Nordeste,46.19,733.06,60.39,-14.200000000000003,0.7065361818066789,2,Maior vulnerabilidade / maior risco
2514701,25,PB,Nordeste,48.54,739.14,60.81,-12.270000000000003,0.7065042941922014,2,Maior vulnerabilidade / maior risco
2103208,21,MA,Nordeste,41.58,730.38,57.77,-16.190000000000005,0.7064801675115585,2,Maior vulnerabilidade / maior risco
3129657,31,MG,Sudeste,37.74,727.89,69.35,-31.609999999999992,0.7064422364695375,2,Maior vulnerabilidade / maior risco
2108058,21,MA,Nordeste,68.89,753.19,69.72,-0.8299999999999983,0.7064031640599364,0,Pressão de meta / risco intermediário
3512605,35,SP,Sudeste,38.69,725.01,57.19,-18.5,0.7063153525023975,2,Maior vulnerabilidade / maior risco
3500105,35,SP,Sudeste,66.06,755.98,71.41,-5.349999999999994,0.706283961666898,0,Pressão de meta / risco intermediário
4215752,42,SC,Sul,69.54,763.59,80.0,-10.459999999999994,0.7061916063797498,0,Pressão de meta / risco intermediário
4116208,41,PR,Sul,59.7,745.8,72.08,-12.379999999999995,0.7059208995428438,0,Pressão de meta / risco intermediário
3509908,35,SP,Sudeste,59.72,754.7,69.71,-9.989999999999995,0.7053675455523549,0,Pressão de meta / risco intermediário
4217501,42,SC,Sul,70.92,762.75,80.0,-9.079999999999998,0.7048061584178604,0,Pressão de meta / risco intermediário
4127858,41,PR,Sul,75.42,761.24,79.55,-4.1299999999999955,0.7046438646971278,0,Pressão de meta / risco intermediário
3525300,35,SP,Sudeste,54.89,746.27,66.35,-11.459999999999994,0.7045641519318607,0,Pressão de meta / risco intermediário
3523909,35,SP,Sudeste,61.67,754.33,69.98,-8.310000000000002,0.7045602068971302,0,Pressão de meta / risco intermediário
4108403,41,PR,Sul,76.41,761.3,79.76,-3.3500000000000085,0.7043487112201438,0,Pressão de meta / risco intermediário
3508603,35,SP,Sudeste,41.8,732.56,59.84,-18.040000000000006,0.7042210340455232,2,Maior vulnerabilidade / maior risco
1600535,16,AP,Norte,73.42,773.86,69.95,3.469999999999999,0.7036345679972039,0,Pressão de meta / risco intermediário
3526605,35,SP,Sudeste,46.14,735.78,61.59,-15.450000000000003,0.7032375061035742,2,Maior vulnerabilidade / maior risco
2400703,24,RN,Nordeste,52.52,750.16,58.68,-6.159999999999997,0.7029916425757285,0,Pressão de meta / risco intermediário
2610301,26,PE,Nordeste,66.67,757.38,75.92,-9.25,0.7028322666732387,0,Pressão de meta / risco intermediário
2401859,24,RN,Nordeste,26.47,723.06,45.79,-19.32,0.7026874236883407,2,Maior vulnerabilidade / maior risco
2906824,29,BA,Nordeste,30.13,721.37,34.38,-4.2500000000000036,0.7022941945476601,2,Maior vulnerabilidade / maior risco
5103601,51,MT,Centro-Oeste,71.45,772.02,80.0,-8.549999999999997,0.7021731192448143,0,Pressão de meta / risco intermediário
2206704,22,PI,Nordeste,39.0,729.14,57.65,-18.65,0.7021043823309534,2,Maior vulnerabilidade / maior risco
4102109,41,PR,Sul,75.21,762.32,79.69,-4.480000000000004,0.7016276550279409,0,Pressão de meta / risco intermediário
4121109,41,PR,Sul,74.15,755.97,77.71,-3.559999999999988,0.7014870501959304,0,Pressão de meta / risco intermediário
2931103,29,BA,Nordeste,30.67,721.37,34.46,-3.789999999999999,0.701462821957075,2,Maior vulnerabilidade / maior risco
2205508,22,PI,Nordeste,42.98,733.51,59.65,-16.67,0.7012882746922676,2,Maior vulnerabilidade / maior risco
4218400,42,SC,Sul,62.38,749.4,74.39,-12.009999999999998,0.7007827191243059,0,Pressão de meta / risco intermediário
2614600,26,PE,Nordeste,69.1,752.88,75.1,-6.0,0.7007721607350722,0,Pressão de meta / risco intermediário
1506351,15,PA,Norte,46.35,728.91,50.88,-4.530000000000001,0.7006856762344863,2,Maior vulnerabilidade / maior risco
4124053,41,PR,Sul,79.46,760.4,80.0,-0.5400000000000063,0.7006278059501253,0,Pressão de meta / risco intermediário
4304630,43,RS,Sul,34.4,724.69,42.44,-8.04,0.7005918526034673,2,Maior vulnerabilidade / maior risco
2512762,25,PB,Nordeste,75.0,760.53,71.96,3.0400000000000063,0.7003616226319251,0,Pressão de meta / risco intermediário
4103701,41,PR,Sul,76.35,760.52,79.37,-3.0200000000000102,0.7000986125790732,0,Pressão de meta / risco intermediário
2609204,26,PE,Nordeste,58.48,751.91,72.6,-14.119999999999997,0.6998276819813628,0,Pressão de meta / risco intermediário
5006275,50,MS,Centro-Oeste,78.5,760.66,77.46,1.0400000000000063,0.6997196555712252,0,Pressão de meta / risco intermediário
2709103,27,AL,Nordeste,38.96,729.65,55.59,-16.630000000000003,0.6995311205782955,2,Maior vulnerabilidade / maior risco
3511607,35,SP,Sudeste,51.32,739.86,63.64,-12.32,0.6993195841476689,2,Maior vulnerabilidade / maior risco
4120333,41,PR,Sul,73.85,756.24,77.64,-3.7900000000000063,0.6993116557061522,0,Pressão de meta / risco intermediário
1101492,11,RO,Norte,62.99,750.97,70.33,-7.339999999999996,0.699253898091061,0,Pressão de meta / risco intermediário
1501808,15,PA,Norte,55.58,739.18,55.57,0.00999999999999801,0.6991644615711092,3,Desempenho favorável
4104659,41,PR,Sul,69.2,755.88,76.57,-7.36999999999999,0.6990751805491803,0,Pressão de meta / risco intermediário
1600501,16,AP,Norte,21.03,710.4,41.39,-20.36,0.6988149637594038,2,Maior vulnerabilidade / maior risco
4215679,42,SC,Sul,69.26,764.83,80.0,-10.739999999999995,0.6987189440176231,0,Pressão de meta / risco intermediário
3303708,33,RJ,Sudeste,51.96,736.21,59.74,-7.780000000000001,0.698199544088731,2,Maior vulnerabilidade / maior risco
3545159,35,SP,Sudeste,64.45,754.01,70.21,-5.759999999999991,0.6978191721445881,0,Pressão de meta / risco intermediário
4212403,42,SC,Sul,69.2,765.01,80.0,-10.799999999999997,0.697731191150747,0,Pressão de meta / risco intermediário
2207355,22,PI,Nordeste,64.0,757.47,70.48,-6.480000000000004,0.6975883993124351,0,Pressão de meta / risco intermediário
2403004,24,RN,Nordeste,60.81,753.14,61.01,-0.19999999999999574,0.6975123703467339,0,Pressão de meta / risco intermediário
4211058,42,SC,Sul,52.67,737.71,68.99,-16.319999999999993,0.6965429635568781,0,Pressão de meta / risco intermediário
3540002,35,SP,Sudeste,60.32,748.95,67.88,-7.559999999999995,0.6957732852052636,0,Pressão de meta / risco intermediário
4124509,41,PR,Sul,80.07,760.61,80.0,0.06999999999999318,0.6957571234803654,0,Pressão de meta / risco intermediário
3505609,35,SP,Sudeste,51.43,739.65,63.47,-12.04,0.695753419282578,2,Maior vulnerabilidade / maior risco
1508100,15,PA,Norte,44.7,729.86,50.61,-5.909999999999997,0.6956227815218647,2,Maior vulnerabilidade / maior risco
2408300,24,RN,Nordeste,28.42,720.61,45.24,-16.82,0.6954031083165769,2,Maior vulnerabilidade / maior risco
4123956,41,PR,Sul,80.22,757.18,79.06,1.1599999999999966,0.6951513825850019,0,Pressão de meta / risco intermediário
3515152,35,SP,Sudeste,47.86,737.23,62.04,-14.18,0.6951476512785437,2,Maior vulnerabilidade / maior risco
4108551,41,PR,Sul,74.07,765.2,80.0,-5.930000000000007,0.6950063792581561,0,Pressão de meta / risco intermediário
3538204,35,SP,Sudeste,78.79,774.26,78.66,0.13000000000000966,0.6948116789391612,0,Pressão de meta / risco intermediário
4117222,41,PR,Sul,72.16,761.06,78.45,-6.290000000000006,0.6947257532799215,0,Pressão de meta / risco intermediário
2203404,22,PI,Nordeste,76.45,775.7,77.98,-1.5300000000000011,0.6945594276879189,0,Pressão de meta / risco intermediário
3535804,35,SP,Sudeste,42.59,731.38,59.31,-16.72,0.6945345464392717,2,Maior vulnerabilidade / maior risco
1100403,11,RO,Norte,60.45,743.39,67.51,-7.060000000000002,0.6939684359676185,0,Pressão de meta / risco intermediário
3530409,35,SP,Sudeste,55.96,745.6,65.98,-10.020000000000003,0.6938483390604099,0,Pressão de meta / risco intermediário
3518909,35,SP,Sudeste,79.92,778.45,80.0,-0.0799999999999983,0.6934264386692317,0,Pressão de meta / risco intermediário
2911501,29,BA,Nordeste,50.0,738.38,42.85,7.149999999999999,0.6932672078346999,3,Desempenho favorável
1502905,15,PA,Norte,33.48,719.98,45.47,-11.990000000000002,0.6932631036168551,2,Maior vulnerabilidade / maior risco
3531001,35,SP,Sudeste,80.77,777.85,80.0,0.769999999999996,0.6931625030771733,0,Pressão de meta / risco intermediário
4102505,41,PR,Sul,77.65,762.83,80.0,-2.3499999999999943,0.6927385056169195,0,Pressão de meta / risco intermediário
1502806,15,PA,Norte,24.03,709.0,40.46,-16.43,0.692715375353167,2,Maior vulnerabilidade / maior risco
5106190,51,MT,Centro-Oeste,75.07,768.66,79.45,-4.38000000000001,0.6923815304696984,0,Pressão de meta / risco intermediário
4114401,41,PR,Sul,66.1,752.08,74.62,-8.52000000000001,0.6922076456181163,0,Pressão de meta / risco intermediário
4128203,41,PR,Sul,73.17,753.51,76.47,-3.299999999999997,0.6920138610628671,0,Pressão de meta / risco intermediário
4110102,41,PR,Sul,78.04,762.65,80.0,-1.9599999999999937,0.6919129657546789,0,Pressão de meta / risco intermediário
2513406,25,PB,Nordeste,54.05,745.18,63.05,-9.0,0.691479557661098,0,Pressão de meta / risco intermediário
3302502,33,RJ,Sudeste,46.66,731.83,57.18,-10.520000000000003,0.6914615215625561,2,Maior vulnerabilidade / maior risco
4114351,41,PR,Sul,70.91,768.06,80.0,-9.090000000000003,0.6913436135755102,0,Pressão de meta / risco intermediário
2403509,24,RN,Nordeste,47.13,736.67,53.38,-6.25,0.6909023292791487,2,Maior vulnerabilidade / maior risco
3537156,35,SP,Sudeste,67.92,762.21,72.93,-5.010000000000005,0.6907763143157644,0,Pressão de meta / risco intermediário
4106407,41,PR,Sul,73.21,758.25,77.74,-4.530000000000001,0.6907111297212213,0,Pressão de meta / risco intermediário
2411908,24,RN,Nordeste,68.97,760.27,64.41,4.560000000000002,0.6906267899617216,0,Pressão de meta / risco intermediário
3304508,33,RJ,Sudeste,67.73,749.22,66.3,1.4300000000000068,0.6902742327679459,0,Pressão de meta / risco intermediário
4117008,41,PR,Sul,79.65,761.72,80.0,-0.3499999999999943,0.6898811323105967,0,Pressão de meta / risco intermediário
3543253,35,SP,Sudeste,60.84,753.23,68.94,-8.099999999999994,0.689609547574942,0,Pressão de meta / risco intermediário
3527504,35,SP,Sudeste,75.0,769.69,76.41,-1.4099999999999966,0.6893848753113341,0,Pressão de meta / risco intermediário
3302056,33,RJ,Sudeste,61.79,741.2,62.82,-1.0300000000000011,0.6893451193878887,0,Pressão de meta / risco intermediário
3302007,33,RJ,Sudeste,41.61,725.1,54.17,-12.560000000000002,0.6886363770434591,2,Maior vulnerabilidade / maior risco
1716604,17,TO,Norte,42.93,746.37,57.32,-14.39,0.6884980293101538,2,Maior vulnerabilidade / maior risco
4104105,41,PR,Sul,80.98,760.93,80.0,0.980000000000004,0.6883589267432205,0,Pressão de meta / risco intermediário
3118106,31,MG,Sudeste,60.49,751.88,80.0,-19.509999999999998,0.688270120902147,0,Pressão de meta / risco intermediário
4108601,41,PR,Sul,63.77,750.2,73.46,-9.68999999999999,0.6879541882629324,0,Pressão de meta / risco intermediário
3546603,35,SP,Sudeste,54.03,747.86,65.98,-11.950000000000003,0.6877988744093242,0,Pressão de meta / risco intermediário
1507201,15,PA,Norte,32.97,721.19,45.48,-12.509999999999998,0.687386610724882,2,Maior vulnerabilidade / maior risco
3547601,35,SP,Sudeste,75.32,768.52,76.07,-0.75,0.6871575707170889,0,Pressão de meta / risco intermediário
1705102,17,TO,Norte,52.38,746.01,59.09,-6.710000000000001,0.6862183593283621,2,Maior vulnerabilidade / maior risco
3522000,35,SP,Sudeste,44.34,742.35,62.39,-18.049999999999997,0.6860966292728271,2,Maior vulnerabilidade / maior risco
4219408,42,SC,Sul,77.27,760.46,79.97,-2.700000000000003,0.6859371682842834,0,Pressão de meta / risco intermediário
3531100,35,SP,Sudeste,41.39,731.63,58.81,-17.42,0.685922287586508,2,Maior vulnerabilidade / maior risco
3551207,35,SP,Sudeste,79.97,776.75,79.26,0.7099999999999937,0.6858960427223753,0,Pressão de meta / risco intermediário
4115200,41,PR,Sul,78.37,763.22,80.0,-1.6299999999999955,0.6858394275958345,0,Pressão de meta / risco intermediário
3302270,33,RJ,Sudeste,36.88,721.1,51.98,-15.099999999999994,0.6857733135478861,2,Maior vulnerabilidade / maior risco
5001243,50,MS,Centro-Oeste,73.43,760.23,75.77,-2.339999999999989,0.6857575373808714,0,Pressão de meta / risco intermediário
4215505,42,SC,Sul,57.41,741.88,70.72,-13.310000000000002,0.6857498882011474,0,Pressão de meta / risco intermediário
4107900,41,PR,Sul,74.01,757.35,77.47,-3.4599999999999937,0.6856858270488421,0,Pressão de meta / risco intermediário
2806800,28,SE,Nordeste,29.79,721.24,44.44,-14.649999999999999,0.6854075497616751,2,Maior vulnerabilidade / maior risco
4113007,41,PR,Sul,66.03,753.21,74.65,-8.620000000000005,0.6849983440992806,0,Pressão de meta / risco intermediário
2105203,21,MA,Nordeste,89.11,778.22,80.0,9.11,0.6846002813350284,1,Melhor desempenho / menor risco
3515194,35,SP,Sudeste,56.14,745.17,65.55,-9.409999999999997,0.6844842504622877,0,Pressão de meta / risco intermediário
2611606,26,PE,Nordeste,54.36,740.73,68.08,-13.719999999999999,0.6843904144742079,0,Pressão de meta / risco intermediário
2410801,24,RN,Nordeste,53.36,749.78,58.04,-4.68,0.6840946249363673,0,Pressão de meta / risco intermediário
3301876,33,RJ,Sudeste,70.32,754.72,68.12,2.1999999999999886,0.6839058798451396,0,Pressão de meta / risco intermediário
2603009,26,PE,Nordeste,61.21,749.76,71.96,-10.749999999999993,0.6835010932351268,0,Pressão de meta / risco intermediário
4117107,41,PR,Sul,74.05,760.81,78.35,-4.299999999999997,0.6833879632724448,0,Pressão de meta / risco intermediário
4209805,42,SC,Sul,62.5,759.38,76.51,-14.010000000000005,0.6830285265570806,0,Pressão de meta / risco intermediário
2704005,27,AL,Nordeste,56.66,741.97,62.02,-5.3600000000000065,0.6824968169653048,0,Pressão de meta / risco intermediário
4105904,41,PR,Sul,78.22,763.81,80.0,-1.7800000000000011,0.6822568209903214,0,Pressão de meta / risco intermediário
2704104,27,AL,Nordeste,44.19,732.07,56.69,-12.5,0.6820993365872755,2,Maior vulnerabilidade / maior risco
2205516,22,PI,Nordeste,71.43,760.45,72.26,-0.8299999999999983,0.6820111589668248,0,Pressão de meta / risco intermediário
2202901,22,PI,Nordeste,37.78,734.87,58.23,-20.449999999999996,0.6820030349134457,2,Maior vulnerabilidade / maior risco
4103909,41,PR,Sul,77.67,764.29,80.0,-2.3299999999999983,0.6817405557990395,0,Pressão de meta / risco intermediário
2111029,21,MA,Nordeste,70.68,755.93,69.92,0.7600000000000051,0.6816941044081518,0,Pressão de meta / risco intermediário
2106409,21,MA,Nordeste,76.86,762.19,72.92,3.9399999999999977,0.6814633519501089,0,Pressão de meta / risco intermediário
4115101,41,PR,Sul,52.21,740.41,68.12,-15.910000000000004,0.6813652754670656,0,Pressão de meta / risco intermediário
3118502,31,MG,Sudeste,38.89,726.16,68.16,-29.269999999999996,0.6811376646514916,2,Maior vulnerabilidade / maior risco
4117800,41,PR,Sul,69.5,756.07,76.01,-6.510000000000005,0.6809723427121608,0,Pressão de meta / risco intermediário
1304005,13,AM,Norte,38.73,728.32,46.24,-7.510000000000005,0.6808590326850152,2,Maior vulnerabilidade / maior risco
4104204,41,PR,Sul,69.19,754.12,75.38,-6.189999999999998,0.6802407047142793,0,Pressão de meta / risco intermediário
2109601,21,MA,Nordeste,57.6,745.51,64.27,-6.669999999999995,0.679929065558056,0,Pressão de meta / risco intermediário
4103453,41,PR,Sul,78.14,764.22,80.0,-1.8599999999999994,0.6796174778782225,0,Pressão de meta / risco intermediário
2917805,29,BA,Nordeste,46.85,736.53,41.18,5.670000000000002,0.6795676348721011,3,Desempenho favorável
3550506,35,SP,Sudeste,71.42,759.91,72.6,-1.1799999999999926,0.6794637346008984,0,Pressão de meta / risco intermediário
2403103,24,RN,Nordeste,46.77,739.08,53.54,-6.769999999999996,0.6792117024782718,2,Maior vulnerabilidade / maior risco
2605608,26,PE,Nordeste,68.28,759.67,76.0,-7.719999999999999,0.6790990716182987,0,Pressão de meta / risco intermediário
4128005,41,PR,Sul,77.6,764.73,80.0,-2.4000000000000057,0.6788155104840882,0,Pressão de meta / risco intermediário
3523206,35,SP,Sudeste,53.17,741.71,63.77,-10.600000000000001,0.6787830514610502,0,Pressão de meta / risco intermediário
1100296,11,RO,Norte,83.36,763.6,77.27,6.090000000000003,0.6787238849334929,0,Pressão de meta / risco intermediário
4215406,42,SC,Sul,72.08,765.41,80.0,-7.920000000000002,0.6787220067827534,0,Pressão de meta / risco intermediário
1100114,11,RO,Norte,63.99,745.92,68.37,-4.380000000000003,0.6785308371391708,0,Pressão de meta / risco intermediário
2606101,26,PE,Nordeste,66.22,752.32,73.52,-7.299999999999997,0.6784937703547155,0,Pressão de meta / risco intermediário
4118105,41,PR,Sul,80.03,763.0,80.0,0.030000000000001137,0.6781527223722226,0,Pressão de meta / risco intermediário
2105948,21,MA,Nordeste,92.3,776.71,80.0,12.299999999999997,0.6780013170364234,1,Melhor desempenho / menor risco
4113304,41,PR,Sul,68.0,752.41,74.57,-6.569999999999993,0.6777460352128674,0,Pressão de meta / risco intermediário
3544608,35,SP,Sudeste,46.98,742.83,62.76,-15.780000000000001,0.6776966561371343,2,Maior vulnerabilidade / maior risco
4115606,41,PR,Sul,71.4,753.27,75.5,-4.099999999999994,0.6774501242479376,0,Pressão de meta / risco intermediário
1700251,17,TO,Norte,75.0,762.05,67.87,7.1299999999999955,0.6771893207842277,0,Pressão de meta / risco intermediário
4200200,42,SC,Sul,76.03,762.67,80.0,-3.969999999999999,0.6770971508801228,0,Pressão de meta / risco intermediário
4101408,41,PR,Sul,78.78,764.08,80.0,-1.2199999999999989,0.677053521384259,0,Pressão de meta / risco intermediário
3505807,35,SP,Sudeste,46.89,736.85,61.06,-14.170000000000002,0.6769228235216316,2,Maior vulnerabilidade / maior risco
1505486,15,PA,Norte,45.49,731.9,50.64,-5.149999999999999,0.6767837269301658,2,Maior vulnerabilidade / maior risco
2514800,25,PB,Nordeste,95.24,777.65,80.0,15.239999999999995,0.6767403477671828,1,Melhor desempenho / menor risco
3544806,35,SP,Sudeste,68.37,759.59,71.78,-3.4099999999999966,0.6767007305469508,0,Pressão de meta / risco intermediário
4102406,41,PR,Sul,72.78,757.07,76.79,-4.010000000000005,0.6761910507154489,0,Pressão de meta / risco intermediário
2412500,24,RN,Nordeste,44.85,737.36,52.54,-7.689999999999998,0.6757157510735565,2,Maior vulnerabilidade / maior risco
3142908,31,MG,Sudeste,66.67,748.94,80.0,-13.329999999999998,0.6756109114291766,0,Pressão de meta / risco intermediário
2514651,25,PB,Nordeste,30.0,727.73,52.66,-22.659999999999997,0.675383774205105,2,Maior vulnerabilidade / maior risco
4106902,41,PR,Sul,65.96,750.07,73.41,-7.450000000000003,0.6752391463077888,0,Pressão de meta / risco intermediário
3304144,33,RJ,Sudeste,37.63,719.2,51.22,-13.589999999999996,0.6751367844662864,2,Maior vulnerabilidade / maior risco
2905156,29,BA,Nordeste,46.43,734.18,40.28,6.149999999999999,0.6750834469267232,3,Desempenho favorável
2707602,27,AL,Nordeste,61.05,749.9,64.83,-3.780000000000001,0.674558312266289,0,Pressão de meta / risco intermediário
4213708,42,SC,Sul,60.13,741.64,70.8,-10.669999999999995,0.6743896593486192,0,Pressão de meta / risco intermediário
1705508,17,TO,Norte,55.82,750.01,60.47,-4.649999999999999,0.6742876082517277,0,Pressão de meta / risco intermediário
3303856,33,RJ,Sudeste,75.96,761.49,70.79,5.1699999999999875,0.6738440112841412,0,Pressão de meta / risco intermediário
4106209,41,PR,Sul,77.37,761.4,78.85,-1.4799999999999898,0.673819474296897,0,Pressão de meta / risco intermediário
2607307,26,PE,Nordeste,70.08,753.49,74.47,-4.390000000000001,0.6737778755156602,0,Pressão de meta / risco intermediário
1100320,11,RO,Norte,69.13,754.5,71.63,-2.5,0.6737275589682773,0,Pressão de meta / risco intermediário
3140902,31,MG,Sudeste,65.0,750.53,80.0,-15.0,0.6730136705796642,0,Pressão de meta / risco intermediário
4122701,41,PR,Sul,78.98,764.47,80.0,-1.019999999999996,0.6729467953217924,0,Pressão de meta / risco intermediário
4117503,41,PR,Sul,62.96,747.95,72.12,-9.160000000000004,0.6729345503479918,0,Pressão de meta / risco intermediário
4112009,41,PR,Sul,79.14,764.41,80.0,-0.8599999999999994,0.6724909702616716,0,Pressão de meta / risco intermediário
2112209,21,MA,Nordeste,75.74,759.7,71.67,4.069999999999993,0.6724056773807665,0,Pressão de meta / risco intermediário
3529302,35,SP,Sudeste,62.33,756.1,69.41,-7.079999999999998,0.6723961512874033,0,Pressão de meta / risco intermediário
2102077,21,MA,Nordeste,95.28,775.27,80.0,15.280000000000001,0.6719967738875475,1,Melhor desempenho / menor risco
1504604,15,PA,Norte,37.29,723.4,46.42,-9.130000000000003,0.6719726028551881,2,Maior vulnerabilidade / maior risco
2608008,26,PE,Nordeste,37.15,729.93,61.07,-23.92,0.6716334734963706,2,Maior vulnerabilidade / maior risco
2209005,22,PI,Nordeste,41.79,735.33,58.8,-17.009999999999998,0.6713963808430258,2,Maior vulnerabilidade / maior risco
2100600,21,MA,Nordeste,41.33,731.53,56.73,-15.399999999999999,0.6713781984483206,2,Maior vulnerabilidade / maior risco
1303569,13,AM,Norte,46.76,733.88,49.09,-2.3300000000000054,0.6713094061874767,2,Maior vulnerabilidade / maior risco
4123501,41,PR,Sul,79.37,762.37,79.44,-0.06999999999999318,0.6712847650570123,0,Pressão de meta / risco intermediário
2608909,26,PE,Nordeste,67.03,756.68,74.63,-7.599999999999994,0.6712570778799917,0,Pressão de meta / risco intermediário
2107407,21,MA,Nordeste,58.91,739.12,62.45,-3.5400000000000063,0.6710064380902692,0,Pressão de meta / risco intermediário
4107504,41,PR,Sul,82.06,762.46,80.0,2.0600000000000023,0.6706998178824276,0,Pressão de meta / risco intermediário
1600303,16,AP,Norte,49.14,742.7,55.09,-5.950000000000003,0.670601662137509,2,Maior vulnerabilidade / maior risco
1702158,17,TO,Norte,37.81,729.54,50.95,-13.14,0.670501135747416,2,Maior vulnerabilidade / maior risco
4120358,41,PR,Sul,79.55,764.46,80.0,-0.45000000000000284,0.6697598353525698,0,Pressão de meta / risco intermediário
4104303,41,PR,Sul,76.77,760.47,78.3,-1.5300000000000011,0.669145634332444,0,Pressão de meta / risco intermediário
2708402,27,AL,Nordeste,50.43,737.88,59.11,-8.68,0.6689945102950389,2,Maior vulnerabilidade / maior risco
2609402,26,PE,Nordeste,43.93,728.88,62.08,-18.15,0.6688130810332169,2,Maior vulnerabilidade / maior risco
3509957,35,SP,Sudeste,48.15,741.11,62.2,-14.050000000000004,0.6686843616953486,2,Maior vulnerabilidade / maior risco
4106605,41,PR,Sul,73.47,754.24,75.87,-2.4000000000000057,0.6684411627860144,0,Pressão de meta / risco intermediário
3155504,31,MG,Sudeste,60.21,751.39,79.08,-18.869999999999997,0.6683771688314813,0,Pressão de meta / risco intermediário
4210506,42,SC,Sul,76.03,763.82,80.0,-3.969999999999999,0.6683132487532836,0,Pressão de meta / risco intermediário
1101500,11,RO,Norte,66.06,746.19,68.5,-2.4399999999999977,0.6682453468155712,0,Pressão de meta / risco intermediário
3519071,35,SP,Sudeste,55.05,746.76,65.17,-10.120000000000005,0.6681637566626367,0,Pressão de meta / risco intermediário
3516408,35,SP,Sudeste,46.57,735.78,60.38,-13.810000000000002,0.6681334502876896,2,Maior vulnerabilidade / maior risco
4215554,42,SC,Sul,66.67,766.59,78.82,-12.149999999999991,0.6680259320344498,0,Pressão de meta / risco intermediário
3301405,33,RJ,Sudeste,56.17,736.56,59.59,-3.4200000000000017,0.6678604150089492,2,Maior vulnerabilidade / maior risco
3529609,35,SP,Sudeste,67.31,759.85,71.31,-4.0,0.6677784398915746,0,Pressão de meta / risco intermediário
2806008,28,SE,Nordeste,38.48,729.24,47.8,-9.32,0.6676001301335757,2,Maior vulnerabilidade / maior risco
2507903,25,PB,Nordeste,46.57,743.25,60.06,-13.490000000000002,0.666606478139206,2,Maior vulnerabilidade / maior risco
3532603,35,SP,Sudeste,67.47,758.04,70.8,-3.3299999999999983,0.6665883281588,0,Pressão de meta / risco intermediário
2106003,21,MA,Nordeste,90.91,779.28,80.0,10.909999999999997,0.6663027689767519,1,Melhor desempenho / menor risco
3144359,31,MG,Sudeste,64.96,750.25,79.67,-14.710000000000008,0.6662306989691088,0,Pressão de meta / risco intermediário
3507506,35,SP,Sudeste,57.09,748.13,65.9,-8.810000000000002,0.6661973676501736,0,Pressão de meta / risco intermediário
1304203,13,AM,Norte,36.78,725.41,44.5,-7.719999999999999,0.666171555540824,2,Maior vulnerabilidade / maior risco
2701704,27,AL,Nordeste,42.53,724.12,53.57,-11.04,0.6661402665556158,2,Maior vulnerabilidade / maior risco
3503604,35,SP,Sudeste,75.02,766.54,74.69,0.3299999999999983,0.6660021170592473,0,Pressão de meta / risco intermediário
3116001,31,MG,Sudeste,70.09,747.64,80.0,-9.909999999999997,0.6659729462584042,0,Pressão de meta / risco intermediário
2508604,25,PB,Nordeste,44.96,736.47,57.83,-12.869999999999997,0.6659716920990782,2,Maior vulnerabilidade / maior risco
4115754,41,PR,Sul,80.48,764.26,80.0,0.480000000000004,0.6659456820105805,0,Pressão de meta / risco intermediário
1703800,17,TO,Norte,50.39,739.22,56.06,-5.670000000000002,0.6658457392172684,2,Maior vulnerabilidade / maior risco
2407906,24,RN,Nordeste,32.92,729.53,47.55,-14.629999999999995,0.6657797834137728,2,Maior vulnerabilidade / maior risco
1507607,15,PA,Norte,49.59,734.04,51.68,-2.0899999999999963,0.665723931678741,2,Maior vulnerabilidade / maior risco
4122156,41,PR,Sul,80.25,764.52,80.0,0.25,0.6652664224089921,0,Pressão de meta / risco intermediário
4125100,41,PR,Sul,79.45,761.5,78.99,0.46000000000000796,0.664995418877244,0,Pressão de meta / risco intermediário
4111001,41,PR,Sul,80.58,762.04,79.37,1.2099999999999937,0.6649131395410435,0,Pressão de meta / risco intermediário
3304557,33,RJ,Sudeste,63.75,747.13,63.97,-0.21999999999999886,0.6648061487298786,0,Pressão de meta / risco intermediário
3305554,33,RJ,Sudeste,50.53,733.05,57.34,-6.810000000000002,0.6646953243381852,2,Maior vulnerabilidade / maior risco
3135357,31,MG,Sudeste,60.75,742.06,76.48,-15.730000000000004,0.664684875555387,0,Pressão de meta / risco intermediário
3302858,33,RJ,Sudeste,35.09,721.74,51.02,-15.93,0.6646761792042853,2,Maior vulnerabilidade / maior risco
4103305,41,PR,Sul,75.03,768.51,80.0,-4.969999999999999,0.6646049564566425,0,Pressão de meta / risco intermediário
4215356,42,SC,Sul,75.29,764.87,80.0,-4.709999999999994,0.6644839224817128,0,Pressão de meta / risco intermediário
4211009,42,SC,Sul,56.85,750.45,72.2,-15.350000000000001,0.664467488027024,0,Pressão de meta / risco intermediário
2509800,25,PB,Nordeste,54.12,752.21,64.02,-9.899999999999999,0.6644225677975371,0,Pressão de meta / risco intermediário
1711951,17,TO,Norte,15.09,694.44,36.33,-21.24,0.6644130720949619,2,Maior vulnerabilidade / maior risco
5103304,51,MT,Centro-Oeste,47.59,740.77,65.02,-17.429999999999993,0.6639782210952353,2,Maior vulnerabilidade / maior risco
3524907,35,SP,Sudeste,56.89,748.0,65.74,-8.849999999999994,0.6638852958007985,0,Pressão de meta / risco intermediário
3525904,35,SP,Sudeste,70.49,762.71,72.61,-2.1200000000000045,0.6636394610614831,0,Pressão de meta / risco intermediário
2200301,22,PI,Nordeste,82.41,782.65,80.0,2.4099999999999966,0.6635700638316167,1,Melhor desempenho / menor risco
1502707,15,PA,Norte,50.69,733.47,51.67,-0.980000000000004,0.6634894494274102,2,Maior vulnerabilidade / maior risco
3143609,31,MG,Sudeste,67.59,749.84,80.0,-12.409999999999997,0.6634208036421604,0,Pressão de meta / risco intermediário
2111102,21,MA,Nordeste,55.16,742.09,62.2,-7.040000000000006,0.6627646639487833,0,Pressão de meta / risco intermediário
2916500,29,BA,Nordeste,51.23,742.59,43.15,8.079999999999998,0.6626464951960098,3,Desempenho favorável
3509254,35,SP,Sudeste,57.52,747.91,65.8,-8.279999999999994,0.6626130565381807,0,Pressão de meta / risco intermediário
3305109,33,RJ,Sudeste,35.97,720.79,50.86,-14.89,0.6624534704633628,2,Maior vulnerabilidade / maior risco
2513703,25,PB,Nordeste,35.79,727.29,53.27,-17.480000000000004,0.6624443132034419,2,Maior vulnerabilidade / maior risco
4122404,41,PR,Sul,71.84,754.61,75.42,-3.5799999999999983,0.6624276970130064,0,Pressão de meta / risco intermediário
4107751,41,PR,Sul,77.82,766.72,80.0,-2.180000000000007,0.6623054678553387,0,Pressão de meta / risco intermediário
2700102,27,AL,Nordeste,48.8,735.24,57.79,-8.990000000000002,0.661922972485878,2,Maior vulnerabilidade / maior risco
4117701,41,PR,Sul,65.93,754.81,74.23,-8.299999999999997,0.6617754479829234,0,Pressão de meta / risco intermediário
2506004,25,PB,Nordeste,64.21,757.61,67.49,-3.280000000000001,0.6613594261553901,0,Pressão de meta / risco intermediário
1200500,12,AC,Norte,64.83,751.8,67.71,-2.8799999999999955,0.661296803538963,0,Pressão de meta / risco intermediário
4126504,41,PR,Sul,61.98,746.07,70.98,-9.000000000000007,0.6612965146889157,0,Pressão de meta / risco intermediário
3301009,33,RJ,Sudeste,38.33,722.16,51.68,-13.350000000000001,0.6611407729071473,2,Maior vulnerabilidade / maior risco
2600708,26,PE,Nordeste,39.22,737.72,63.27,-24.050000000000004,0.6609869141284935,2,Maior vulnerabilidade / maior risco
4211876,42,SC,Sul,54.55,758.01,73.69,-19.14,0.6609785472288604,0,Pressão de meta / risco intermediário
2105989,21,MA,Nordeste,65.92,751.35,66.92,-1.0,0.6609427336953191,0,Pressão de meta / risco intermediário
3528908,35,SP,Sudeste,48.4,740.59,61.83,-13.43,0.6609118783272935,2,Maior vulnerabilidade / maior risco
2105807,21,MA,Nordeste,97.1,775.35,80.0,17.099999999999994,0.6608817913329676,1,Melhor desempenho / menor risco
4202537,42,SC,Sul,55.49,742.49,69.59,-14.100000000000001,0.660870226335897,0,Pressão de meta / risco intermediário
3539806,35,SP,Sudeste,51.72,741.66,62.8,-11.079999999999998,0.6605656932111533,2,Maior vulnerabilidade / maior risco
3508801,35,SP,Sudeste,61.51,750.58,67.29,-5.780000000000008,0.6605572208466294,0,Pressão de meta / risco intermediário
3300308,33,RJ,Sudeste,48.01,732.38,56.48,-8.469999999999999,0.6603828871701722,2,Maior vulnerabilidade / maior risco
3546900,35,SP,Sudeste,70.68,757.24,71.02,-0.3399999999999892,0.6603512338322834,0,Pressão de meta / risco intermediário
3301603,33,RJ,Sudeste,65.4,750.48,65.07,0.3300000000000125,0.6601116410772647,0,Pressão de meta / risco intermediário
3548104,35,SP,Sudeste,72.45,767.16,74.11,-1.6599999999999966,0.6598333779966301,0,Pressão de meta / risco intermediário
3300209,33,RJ,Sudeste,55.89,740.68,60.36,-4.469999999999999,0.659144643222963,0,Pressão de meta / risco intermediário
2203800,22,PI,Nordeste,43.3,731.38,57.58,-14.280000000000001,0.6590936395712567,2,Maior vulnerabilidade / maior risco
1300029,13,AM,Norte,58.47,739.37,52.59,5.8799999999999955,0.659037925305032,3,Desempenho favorável
4204152,42,SC,Sul,75.67,758.53,78.13,-2.4599999999999937,0.6589816236913923,0,Pressão de meta / risco intermediário
3552700,35,SP,Sudeste,62.83,752.83,68.11,-5.280000000000001,0.6584447134930813,0,Pressão de meta / risco intermediário
3511003,35,SP,Sudeste,45.42,730.35,58.29,-12.869999999999997,0.6582930361737802,2,Maior vulnerabilidade / maior risco
4102307,41,PR,Sul,75.18,758.75,77.08,-1.8999999999999915,0.6574951766113175,0,Pressão de meta / risco intermediário
4107652,41,PR,Sul,64.69,749.56,72.37,-7.680000000000007,0.6574863469158139,0,Pressão de meta / risco intermediário
4104006,41,PR,Sul,66.84,751.73,73.41,-6.569999999999993,0.6573599593449297,0,Pressão de meta / risco intermediário
2110005,21,MA,Nordeste,58.7,742.28,62.78,-4.079999999999998,0.6570042975499952,0,Pressão de meta / risco intermediário
4218350,42,SC,Sul,56.3,751.82,72.19,-15.89,0.656729774813537,0,Pressão de meta / risco intermediário
3517901,35,SP,Sudeste,73.02,772.9,75.7,-2.680000000000007,0.6565953505068727,0,Pressão de meta / risco intermediário
2502805,25,PB,Nordeste,51.6,748.54,62.2,-10.600000000000001,0.6564202221257976,0,Pressão de meta / risco intermediário
1703057,17,TO,Norte,36.96,726.21,49.34,-12.380000000000003,0.6561064855638074,2,Maior vulnerabilidade / maior risco
4102802,41,PR,Sul,54.88,738.39,67.2,-12.32,0.6559713993667807,0,Pressão de meta / risco intermediário
4106704,41,PR,Sul,71.42,750.97,74.09,-2.6700000000000017,0.6557486422069377,0,Pressão de meta / risco intermediário
3504800,35,SP,Sudeste,83.51,780.73,80.0,3.510000000000005,0.6556407298879808,1,Melhor desempenho / menor risco
2503001,25,PB,Nordeste,29.81,724.43,50.99,-21.180000000000003,0.6553135608140152,2,Maior vulnerabilidade / maior risco
3305000,33,RJ,Sudeste,58.22,742.55,61.22,-3.0,0.6552215790381625,0,Pressão de meta / risco intermediário
3527405,35,SP,Sudeste,68.26,754.21,69.5,-1.2399999999999949,0.6552112818539559,0,Pressão de meta / risco intermediário
4110201,41,PR,Sul,70.03,757.04,75.44,-5.409999999999997,0.6545965257865438,0,Pressão de meta / risco intermediário
4201604,42,SC,Sul,76.24,765.43,80.0,-3.760000000000005,0.6545862519854369,0,Pressão de meta / risco intermediário
1506609,15,PA,Norte,39.79,726.47,47.15,-7.359999999999999,0.6541540469151633,2,Maior vulnerabilidade / maior risco
5003801,50,MS,Centro-Oeste,59.59,743.09,67.03,-7.439999999999998,0.6541467849810082,0,Pressão de meta / risco intermediário
4126306,41,PR,Sul,81.96,764.67,80.0,1.9599999999999937,0.6541371557040103,0,Pressão de meta / risco intermediário
3526100,35,SP,Sudeste,55.18,740.93,63.08,-7.899999999999999,0.6539607354560668,0,Pressão de meta / risco intermediário
2202554,22,PI,Nordeste,58.14,756.61,67.44,-9.299999999999997,0.6539021259823159,0,Pressão de meta / risco intermediário
4107736,41,PR,Sul,79.81,766.31,80.0,-0.18999999999999773,0.6538870715405538,0,Pressão de meta / risco intermediário
1707207,17,TO,Norte,52.81,749.1,58.86,-6.049999999999997,0.6536843796614301,0,Pressão de meta / risco intermediário
3545001,35,SP,Sudeste,65.52,756.72,69.57,-4.049999999999997,0.6535844195733881,0,Pressão de meta / risco intermediário
4125902,41,PR,Sul,75.0,749.8,74.43,0.5699999999999932,0.6535691638664544,0,Pressão de meta / risco intermediário
4102000,41,PR,Sul,80.31,765.99,80.0,0.3100000000000023,0.653463058166537,0,Pressão de meta / risco intermediário
1707553,17,TO,Norte,57.84,754.97,61.51,-3.6699999999999946,0.6533188960586289,0,Pressão de meta / risco intermediário
3517307,35,SP,Sudeste,83.39,781.13,80.0,3.3900000000000006,0.6532065697313332,1,Melhor desempenho / menor risco
2907202,29,BA,Nordeste,20.93,711.03,27.82,-6.890000000000001,0.6530478438876776,2,Maior vulnerabilidade / maior risco
2615706,26,PE,Nordeste,80.64,768.28,80.0,0.6400000000000006,0.6529809845823911,0,Pressão de meta / risco intermediário
4300646,43,RS,Sul,70.8,763.91,59.07,11.729999999999997,0.6529122050432709,3,Desempenho favorável
3505104,35,SP,Sudeste,65.05,757.61,69.69,-4.640000000000001,0.6527640703623895,0,Pressão de meta / risco intermediário
3518701,35,SP,Sudeste,44.13,733.0,58.55,-14.419999999999995,0.652458459035857,2,Maior vulnerabilidade / maior risco
4127502,41,PR,Sul,77.79,762.3,78.42,-0.6299999999999955,0.6523591850885527,0,Pressão de meta / risco intermediário
3527900,35,SP,Sudeste,78.67,763.8,74.2,4.469999999999999,0.6522646885491092,0,Pressão de meta / risco intermediário
2103901,21,MA,Nordeste,81.51,761.82,72.72,8.790000000000006,0.6519397331293482,0,Pressão de meta / risco intermediário
1505494,15,PA,Norte,44.75,725.77,47.9,-3.1499999999999986,0.6518192998203871,2,Maior vulnerabilidade / maior risco
3538303,35,SP,Sudeste,45.2,752.09,64.01,-18.810000000000002,0.6513562898857781,2,Maior vulnerabilidade / maior risco
4101705,41,PR,Sul,77.54,758.33,77.23,0.3100000000000023,0.6511972323052805,0,Pressão de meta / risco intermediário
5100607,51,MT,Centro-Oeste,70.01,760.64,74.69,-4.679999999999993,0.6510062192527796,0,Pressão de meta / risco intermediário
3544301,35,SP,Sudeste,67.2,753.23,68.86,-1.6599999999999966,0.6509494101006307,0,Pressão de meta / risco intermediário
4128708,41,PR,Sul,70.19,752.4,74.06,-3.8700000000000045,0.650888571410927,0,Pressão de meta / risco intermediário
3505500,35,SP,Sudeste,58.42,750.48,66.28,-7.859999999999999,0.6508282818691007,0,Pressão de meta / risco intermediário
3548500,35,SP,Sudeste,52.77,745.71,63.79,-11.019999999999996,0.6507418035971254,0,Pressão de meta / risco intermediário
4116059,41,PR,Sul,83.28,764.12,80.0,3.280000000000001,0.6506965784694159,0,Pressão de meta / risco intermediário
2703106,27,AL,Nordeste,24.34,707.17,44.57,-20.23,0.65053641993495,2,Maior vulnerabilidade / maior risco
3542305,35,SP,Sudeste,84.33,780.78,80.0,4.329999999999998,0.6504264134580624,1,Melhor desempenho / menor risco
2203305,22,PI,Nordeste,73.33,766.64,73.23,0.09999999999999432,0.650378720756827,0,Pressão de meta / risco intermediário
3512506,35,SP,Sudeste,72.95,763.1,72.75,0.20000000000000284,0.6501635489352519,0,Pressão de meta / risco intermediário
1506161,15,PA,Norte,56.31,739.33,53.98,2.3300000000000054,0.650136133689864,3,Desempenho favorável
4113700,41,PR,Sul,72.99,756.48,75.74,-2.75,0.6501211141828437,0,Pressão de meta / risco intermediário
3514403,35,SP,Sudeste,62.74,755.64,68.57,-5.829999999999991,0.6499788301403453,0,Pressão de meta / risco intermediário
4126603,41,PR,Sul,82.88,764.52,80.0,2.8799999999999955,0.6499012238953963,0,Pressão de meta / risco intermediário
3541703,35,SP,Sudeste,68.43,758.9,70.64,-2.2099999999999937,0.649756158901871,0,Pressão de meta / risco intermediário
4208104,42,SC,Sul,57.23,744.66,70.15,-12.920000000000009,0.6495393828163615,0,Pressão de meta / risco intermediário
1100049,11,RO,Norte,65.81,747.56,68.16,-2.3499999999999943,0.649433255300919,0,Pressão de meta / risco intermediário
2208809,22,PI,Nordeste,31.32,726.17,53.32,-22.0,0.649371376445083,2,Maior vulnerabilidade / maior risco
4101903,41,PR,Sul,80.24,766.58,80.0,0.23999999999999488,0.6492272014766673,0,Pressão de meta / risco intermediário
2105963,21,MA,Nordeste,97.12,776.83,80.0,17.120000000000005,0.6491627930350349,1,Melhor desempenho / menor risco
2110807,21,MA,Nordeste,44.69,727.12,55.41,-10.719999999999999,0.6489843694080321,2,Maior vulnerabilidade / maior risco
4127809,41,PR,Sul,83.7,764.04,80.0,3.700000000000003,0.6488479544062685,0,Pressão de meta / risco intermediário
4115804,41,PR,Sul,79.1,765.5,79.45,-0.3500000000000085,0.6487782101999954,0,Pressão de meta / risco intermediário
3509304,35,SP,Sudeste,60.42,752.97,67.31,-6.890000000000001,0.648774440771156,0,Pressão de meta / risco intermediário
4111209,41,PR,Sul,75.37,758.85,76.84,-1.4699999999999989,0.6487691097482384,0,Pressão de meta / risco intermediário
2923050,29,BA,Nordeste,39.06,732.38,37.32,1.740000000000002,0.6487385681488941,2,Maior vulnerabilidade / maior risco
3505005,35,SP,Sudeste,64.23,760.59,70.18,-5.950000000000003,0.6480769076392539,0,Pressão de meta / risco intermediário
3503158,35,SP,Sudeste,37.41,738.12,58.42,-21.010000000000005,0.6480094751119657,2,Maior vulnerabilidade / maior risco
2708956,27,AL,Nordeste,57.08,742.7,61.07,-3.990000000000002,0.647900796824042,0,Pressão de meta / risco intermediário
2703205,27,AL,Nordeste,50.74,737.59,58.34,-7.600000000000001,0.6477186434027222,2,Maior vulnerabilidade / maior risco
2200400,22,PI,Nordeste,61.82,755.87,67.77,-5.949999999999996,0.6474451248335403,0,Pressão de meta / risco intermediário
1713304,17,TO,Norte,63.01,751.86,61.51,1.5,0.6473466448208083,0,Pressão de meta / risco intermediário
2705408,27,AL,Nordeste,31.11,718.82,49.07,-17.96,0.6470895701555753,2,Maior vulnerabilidade / maior risco
4124301,41,PR,Sul,81.17,766.17,80.0,1.1700000000000017,0.6469673022125721,0,Pressão de meta / risco intermediário
3537305,35,SP,Sudeste,61.01,751.24,66.89,-5.880000000000003,0.6469495962912997,0,Pressão de meta / risco intermediário
3548708,35,SP,Sudeste,54.16,744.29,63.55,-9.39,0.6468855258162336,0,Pressão de meta / risco intermediário
3126752,31,MG,Sudeste,63.78,754.84,80.0,-16.22,0.6465658467833235,0,Pressão de meta / risco intermediário
3525706,35,SP,Sudeste,54.93,744.27,63.69,-8.759999999999998,0.646492982467636,0,Pressão de meta / risco intermediário
4127908,41,PR,Sul,68.12,754.72,74.11,-5.989999999999995,0.6462165071015359,0,Pressão de meta / risco intermediário
4212205,42,SC,Sul,64.15,752.01,73.49,-9.33999999999999,0.6460226974580798,0,Pressão de meta / risco intermediário
4200754,42,SC,Sul,85.18,759.84,80.0,5.180000000000007,0.6459321290401945,0,Pressão de meta / risco intermediário
3513504,35,SP,Sudeste,45.43,733.55,58.73,-13.299999999999997,0.6455731488208195,2,Maior vulnerabilidade / maior risco
4119509,41,PR,Sul,50.54,736.42,65.39,-14.850000000000001,0.6454763188112622,2,Maior vulnerabilidade / maior risco
2102903,21,MA,Nordeste,61.21,744.72,63.56,-2.3500000000000014,0.645215463619544,0,Pressão de meta / risco intermediário
1707009,17,TO,Norte,61.27,751.65,61.01,0.2600000000000051,0.6449895177711894,0,Pressão de meta / risco intermediário
3157336,31,MG,Sudeste,43.82,730.4,69.06,-25.240000000000002,0.6449511803227675,2,Maior vulnerabilidade / maior risco
2615805,26,PE,Nordeste,68.38,750.18,72.18,-3.8000000000000114,0.6449438124334602,0,Pressão de meta / risco intermediário
2612208,26,PE,Nordeste,75.13,763.16,77.15,-2.0200000000000102,0.6445388945553197,0,Pressão de meta / risco intermediário
4113403,41,PR,Sul,89.7,760.11,80.0,9.700000000000003,0.6444257906240944,1,Melhor desempenho / menor risco
3519808,35,SP,Sudeste,81.32,767.12,75.39,5.929999999999993,0.6443740384777206,0,Pressão de meta / risco intermediário
2506400,25,PB,Nordeste,27.02,720.48,48.93,-21.91,0.6441441034608861,2,Maior vulnerabilidade / maior risco
2604007,26,PE,Nordeste,59.18,749.31,70.0,-10.82,0.6438761130528581,0,Pressão de meta / risco intermediário
1503200,15,PA,Norte,40.43,727.03,47.07,-6.640000000000001,0.6436573567053011,2,Maior vulnerabilidade / maior risco
2407104,24,RN,Nordeste,30.13,721.87,44.07,-13.940000000000001,0.6434995023699915,2,Maior vulnerabilidade / maior risco
4125506,41,PR,Sul,64.3,747.61,71.26,-6.960000000000008,0.6434993755664948,0,Pressão de meta / risco intermediário
2806206,28,SE,Nordeste,44.89,727.82,47.88,-2.990000000000002,0.6434379779571662,2,Maior vulnerabilidade / maior risco
4114807,41,PR,Sul,73.09,755.75,75.31,-2.219999999999999,0.6429841305749753,0,Pressão de meta / risco intermediário
4103800,41,PR,Sul,83.63,764.84,80.0,3.6299999999999955,0.6429155248082942,0,Pressão de meta / risco intermediário
2108108,21,MA,Nordeste,90.57,773.11,77.38,13.189999999999998,0.6423533527591443,1,Melhor desempenho / menor risco
3510401,35,SP,Sudeste,66.48,757.04,69.46,-2.9799999999999898,0.6422204371618543,0,Pressão de meta / risco intermediário
3533007,35,SP,Sudeste,59.94,754.12,67.3,-7.359999999999999,0.6422079226680109,0,Pressão de meta / risco intermediário
4119152,41,PR,Sul,57.37,742.31,68.31,-10.940000000000005,0.6420056178254798,0,Pressão de meta / risco intermediário
4126355,41,PR,Sul,82.66,765.7,80.0,2.6599999999999966,0.6418438340611888,0,Pressão de meta / risco intermediário
1100023,11,RO,Norte,65.62,748.16,68.02,-2.3999999999999915,0.641779046285246,0,Pressão de meta / risco intermediário
3300159,33,RJ,Sudeste,68.41,754.14,66.06,2.3499999999999943,0.6417450298834692,0,Pressão de meta / risco intermediário
3506201,35,SP,Sudeste,84.11,782.04,80.0,4.109999999999999,0.6417366022450689,1,Melhor desempenho / menor risco
2503704,25,PB,Nordeste,50.91,746.3,60.92,-10.010000000000005,0.6416116831926902,2,Maior vulnerabilidade / maior risco
4111407,41,PR,Sul,82.65,765.74,80.0,2.6500000000000057,0.6415844336800409,0,Pressão de meta / risco intermediário
4123808,41,PR,Sul,82.63,765.8,80.0,2.6299999999999955,0.6412250275948631,0,Pressão de meta / risco intermediário
4105805,41,PR,Sul,60.67,745.19,69.76,-9.090000000000003,0.641181820966531,0,Pressão de meta / risco intermediário
3521150,35,SP,Sudeste,43.3,734.5,58.39,-15.090000000000003,0.640902257704234,2,Maior vulnerabilidade / maior risco
4114609,41,PR,Sul,76.44,758.58,76.71,-0.269999999999996,0.6408188017866827,0,Pressão de meta / risco intermediário
3552403,35,SP,Sudeste,50.61,741.24,61.76,-11.149999999999999,0.6407627997276962,2,Maior vulnerabilidade / maior risco
2401305,24,RN,Nordeste,43.77,732.49,49.73,-5.959999999999994,0.6407204432795695,2,Maior vulnerabilidade / maior risco
4121406,41,PR,Sul,79.84,768.05,80.0,-0.1599999999999966,0.6399218038091157,0,Pressão de meta / risco intermediário
4117214,41,PR,Sul,79.18,768.57,80.0,-0.8199999999999932,0.6397112344900477,0,Pressão de meta / risco intermediário
2101251,21,MA,Nordeste,53.73,741.0,60.79,-7.060000000000002,0.6395967639829387,0,Pressão de meta / risco intermediário
2607505,26,PE,Nordeste,58.6,736.47,66.17,-7.57,0.6392461054958307,0,Pressão de meta / risco intermediário
1502756,15,PA,Norte,54.24,739.18,53.12,1.1200000000000045,0.6389088951581031,3,Desempenho favorável
3526902,35,SP,Sudeste,62.75,755.29,68.08,-5.329999999999998,0.638610098332476,0,Pressão de meta / risco intermediário
2704401,27,AL,Nordeste,37.84,728.02,52.71,-14.869999999999997,0.6385909264055059,2,Maior vulnerabilidade / maior risco
2107357,21,MA,Nordeste,62.23,748.59,64.61,-2.3800000000000026,0.638558241819011,0,Pressão de meta / risco intermediário
1703206,17,TO,Norte,59.26,756.39,61.68,-2.4200000000000017,0.638504983890553,0,Pressão de meta / risco intermediário
3550100,35,SP,Sudeste,60.53,750.58,66.3,-5.769999999999996,0.638063444931358,0,Pressão de meta / risco intermediário
3143500,31,MG,Sudeste,64.5,755.47,80.0,-15.5,0.6372474974135122,0,Pressão de meta / risco intermediário
1100015,11,RO,Norte,67.79,752.5,69.51,-1.7199999999999989,0.6371931785936304,0,Pressão de meta / risco intermediário
4119905,41,PR,Sul,75.9,760.67,77.05,-1.1499999999999915,0.6371676633113225,0,Pressão de meta / risco intermediário
4103602,41,PR,Sul,58.04,741.95,68.18,-10.140000000000008,0.637116039425025,0,Pressão de meta / risco intermediário
2601409,26,PE,Nordeste,53.05,746.36,67.68,-14.63000000000001,0.63702973305601,0,Pressão de meta / risco intermediário
4206504,42,SC,Sul,64.09,752.68,73.35,-9.259999999999991,0.6369949545533978,0,Pressão de meta / risco intermediário
4108304,41,PR,Sul,72.01,756.73,75.15,-3.1400000000000006,0.6369814974709902,0,Pressão de meta / risco intermediário
4110805,41,PR,Sul,80.07,768.26,80.0,0.06999999999999318,0.6368621602527866,0,Pressão de meta / risco intermediário
4219853,42,SC,Sul,57.58,744.97,69.85,-12.269999999999996,0.6363436163581051,0,Pressão de meta / risco intermediário
2407005,24,RN,Nordeste,26.6,716.19,41.52,-14.920000000000002,0.6362750484566042,2,Maior vulnerabilidade / maior risco
4110078,41,PR,Sul,70.26,755.49,74.42,-4.159999999999997,0.6362458650718438,0,Pressão de meta / risco intermediário
2104651,21,MA,Nordeste,78.08,765.75,72.55,5.530000000000001,0.6361991555299719,0,Pressão de meta / risco intermediário
3531803,35,SP,Sudeste,46.98,736.34,59.49,-12.510000000000005,0.6359888832058747,2,Maior vulnerabilidade / maior risco
2613909,26,PE,Nordeste,77.92,762.65,77.29,0.6299999999999955,0.6359856409960084,0,Pressão de meta / risco intermediário
3300258,33,RJ,Sudeste,58.05,741.1,60.11,-2.0600000000000023,0.6358712372556149,0,Pressão de meta / risco intermediário
2103174,21,MA,Nordeste,36.86,724.75,52.68,-15.82,0.6358472443391331,2,Maior vulnerabilidade / maior risco
2704203,27,AL,Nordeste,44.61,732.24,55.18,-10.57,0.6357909691439589,2,Maior vulnerabilidade / maior risco
2804102,28,SE,Nordeste,58.01,744.62,54.97,3.039999999999999,0.6357052629615925,3,Desempenho favorável
3164001,31,MG,Sudeste,68.34,752.83,80.0,-11.659999999999997,0.6353830898490823,0,Pressão de meta / risco intermediário
3525201,35,SP,Sudeste,44.07,736.57,58.93,-14.86,0.6353535662862946,2,Maior vulnerabilidade / maior risco
3529500,35,SP,Sudeste,77.56,762.8,73.1,4.460000000000008,0.6351700807101276,0,Pressão de meta / risco intermediário
5005707,50,MS,Centro-Oeste,59.87,744.01,66.68,-6.810000000000009,0.635111854793761,0,Pressão de meta / risco intermediário
1100288,11,RO,Norte,75.19,757.49,72.34,2.8499999999999943,0.6348792743402011,0,Pressão de meta / risco intermediário
2910859,29,BA,Nordeste,36.76,723.0,33.77,2.989999999999995,0.6348541088716158,2,Maior vulnerabilidade / maior risco
4304101,43,RS,Sul,33.9,731.07,41.73,-7.829999999999998,0.6347497137760314,2,Maior vulnerabilidade / maior risco
3521903,35,SP,Sudeste,82.74,783.95,80.0,2.739999999999995,0.6346450130733465,1,Melhor desempenho / menor risco
3171907,31,MG,Sudeste,70.97,750.96,80.0,-9.030000000000001,0.6346017259746649,0,Pressão de meta / risco intermediário
4106803,41,PR,Sul,84.49,765.24,80.0,4.489999999999995,0.6345639886911627,0,Pressão de meta / risco intermediário
2803302,28,SE,Nordeste,58.28,741.91,54.23,4.050000000000004,0.634348477733396,3,Desempenho favorável
3501400,35,SP,Sudeste,58.33,740.81,63.01,-4.68,0.6341662505963589,0,Pressão de meta / risco intermediário
4113429,41,PR,Sul,83.47,766.06,80.0,3.469999999999999,0.6341047587568989,0,Pressão de meta / risco intermediário
3539400,35,SP,Sudeste,44.37,736.84,59.02,-14.650000000000006,0.633995427590378,2,Maior vulnerabilidade / maior risco
3517406,35,SP,Sudeste,53.49,744.68,63.07,-9.579999999999998,0.6339024512116515,0,Pressão de meta / risco intermediário
3304755,33,RJ,Sudeste,47.47,731.57,55.22,-7.75,0.6339015508424373,2,Maior vulnerabilidade / maior risco
4124400,41,PR,Sul,81.43,766.36,79.65,1.7800000000000011,0.6337812706987005,0,Pressão de meta / risco intermediário
4126272,41,PR,Sul,85.49,764.6,80.0,5.489999999999995,0.6336948899146496,0,Pressão de meta / risco intermediário
1600204,16,AP,Norte,39.25,732.39,48.89,-9.64,0.6334781003157417,2,Maior vulnerabilidade / maior risco
4120606,41,PR,Sul,82.91,766.59,80.0,2.9099999999999966,0.6332097307602501,0,Pressão de meta / risco intermediário
2414100,24,RN,Nordeste,52.25,745.32,54.77,-2.520000000000003,0.6331653408393889,3,Desempenho favorável
4109708,41,PR,Sul,71.64,757.2,75.07,-3.4299999999999926,0.6331008520678769,0,Pressão de meta / risco intermediário
3543303,35,SP,Sudeste,66.4,757.95,69.38,-2.9799999999999898,0.633086289051577,0,Pressão de meta / risco intermediário
2607208,26,PE,Nordeste,64.15,754.32,72.04,-7.890000000000001,0.6330804129871813,0,Pressão de meta / risco intermediário
4212056,42,SC,Sul,57.22,750.65,71.23,-14.010000000000005,0.632974014303689,0,Pressão de meta / risco intermediário
4118709,41,PR,Sul,84.51,765.45,80.0,4.510000000000005,0.6327522710708579,0,Pressão de meta / risco intermediário
4103354,41,PR,Sul,85.11,765.03,80.0,5.109999999999999,0.6325201836871325,0,Pressão de meta / risco intermediário
3530102,35,SP,Sudeste,54.13,740.87,62.1,-7.969999999999999,0.6324724801726809,0,Pressão de meta / risco intermediário
3518404,35,SP,Sudeste,55.83,747.89,64.39,-8.560000000000002,0.6324080374120161,0,Pressão de meta / risco intermediário
5103957,51,MT,Centro-Oeste,83.78,771.9,80.0,3.780000000000001,0.6322476557857466,0,Pressão de meta / risco intermediário
3538600,35,SP,Sudeste,57.46,750.72,65.5,-8.04,0.6321336235316573,0,Pressão de meta / risco intermediário
3555406,35,SP,Sudeste,36.64,723.38,53.62,-16.979999999999997,0.6316458976292035,2,Maior vulnerabilidade / maior risco
1300680,13,AM,Norte,31.41,722.82,41.46,-10.05,0.6314913082535343,2,Maior vulnerabilidade / maior risco
4127700,41,PR,Sul,81.69,766.64,79.7,1.9899999999999949,0.631413805508193,0,Pressão de meta / risco intermediário
2207405,22,PI,Nordeste,72.22,771.52,73.69,-1.4699999999999989,0.6313314642132712,0,Pressão de meta / risco intermediário
4119400,41,PR,Sul,74.06,755.87,75.14,-1.0799999999999983,0.6312705273917433,0,Pressão de meta / risco intermediário
3117405,31,MG,Sudeste,74.88,748.46,80.0,-5.1200000000000045,0.6311793765109512,0,Pressão de meta / risco intermediário
2918506,29,BA,Nordeste,43.44,736.34,38.71,4.729999999999997,0.6310892321843434,3,Desempenho favorável
4203006,42,SC,Sul,65.51,751.24,73.04,-7.530000000000001,0.6310097947524177,0,Pressão de meta / risco intermediário
3547403,35,SP,Sudeste,52.94,758.8,66.75,-13.810000000000002,0.6306999651832582,0,Pressão de meta / risco intermediário
4216107,42,SC,Sul,76.94,763.95,78.9,-1.960000000000008,0.6305080472061269,0,Pressão de meta / risco intermediário
4119707,41,PR,Sul,80.42,768.26,79.85,0.5700000000000074,0.6303838989938866,0,Pressão de meta / risco intermediário
2407401,24,RN,Nordeste,53.91,741.14,53.85,0.05999999999999517,0.6300208435364957,3,Desempenho favorável
2109908,21,MA,Nordeste,48.48,735.29,57.79,-9.310000000000002,0.6298243061950161,2,Maior vulnerabilidade / maior risco
3536109,35,SP,Sudeste,56.51,749.91,65.0,-8.490000000000002,0.6298065894681623,0,Pressão de meta / risco intermediário
4114203,41,PR,Sul,81.53,768.07,80.0,1.5300000000000011,0.6295941178045624,0,Pressão de meta / risco intermediário
3526506,35,SP,Sudeste,59.08,758.29,67.84,-8.760000000000005,0.6295701615475439,0,Pressão de meta / risco intermediário
2606200,26,PE,Nordeste,45.89,731.87,61.91,-16.019999999999996,0.6287582265262328,2,Maior vulnerabilidade / maior risco
4119806,41,PR,Sul,78.93,770.12,80.0,-1.0699999999999932,0.6287420281975903,0,Pressão de meta / risco intermediário
2703809,27,AL,Nordeste,27.93,718.32,47.64,-19.71,0.628708179184197,2,Maior vulnerabilidade / maior risco
1718758,17,TO,Norte,26.8,714.07,42.93,-16.13,0.6286411575446821,2,Maior vulnerabilidade / maior risco
2504033,25,PB,Nordeste,60.4,751.45,63.86,-3.460000000000001,0.6286406014203971,0,Pressão de meta / risco intermediário
1721208,17,TO,Norte,35.44,727.34,48.38,-12.940000000000005,0.6284926624510588,2,Maior vulnerabilidade / maior risco
2204006,22,PI,Nordeste,84.21,780.52,78.56,5.6499999999999915,0.6284840211681005,1,Melhor desempenho / menor risco
4207809,42,SC,Sul,71.4,756.97,75.75,-4.349999999999994,0.6283178893493195,0,Pressão de meta / risco intermediário
4203303,42,SC,Sul,59.82,747.69,70.79,-10.970000000000006,0.6283166094580568,0,Pressão de meta / risco intermediário
3540804,35,SP,Sudeste,62.55,752.75,66.98,-4.430000000000007,0.6282234219156191,0,Pressão de meta / risco intermediário
3556206,35,SP,Sudeste,48.21,739.25,60.28,-12.07,0.6281439080681385,2,Maior vulnerabilidade / maior risco
2408003,24,RN,Nordeste,45.41,738.19,51.21,-5.800000000000004,0.6280630509055626,2,Maior vulnerabilidade / maior risco
3303203,33,RJ,Sudeste,47.32,734.62,55.83,-8.509999999999998,0.6279941810706434,2,Maior vulnerabilidade / maior risco
4203501,42,SC,Sul,48.28,742.99,67.09,-18.810000000000002,0.6278927101637531,2,Maior vulnerabilidade / maior risco
3124609,31,MG,Sudeste,66.67,755.01,80.0,-13.329999999999998,0.6278689671831152,0,Pressão de meta / risco intermediário
2612554,26,PE,Nordeste,53.14,740.64,65.78,-12.64,0.6271862548976309,0,Pressão de meta / risco intermediário
1200351,12,AC,Norte,62.82,751.81,66.11,-3.289999999999999,0.627170713548698,0,Pressão de meta / risco intermediário
2512309,25,PB,Nordeste,86.29,790.75,80.0,6.290000000000006,0.6263522392537201,1,Melhor desempenho / menor risco
4111100,41,PR,Sul,86.9,764.49,80.0,6.900000000000006,0.6260546975643158,1,Melhor desempenho / menor risco
2807006,28,SE,Nordeste,46.34,742.54,51.64,-5.299999999999997,0.62571263318416,2,Maior vulnerabilidade / maior risco
3513009,35,SP,Sudeste,49.49,738.45,60.23,-10.739999999999995,0.6253985943905623,2,Maior vulnerabilidade / maior risco
2613206,26,PE,Nordeste,54.47,744.43,67.04,-12.570000000000007,0.6253426777718405,0,Pressão de meta / risco intermediário
3302304,33,RJ,Sudeste,48.41,736.27,56.42,-8.010000000000005,0.62530672528135,2,Maior vulnerabilidade / maior risco
4101804,41,PR,Sul,69.02,751.95,72.81,-3.7900000000000063,0.6252872456578126,0,Pressão de meta / risco intermediário
3526001,35,SP,Sudeste,80.44,779.09,77.85,2.5900000000000034,0.6249647509847969,1,Melhor desempenho / menor risco
4127965,41,PR,Sul,84.81,766.19,80.0,4.810000000000002,0.6249434694693098,0,Pressão de meta / risco intermediário
2109304,21,MA,Nordeste,47.82,729.08,55.77,-7.950000000000003,0.6249318548506877,2,Maior vulnerabilidade / maior risco
4128658,41,PR,Sul,81.54,765.28,79.07,2.470000000000013,0.6248768410265024,0,Pressão de meta / risco intermediário
4203907,42,SC,Sul,69.54,754.85,74.66,-5.11999999999999,0.6248143596650547,0,Pressão de meta / risco intermediário
4119608,41,PR,Sul,73.42,757.16,75.14,-1.7199999999999989,0.6246950507513183,0,Pressão de meta / risco intermediário
4200507,42,SC,Sul,75.76,750.18,74.65,1.1099999999999994,0.6246633194877347,0,Pressão de meta / risco intermediário
1100304,11,RO,Norte,71.66,753.73,70.22,1.4399999999999977,0.6246203277295963,0,Pressão de meta / risco intermediário
5004601,50,MS,Centro-Oeste,79.41,762.2,75.39,4.019999999999996,0.62460633573612,0,Pressão de meta / risco intermediário
4105706,41,PR,Sul,74.84,756.4,75.22,-0.37999999999999545,0.6245914138178522,0,Pressão de meta / risco intermediário
4202057,42,SC,Sul,51.19,739.83,66.68,-15.490000000000009,0.6238334158055047,0,Pressão de meta / risco intermediário
1500305,15,PA,Norte,38.18,725.4,45.47,-7.289999999999999,0.6237317915310079,2,Maior vulnerabilidade / maior risco
4100400,41,PR,Sul,45.12,728.89,61.44,-16.32,0.6237263097094287,2,Maior vulnerabilidade / maior risco
4117305,41,PR,Sul,58.43,743.56,68.24,-9.809999999999995,0.6234979200605992,0,Pressão de meta / risco intermediário
4216404,42,SC,Sul,76.69,759.13,77.27,-0.5799999999999983,0.6232929468639292,0,Pressão de meta / risco intermediário
1101005,11,RO,Norte,70.76,753.34,69.88,0.8800000000000097,0.6232633461577857,0,Pressão de meta / risco intermediário
3542206,35,SP,Sudeste,60.02,753.63,66.53,-6.509999999999998,0.6232233803006032,0,Pressão de meta / risco intermediário
4112801,41,PR,Sul,85.12,766.17,80.0,5.1200000000000045,0.6232190091234304,0,Pressão de meta / risco intermediário
4107850,41,PR,Sul,85.55,765.92,80.0,5.549999999999997,0.6226353017476656,0,Pressão de meta / risco intermediário
4217303,42,SC,Sul,80.9,765.94,80.0,0.9000000000000057,0.6226100481134337,0,Pressão de meta / risco intermediário
2610509,26,PE,Nordeste,76.23,762.46,76.43,-0.20000000000000284,0.6225776374525054,0,Pressão de meta / risco intermediário
4113502,41,PR,Sul,73.8,755.77,74.76,-0.960000000000008,0.6225061720755519,0,Pressão de meta / risco intermediário
3507159,35,SP,Sudeste,55.46,748.16,64.05,-8.589999999999996,0.6224892025684206,0,Pressão de meta / risco intermediário
2400406,24,RN,Nordeste,39.66,729.75,47.49,-7.830000000000005,0.6222468382125671,2,Maior vulnerabilidade / maior risco
5104104,51,MT,Centro-Oeste,54.22,748.39,67.04,-12.820000000000007,0.6220279182899426,0,Pressão de meta / risco intermediário
3534609,35,SP,Sudeste,59.23,750.25,65.39,-6.160000000000004,0.6219778055154453,0,Pressão de meta / risco intermediário
1503044,15,PA,Norte,67.37,750.01,58.23,9.140000000000008,0.6213929471088824,3,Desempenho favorável
4217758,42,SC,Sul,73.21,762.24,77.33,-4.1200000000000045,0.6209275926034785,0,Pressão de meta / risco intermediário
2925931,29,BA,Nordeste,75.47,760.66,51.7,23.769999999999996,0.6206167677300842,3,Desempenho favorável
3516804,35,SP,Sudeste,54.3,741.54,61.91,-7.609999999999999,0.6204216943819056,0,Pressão de meta / risco intermediário
1508209,15,PA,Norte,37.71,723.04,44.6,-6.890000000000001,0.6201794331606159,2,Maior vulnerabilidade / maior risco
4209854,42,SC,Sul,84.61,763.49,80.0,4.609999999999999,0.6199572232418277,0,Pressão de meta / risco intermediário
3523701,35,SP,Sudeste,82.38,770.74,75.77,6.609999999999999,0.6198688800700167,1,Melhor desempenho / menor risco
1303601,13,AM,Norte,36.02,722.59,41.95,-5.93,0.6197445308990353,2,Maior vulnerabilidade / maior risco
4109203,41,PR,Sul,72.67,757.76,74.98,-2.3100000000000023,0.6196567988234158,0,Pressão de meta / risco intermediário
4124103,41,PR,Sul,55.04,741.25,66.77,-11.729999999999997,0.6196480723997616,0,Pressão de meta / risco intermediário
2805505,28,SE,Nordeste,40.54,725.16,45.43,-4.890000000000001,0.6196397318296714,2,Maior vulnerabilidade / maior risco
5103403,51,MT,Centro-Oeste,46.56,737.82,62.45,-15.89,0.6195465550379923,2,Maior vulnerabilidade / maior risco
3157377,31,MG,Sudeste,72.73,751.5,80.0,-7.269999999999996,0.6195418105697263,0,Pressão de meta / risco intermediário
3302452,33,RJ,Sudeste,77.99,760.0,68.9,9.08999999999999,0.6195060347952834,0,Pressão de meta / risco intermediário
4121752,41,PR,Sul,83.13,762.77,78.52,4.609999999999999,0.6194225524536942,0,Pressão de meta / risco intermediário
5107156,51,MT,Centro-Oeste,83.86,763.95,77.38,6.480000000000004,0.6193545670906416,0,Pressão de meta / risco intermediário
3540408,35,SP,Sudeste,79.69,782.78,78.52,1.1700000000000017,0.6192110946423011,1,Melhor desempenho / menor risco
1200013,12,AC,Norte,59.69,746.05,63.6,-3.9100000000000037,0.6192016234468986,0,Pressão de meta / risco intermediário
2514305,25,PB,Nordeste,52.39,739.29,58.52,-6.130000000000003,0.6191570970457067,2,Maior vulnerabilidade / maior risco
2203503,22,PI,Nordeste,51.08,738.74,59.84,-8.760000000000005,0.6190802146177141,2,Maior vulnerabilidade / maior risco
2204659,22,PI,Nordeste,34.84,724.63,52.58,-17.739999999999995,0.6190447272831562,2,Maior vulnerabilidade / maior risco
5104542,51,MT,Centro-Oeste,77.99,777.88,80.0,-2.010000000000005,0.6188462932093148,0,Pressão de meta / risco intermediário
4104501,41,PR,Sul,79.5,766.97,78.91,0.5900000000000034,0.6188162000533696,0,Pressão de meta / risco intermediário
1100031,11,RO,Norte,75.88,759.66,72.53,3.3499999999999943,0.6186592297121015,0,Pressão de meta / risco intermediário
4119657,41,PR,Sul,83.19,768.2,80.0,3.1899999999999977,0.6184299328507651,0,Pressão de meta / risco intermediário
2207009,22,PI,Nordeste,72.5,761.07,70.42,2.0799999999999983,0.6184188862506559,0,Pressão de meta / risco intermediário
4203808,42,SC,Sul,71.93,757.9,75.78,-3.8499999999999943,0.6183979973764879,0,Pressão de meta / risco intermediário
2104057,21,MA,Nordeste,59.79,747.41,63.09,-3.3000000000000043,0.6183650636254274,0,Pressão de meta / risco intermediário
4312476,43,RS,Sul,76.9,770.03,60.83,16.070000000000007,0.618248513643972,1,Melhor desempenho / menor risco
4206405,42,SC,Sul,83.69,764.41,80.0,3.6899999999999977,0.6180601247421365,0,Pressão de meta / risco intermediário
3513207,35,SP,Sudeste,49.46,737.64,59.75,-10.29,0.6180238798529457,2,Maior vulnerabilidade / maior risco
4218509,42,SC,Sul,71.92,758.96,76.05,-4.1299999999999955,0.6177767770712232,0,Pressão de meta / risco intermediário
2205151,22,PI,Nordeste,84.31,786.97,80.0,4.310000000000002,0.617763274821766,1,Melhor desempenho / menor risco
4107207,41,PR,Sul,82.56,768.76,80.0,2.5600000000000023,0.6177028798031279,0,Pressão de meta / risco intermediário
4101309,41,PR,Sul,88.26,764.53,80.0,8.260000000000005,0.6174287894081557,1,Melhor desempenho / menor risco
3532868,35,SP,Sudeste,25.0,730.38,52.66,-27.659999999999997,0.6172778544449775,2,Maior vulnerabilidade / maior risco
3514908,35,SP,Sudeste,56.28,745.33,63.26,-6.979999999999997,0.6172493051687772,0,Pressão de meta / risco intermediário
2111631,21,MA,Nordeste,55.35,754.27,64.03,-8.68,0.6172283915095201,0,Pressão de meta / risco intermediário
3548906,35,SP,Sudeste,50.27,741.08,60.84,-10.57,0.6171797310810511,2,Maior vulnerabilidade / maior risco
1300607,13,AM,Norte,34.3,725.39,42.28,-7.980000000000004,0.6171265746293934,2,Maior vulnerabilidade / maior risco
2704302,27,AL,Nordeste,40.95,726.11,52.09,-11.14,0.6170409360337719,2,Maior vulnerabilidade / maior risco
4219705,42,SC,Sul,59.5,749.64,70.88,-11.379999999999995,0.6170270194944973,0,Pressão de meta / risco intermediário
2107506,21,MA,Nordeste,55.55,740.51,60.26,-4.710000000000001,0.6170092738466557,0,Pressão de meta / risco intermediário
2702306,27,AL,Nordeste,92.03,788.88,80.0,12.030000000000001,0.6168909312596819,1,Melhor desempenho / menor risco
3121209,31,MG,Sudeste,68.3,753.17,79.45,-11.150000000000006,0.6167085263297832,0,Pressão de meta / risco intermediário
3554300,35,SP,Sudeste,70.49,762.85,71.01,-0.5200000000000102,0.6163078430030637,0,Pressão de meta / risco intermediário
3516507,35,SP,Sudeste,85.45,784.2,80.0,5.450000000000003,0.6161407439191035,1,Melhor desempenho / menor risco
3539103,35,SP,Sudeste,40.79,727.91,55.2,-14.410000000000004,0.6160261607225094,2,Maior vulnerabilidade / maior risco
3550605,35,SP,Sudeste,51.51,742.19,61.36,-9.850000000000001,0.6158960680925272,2,Maior vulnerabilidade / maior risco
3507803,35,SP,Sudeste,54.27,743.45,62.27,-8.0,0.6156277721655878,0,Pressão de meta / risco intermediário
4316436,43,RS,Sul,69.6,753.89,54.75,14.849999999999994,0.6150267417294204,3,Desempenho favorável
3520905,35,SP,Sudeste,54.96,748.13,63.68,-8.719999999999999,0.6148414870727262,0,Pressão de meta / risco intermediário
2516706,25,PB,Nordeste,81.85,777.58,75.05,6.799999999999997,0.6147978082063384,1,Melhor desempenho / menor risco
5000856,50,MS,Centro-Oeste,86.52,774.76,80.0,6.519999999999996,0.6147751857325159,1,Melhor desempenho / menor risco
4101200,41,PR,Sul,63.75,749.49,70.68,-6.930000000000007,0.6146371664927398,0,Pressão de meta / risco intermediário
5106802,51,MT,Centro-Oeste,74.29,769.99,76.91,-2.6199999999999903,0.6145829097288895,0,Pressão de meta / risco intermediário
3163003,31,MG,Sudeste,52.73,748.36,74.82,-22.089999999999996,0.6143107531987733,0,Pressão de meta / risco intermediário
1504950,15,PA,Norte,50.02,731.75,49.35,0.6700000000000017,0.6141506617529725,3,Desempenho favorável
4113601,41,PR,Sul,54.92,745.52,67.74,-12.819999999999993,0.6141424762668195,0,Pressão de meta / risco intermediário
3551504,35,SP,Sudeste,43.97,732.13,56.96,-12.990000000000002,0.6141193113772502,2,Maior vulnerabilidade / maior risco
4204103,42,SC,Sul,60.13,756.58,72.82,-12.68999999999999,0.6137942310916995,0,Pressão de meta / risco intermediário
1101468,11,RO,Norte,57.63,739.47,63.01,-5.3799999999999955,0.6137695996153346,0,Pressão de meta / risco intermediário
2202406,22,PI,Nordeste,54.01,746.03,62.28,-8.270000000000003,0.6137037656262095,0,Pressão de meta / risco intermediário
4216008,42,SC,Sul,80.35,767.44,80.0,0.3499999999999943,0.6136956970434739,0,Pressão de meta / risco intermediário
4105201,41,PR,Sul,49.89,732.24,63.01,-13.119999999999997,0.6135881053784055,2,Maior vulnerabilidade / maior risco
1702554,17,TO,Norte,59.95,752.07,59.78,0.1700000000000017,0.613585747149182,3,Desempenho favorável
2613800,26,PE,Nordeste,42.6,725.03,58.82,-16.22,0.6134386121087746,2,Maior vulnerabilidade / maior risco
4218608,42,SC,Sul,63.31,750.89,71.89,-8.579999999999998,0.6133613520090564,0,Pressão de meta / risco intermediário
3509601,35,SP,Sudeste,48.77,738.47,59.67,-10.899999999999999,0.6130709280085884,2,Maior vulnerabilidade / maior risco
3538709,35,SP,Sudeste,55.08,745.76,62.99,-7.910000000000004,0.613068010353468,0,Pressão de meta / risco intermediário
4103958,41,PR,Sul,84.25,768.09,80.0,4.25,0.6128241444118955,0,Pressão de meta / risco intermediário
4127106,41,PR,Sul,61.71,743.81,68.62,-6.910000000000004,0.6126159892721758,0,Pressão de meta / risco intermediário
4101101,41,PR,Sul,64.82,745.87,69.82,-5.0,0.6122415866231172,0,Pressão de meta / risco intermediário
1720903,17,TO,Norte,42.45,734.98,51.39,-8.939999999999998,0.6121912708300851,2,Maior vulnerabilidade / maior risco
4108700,41,PR,Sul,61.6,748.29,69.82,-8.219999999999992,0.6121466662452503,0,Pressão de meta / risco intermediário
2112274,21,MA,Nordeste,36.17,713.74,48.68,-12.509999999999998,0.6118944253215739,2,Maior vulnerabilidade / maior risco
4126009,41,PR,Sul,87.77,765.6,80.0,7.769999999999996,0.6116474428280181,1,Melhor desempenho / menor risco
2410207,24,RN,Nordeste,65.36,758.43,60.37,4.990000000000002,0.6114863998389208,3,Desempenho favorável
2605103,26,PE,Nordeste,84.57,770.49,80.0,4.569999999999993,0.6114744201722355,1,Melhor desempenho / menor risco
4108007,41,PR,Sul,63.48,745.45,69.4,-5.920000000000009,0.6114426045606352,0,Pressão de meta / risco intermediário
2103307,21,MA,Nordeste,50.85,735.27,57.65,-6.799999999999997,0.6113729436255612,2,Maior vulnerabilidade / maior risco
3526803,35,SP,Sudeste,63.65,755.41,67.37,-3.720000000000006,0.6112850723932017,0,Pressão de meta / risco intermediário
4119202,41,PR,Sul,76.88,758.6,75.8,1.0799999999999983,0.6112589866349398,0,Pressão de meta / risco intermediário
4104907,41,PR,Sul,74.56,761.06,76.0,-1.4399999999999977,0.6112487212287804,0,Pressão de meta / risco intermediário
4212809,42,SC,Sul,53.84,742.32,67.49,-13.649999999999991,0.6111977097673327,0,Pressão de meta / risco intermediário
4209508,42,SC,Sul,60.32,744.15,69.33,-9.009999999999998,0.6110239015449078,0,Pressão de meta / risco intermediário
3300936,33,RJ,Sudeste,59.54,744.35,60.47,-0.9299999999999997,0.6109360734906771,3,Desempenho favorável
3515608,35,SP,Sudeste,85.99,784.45,80.0,5.989999999999995,0.6107612724210331,1,Melhor desempenho / menor risco
4125209,41,PR,Sul,84.59,768.13,80.0,4.590000000000003,0.6103986910680135,0,Pressão de meta / risco intermediário
4311130,43,RS,Sul,36.4,740.99,44.16,-7.759999999999998,0.6102991396973243,2,Maior vulnerabilidade / maior risco
2603454,26,PE,Nordeste,57.57,738.78,65.61,-8.04,0.6102594426665446,0,Pressão de meta / risco intermediário
4210001,42,SC,Sul,76.19,771.01,80.0,-3.8100000000000023,0.6099184389108645,0,Pressão de meta / risco intermediário
5101308,51,MT,Centro-Oeste,58.62,750.22,68.04,-9.420000000000009,0.6096860234321742,0,Pressão de meta / risco intermediário
4110656,41,PR,Sul,85.71,767.39,80.0,5.709999999999994,0.6095920644143942,1,Melhor desempenho / menor risco
1100379,11,RO,Norte,79.54,759.08,72.81,6.730000000000004,0.6092465438844538,0,Pressão de meta / risco intermediário
4306320,43,RS,Sul,80.0,764.32,59.58,20.42,0.6089513294529347,1,Melhor desempenho / menor risco
3162302,31,MG,Sudeste,72.0,748.58,78.68,-6.680000000000007,0.6087826119554417,0,Pressão de meta / risco intermediário
3120839,31,MG,Sudeste,69.0,755.6,80.0,-11.0,0.6087720978026268,0,Pressão de meta / risco intermediário
3503406,35,SP,Sudeste,79.38,771.24,74.89,4.489999999999995,0.6080346204431809,0,Pressão de meta / risco intermediário
4110508,41,PR,Sul,82.28,770.16,80.0,2.280000000000001,0.607902691186542,0,Pressão de meta / risco intermediário
2709152,27,AL,Nordeste,57.59,748.72,61.47,-3.8799999999999955,0.6077668389802945,0,Pressão de meta / risco intermediário
2408904,24,RN,Nordeste,50.73,750.74,55.09,-4.3600000000000065,0.6076356948907231,3,Desempenho favorável
4103370,41,PR,Sul,77.7,759.34,76.04,1.6599999999999966,0.607251718325052,0,Pressão de meta / risco intermediário
1502772,15,PA,Norte,72.88,755.11,60.3,12.579999999999998,0.6071436718088442,3,Desempenho favorável
4116901,41,PR,Sul,74.65,761.23,75.92,-1.269999999999996,0.6068979131523712,0,Pressão de meta / risco intermediário
3508108,35,SP,Sudeste,67.83,759.32,69.16,-1.3299999999999983,0.6066454807306044,0,Pressão de meta / risco intermediário
4204301,42,SC,Sul,75.26,762.95,77.47,-2.2099999999999937,0.6066441096368259,0,Pressão de meta / risco intermediário
4128104,41,PR,Sul,63.1,745.76,69.24,-6.1399999999999935,0.6064482720887927,0,Pressão de meta / risco intermediário
5007976,50,MS,Centro-Oeste,85.45,773.61,79.18,6.269999999999996,0.6063957580764539,1,Melhor desempenho / menor risco
1500503,15,PA,Norte,38.92,726.57,45.36,-6.439999999999998,0.6063081573101818,2,Maior vulnerabilidade / maior risco
2612455,26,PE,Nordeste,69.1,756.11,72.64,-3.5400000000000063,0.6059214385575826,0,Pressão de meta / risco intermediário
3162609,31,MG,Sudeste,67.66,756.95,80.0,-12.340000000000003,0.6058952405628879,0,Pressão de meta / risco intermediário
2707701,27,AL,Nordeste,38.78,722.65,50.31,-11.530000000000001,0.6058677748193353,2,Maior vulnerabilidade / maior risco
3162807,31,MG,Sudeste,70.27,755.01,80.0,-9.730000000000004,0.6057940704835905,0,Pressão de meta / risco intermediário
2511103,25,PB,Nordeste,83.68,784.13,76.93,6.75,0.6055696963633733,1,Melhor desempenho / menor risco
2516508,25,PB,Nordeste,90.59,785.81,78.82,11.77000000000001,0.6054715340079461,1,Melhor desempenho / menor risco
2802502,28,SE,Nordeste,21.91,705.15,35.57,-13.66,0.6054655919334119,2,Maior vulnerabilidade / maior risco
3551702,35,SP,Sudeste,54.16,744.91,62.3,-8.14,0.6051566447389296,0,Pressão de meta / risco intermediário
2509206,25,PB,Nordeste,40.69,739.8,55.77,-15.080000000000005,0.6051039664992396,2,Maior vulnerabilidade / maior risco
2409704,24,RN,Nordeste,21.89,700.18,35.03,-13.14,0.6040649176813694,2,Maior vulnerabilidade / maior risco
2701001,27,AL,Nordeste,88.19,777.24,75.55,12.64,0.603817089359444,1,Melhor desempenho / menor risco
2202604,22,PI,Nordeste,82.63,777.53,76.57,6.060000000000002,0.6036547245246467,1,Melhor desempenho / menor risco
4107702,41,PR,Sul,61.86,749.51,69.92,-8.060000000000002,0.6034405242321228,0,Pressão de meta / risco intermediário
4111803,41,PR,Sul,47.68,736.0,63.25,-15.57,0.6033494460849769,2,Maior vulnerabilidade / maior risco
2202851,22,PI,Nordeste,61.36,759.8,67.26,-5.900000000000006,0.6033438481859793,0,Pressão de meta / risco intermediário
3503307,35,SP,Sudeste,59.68,751.7,65.24,-5.559999999999995,0.6027997813033393,0,Pressão de meta / risco intermediário
3114006,31,MG,Sudeste,68.1,754.54,79.32,-11.219999999999999,0.6027523553293574,0,Pressão de meta / risco intermediário
5106752,51,MT,Centro-Oeste,66.49,758.81,71.81,-5.320000000000007,0.6027341295917369,0,Pressão de meta / risco intermediário
2706703,27,AL,Nordeste,42.23,731.27,53.29,-11.060000000000002,0.6023744747289131,2,Maior vulnerabilidade / maior risco
4119103,41,PR,Sul,83.34,770.04,80.0,3.3400000000000034,0.6023248198501675,0,Pressão de meta / risco intermediário
4105300,41,PR,Sul,84.56,769.16,80.0,4.560000000000002,0.6020544779495104,1,Melhor desempenho / menor risco
4207601,42,SC,Sul,84.43,765.85,80.0,4.430000000000007,0.6016060457588547,0,Pressão de meta / risco intermediário
2601102,26,PE,Nordeste,52.06,739.7,64.43,-12.370000000000005,0.6014195455973506,0,Pressão de meta / risco intermediário
3546256,35,SP,Sudeste,42.56,734.65,56.94,-14.379999999999995,0.6014026860922319,2,Maior vulnerabilidade / maior risco
2101400,21,MA,Nordeste,39.54,726.42,52.53,-12.990000000000002,0.6013462785598452,2,Maior vulnerabilidade / maior risco
3303500,33,RJ,Sudeste,33.42,717.94,47.44,-14.019999999999996,0.6011120615992214,2,Maior vulnerabilidade / maior risco
3527702,35,SP,Sudeste,54.95,747.09,62.93,-7.979999999999997,0.6010707639016407,0,Pressão de meta / risco intermediário
3516309,35,SP,Sudeste,50.49,740.59,60.21,-9.719999999999999,0.6010455510755494,2,Maior vulnerabilidade / maior risco
4123824,41,PR,Sul,85.71,767.12,79.64,6.069999999999993,0.6010367368134762,1,Melhor desempenho / menor risco
2707404,27,AL,Nordeste,27.47,712.14,44.89,-17.42,0.600586238740287,2,Maior vulnerabilidade / maior risco
4204707,42,SC,Sul,77.07,771.48,80.0,-2.930000000000007,0.6005669237336315,0,Pressão de meta / risco intermediário
1720101,17,TO,Norte,52.93,743.64,55.55,-2.6199999999999974,0.6001754727548889,3,Desempenho favorável
4102604,41,PR,Sul,73.99,758.7,74.86,-0.8700000000000045,0.6001684683808054,0,Pressão de meta / risco intermediário
4107801,41,PR,Sul,85.2,762.12,78.12,7.079999999999998,0.6000647064134099,0,Pressão de meta / risco intermediário
3522604,35,SP,Sudeste,62.18,755.88,66.82,-4.6399999999999935,0.6000167696759303,0,Pressão de meta / risco intermediário
2203453,22,PI,Nordeste,87.27,786.91,80.0,7.269999999999996,0.5999689680928003,1,Melhor desempenho / menor risco
3550803,35,SP,Sudeste,68.66,761.32,69.66,-1.0,0.5999018353265484,0,Pressão de meta / risco intermediário
3520400,35,SP,Sudeste,43.27,729.81,55.69,-12.419999999999995,0.5996327815830553,2,Maior vulnerabilidade / maior risco
3545605,35,SP,Sudeste,64.33,754.83,66.96,-2.6299999999999955,0.5995860164410998,0,Pressão de meta / risco intermediário
2404507,24,RN,Nordeste,43.15,739.08,50.03,-6.880000000000003,0.59955255512782,2,Maior vulnerabilidade / maior risco
3546207,35,SP,Sudeste,73.36,762.2,70.86,2.5,0.599445888650722,0,Pressão de meta / risco intermediário
4104402,41,PR,Sul,85.54,768.75,80.0,5.540000000000006,0.599366541480025,1,Melhor desempenho / menor risco
4100806,41,PR,Sul,72.48,752.22,72.72,-0.23999999999999488,0.599072930432125,0,Pressão de meta / risco intermediário
3511409,35,SP,Sudeste,39.99,731.97,55.58,-15.589999999999996,0.5987617092969172,2,Maior vulnerabilidade / maior risco
4124806,41,PR,Sul,87.16,767.63,80.0,7.159999999999997,0.5986022220967926,1,Melhor desempenho / menor risco
4112702,41,PR,Sul,60.93,744.18,68.09,-7.160000000000004,0.598498701451242,0,Pressão de meta / risco intermediário
4109609,41,PR,Sul,66.9,751.58,71.37,-4.469999999999999,0.5984925780729053,0,Pressão de meta / risco intermediário
3521408,35,SP,Sudeste,62.26,753.84,66.22,-3.960000000000001,0.5984320374985915,0,Pressão de meta / risco intermediário
2702405,27,AL,Nordeste,28.13,714.91,45.72,-17.59,0.5984094615892367,2,Maior vulnerabilidade / maior risco
4200606,42,SC,Sul,79.3,770.08,80.0,-0.7000000000000028,0.5983345906751136,0,Pressão de meta / risco intermediário
4113734,41,PR,Sul,86.61,768.14,80.0,6.609999999999999,0.5977798943127974,1,Melhor desempenho / menor risco
3540309,35,SP,Sudeste,74.25,773.47,74.09,0.1599999999999966,0.5973457677075343,0,Pressão de meta / risco intermediário
3519600,35,SP,Sudeste,49.2,739.8,59.58,-10.379999999999995,0.5966784575325744,2,Maior vulnerabilidade / maior risco
3302908,33,RJ,Sudeste,70.49,753.44,64.77,5.719999999999999,0.5966118107717886,0,Pressão de meta / risco intermediário
2208908,22,PI,Nordeste,85.26,788.9,80.0,5.260000000000005,0.5959107201205273,1,Melhor desempenho / menor risco
3521507,35,SP,Sudeste,76.62,767.42,72.85,3.7700000000000102,0.5956078689372545,0,Pressão de meta / risco intermediário
1500701,15,PA,Norte,33.83,719.67,42.04,-8.21,0.595474362719241,2,Maior vulnerabilidade / maior risco
3500550,35,SP,Sudeste,48.99,740.9,59.8,-10.809999999999995,0.5954495038994321,2,Maior vulnerabilidade / maior risco
3533700,35,SP,Sudeste,90.38,783.04,80.0,10.379999999999995,0.5952017942391826,1,Melhor desempenho / menor risco
2505204,25,PB,Nordeste,24.78,710.9,44.16,-19.379999999999995,0.595144334607063,2,Maior vulnerabilidade / maior risco
2616183,26,PE,Nordeste,82.94,773.71,80.0,2.9399999999999977,0.5948615224993603,1,Melhor desempenho / menor risco
3540853,35,SP,Sudeste,80.0,790.85,80.0,0.0,0.5948169647356726,1,Melhor desempenho / menor risco
4125803,41,PR,Sul,85.66,769.21,80.0,5.659999999999997,0.5947780877886933,1,Melhor desempenho / menor risco
2101202,21,MA,Nordeste,51.38,733.63,56.75,-5.369999999999997,0.5946651522652971,2,Maior vulnerabilidade / maior risco
4107108,41,PR,Sul,78.26,757.19,75.14,3.1200000000000045,0.5945693553739134,0,Pressão de meta / risco intermediário
2407203,24,RN,Nordeste,32.32,720.34,42.44,-10.119999999999997,0.5944227469886907,2,Maior vulnerabilidade / maior risco
2601706,26,PE,Nordeste,43.93,729.02,59.56,-15.630000000000003,0.5942870915620859,2,Maior vulnerabilidade / maior risco
3522208,35,SP,Sudeste,54.9,744.83,62.06,-7.160000000000004,0.5939821363105225,0,Pressão de meta / risco intermediário
2707503,27,AL,Nordeste,83.74,767.5,71.61,12.129999999999995,0.5939533553479245,1,Melhor desempenho / menor risco
4212007,42,SC,Sul,79.92,770.2,80.0,-0.0799999999999983,0.5934578798445573,0,Pressão de meta / risco intermediário
3160454,31,MG,Sudeste,65.69,755.07,78.66,-12.969999999999999,0.5934560142305338,0,Pressão de meta / risco intermediário
4121901,41,PR,Sul,84.51,770.25,80.0,4.510000000000005,0.5932735227077662,1,Melhor desempenho / menor risco
4212908,42,SC,Sul,78.35,766.93,78.76,-0.4100000000000108,0.5931137743465075,0,Pressão de meta / risco intermediário
3547106,35,SP,Sudeste,81.08,790.25,80.0,1.0799999999999983,0.5930781827245929,1,Melhor desempenho / menor risco
3515509,35,SP,Sudeste,61.01,750.69,64.91,-3.8999999999999986,0.5929703493298776,0,Pressão de meta / risco intermediário
4120804,41,PR,Sul,67.24,750.64,70.99,-3.75,0.5927362997316452,0,Pressão de meta / risco intermediário
4212239,42,SC,Sul,83.86,767.35,80.0,3.8599999999999994,0.5926455643585995,0,Pressão de meta / risco intermediário
2208304,22,PI,Nordeste,82.48,780.34,76.95,5.530000000000001,0.5926205293766844,1,Melhor desempenho / menor risco
3303955,33,RJ,Sudeste,63.28,744.63,60.7,2.5799999999999983,0.5922674106988446,3,Desempenho favorável
4202131,42,SC,Sul,81.95,768.85,80.0,1.9500000000000028,0.5920476657262619,0,Pressão de meta / risco intermediário
3108255,31,MG,Sudeste,49.15,733.98,69.35,-20.199999999999996,0.5916521025396233,2,Maior vulnerabilidade / maior risco
2916302,29,BA,Nordeste,23.44,724.8,30.06,-6.619999999999997,0.5916311756086132,2,Maior vulnerabilidade / maior risco
2100501,21,MA,Nordeste,51.99,736.36,57.53,-5.539999999999999,0.5916110269164119,2,Maior vulnerabilidade / maior risco
5007703,50,MS,Centro-Oeste,53.09,739.84,62.66,-9.569999999999993,0.5915385363082364,0,Pressão de meta / risco intermediário
4218707,42,SC,Sul,68.26,755.1,73.35,-5.089999999999989,0.5915017897372004,0,Pressão de meta / risco intermediário
3544202,35,SP,Sudeste,84.72,787.78,80.0,4.719999999999999,0.5909613043429549,1,Melhor desempenho / menor risco
3541059,35,SP,Sudeste,56.48,750.6,63.88,-7.400000000000006,0.5908964957932309,0,Pressão de meta / risco intermediário
2602902,26,PE,Nordeste,50.72,737.78,63.25,-12.530000000000001,0.5901735100973795,2,Maior vulnerabilidade / maior risco
2708600,27,AL,Nordeste,57.17,745.23,59.83,-2.6599999999999966,0.5900328369232305,3,Desempenho favorável
4112751,41,PR,Sul,89.98,766.56,80.0,9.980000000000004,0.5899087484558287,1,Melhor desempenho / menor risco
2103802,21,MA,Nordeste,43.95,726.04,52.95,-9.0,0.5896530224446809,2,Maior vulnerabilidade / maior risco
3548401,35,SP,Sudeste,77.36,778.05,75.74,1.6200000000000045,0.589496984930765,0,Pressão de meta / risco intermediário
3541000,35,SP,Sudeste,51.25,741.68,60.28,-9.030000000000001,0.5892996016759753,2,Maior vulnerabilidade / maior risco
5102850,51,MT,Centro-Oeste,64.87,749.84,68.55,-3.6799999999999926,0.5892808446118771,0,Pressão de meta / risco intermediário
2512077,25,PB,Nordeste,57.57,751.21,61.89,-4.32,0.5892650051808774,0,Pressão de meta / risco intermediário
5108808,51,MT,Centro-Oeste,67.3,759.83,71.81,-4.510000000000005,0.5891527657883016,0,Pressão de meta / risco intermediário
2605400,26,PE,Nordeste,83.27,774.18,80.0,3.269999999999996,0.5888541436517091,1,Melhor desempenho / menor risco
2801108,28,SE,Nordeste,64.29,751.54,56.6,7.690000000000005,0.5886258452207522,3,Desempenho favorável
1720655,17,TO,Norte,37.39,731.65,48.64,-11.25,0.5886178625326757,2,Maior vulnerabilidade / maior risco
2602100,26,PE,Nordeste,60.74,742.21,66.49,-5.749999999999993,0.5884545686290251,0,Pressão de meta / risco intermediário
4200101,42,SC,Sul,59.88,748.57,69.69,-9.809999999999995,0.5877980461619629,0,Pressão de meta / risco intermediário
4201802,42,SC,Sul,64.79,760.08,73.88,-9.08999999999999,0.587578131350893,0,Pressão de meta / risco intermediário
2401503,24,RN,Nordeste,74.35,765.38,63.35,10.999999999999993,0.5873774768284955,0,Pressão de meta / risco intermediário
3515103,35,SP,Sudeste,45.34,735.72,57.34,-12.0,0.5871629163823607,2,Maior vulnerabilidade / maior risco
3101508,31,MG,Sudeste,55.1,741.18,72.42,-17.32,0.5870727865669199,0,Pressão de meta / risco intermediário
3540705,35,SP,Sudeste,50.08,738.28,59.02,-8.940000000000005,0.5869243092744688,2,Maior vulnerabilidade / maior risco
1502400,15,PA,Norte,32.97,717.81,41.06,-8.090000000000003,0.5867398239964329,2,Maior vulnerabilidade / maior risco
3510609,35,SP,Sudeste,44.8,732.92,56.43,-11.630000000000003,0.5864242074053089,2,Maior vulnerabilidade / maior risco
2501104,25,PB,Nordeste,90.53,792.41,80.0,10.530000000000001,0.5863706817552784,1,Melhor desempenho / menor risco
4100905,41,PR,Sul,76.71,756.66,74.4,2.309999999999988,0.5862854433366531,0,Pressão de meta / risco intermediário
2106672,21,MA,Nordeste,96.86,784.78,80.0,16.86,0.5857192196870475,1,Melhor desempenho / menor risco
4108205,41,PR,Sul,85.18,770.65,80.0,5.180000000000007,0.5857081732213505,1,Melhor desempenho / menor risco
4205159,42,SC,Sul,79.1,769.07,79.25,-0.15000000000000568,0.5853170536995802,0,Pressão de meta / risco intermediário
2401008,24,RN,Nordeste,48.86,737.45,50.29,-1.4299999999999997,0.5853092588947006,3,Desempenho favorável
2406700,24,RN,Nordeste,36.01,724.54,44.05,-8.04,0.5848852400333214,2,Maior vulnerabilidade / maior risco
3509452,35,SP,Sudeste,43.46,735.57,56.83,-13.369999999999997,0.5847335922061032,2,Maior vulnerabilidade / maior risco
4104600,41,PR,Sul,78.04,758.51,75.13,2.910000000000011,0.5845661125462601,0,Pressão de meta / risco intermediário
3300605,33,RJ,Sudeste,70.64,756.01,65.11,5.530000000000001,0.5844289261217619,0,Pressão de meta / risco intermediário
3546702,35,SP,Sudeste,64.05,754.42,66.28,-2.230000000000004,0.5841647466720573,0,Pressão de meta / risco intermediário
2208007,22,PI,Nordeste,54.93,747.13,61.79,-6.859999999999999,0.5840396380085896,0,Pressão de meta / risco intermediário
1300201,13,AM,Norte,84.07,765.76,62.63,21.43999999999999,0.5839754526788064,1,Melhor desempenho / menor risco
3507209,35,SP,Sudeste,58.33,745.12,62.52,-4.190000000000005,0.5839746754416665,0,Pressão de meta / risco intermediário
5200605,52,GO,Centro-Oeste,60.2,748.57,80.0,-19.799999999999997,0.5839693694885201,0,Pressão de meta / risco intermediário
3552007,35,SP,Sudeste,47.27,733.08,56.9,-9.629999999999995,0.5838355336340336,2,Maior vulnerabilidade / maior risco
2700805,27,AL,Nordeste,64.57,752.71,63.22,1.3499999999999943,0.583703799293843,0,Pressão de meta / risco intermediário
1100254,11,RO,Norte,71.14,751.39,68.1,3.0400000000000063,0.5836638633193957,0,Pressão de meta / risco intermediário
1506906,15,PA,Norte,78.25,757.34,61.25,17.0,0.5836623910067278,3,Desempenho favorável
3542503,35,SP,Sudeste,84.53,788.87,80.0,4.530000000000001,0.5829889575639794,1,Melhor desempenho / menor risco
3510302,35,SP,Sudeste,47.64,737.12,58.06,-10.420000000000002,0.5828176659890699,2,Maior vulnerabilidade / maior risco
3507605,35,SP,Sudeste,53.36,744.02,61.15,-7.789999999999999,0.5828090305122089,0,Pressão de meta / risco intermediário
2501500,25,PB,Nordeste,54.93,748.9,60.49,-5.560000000000002,0.58270388954788,0,Pressão de meta / risco intermediário
3517802,35,SP,Sudeste,60.72,744.28,62.73,-2.009999999999998,0.5823889754730238,0,Pressão de meta / risco intermediário
1100809,11,RO,Norte,51.63,733.48,59.06,-7.43,0.5820002878885885,2,Maior vulnerabilidade / maior risco
4124020,41,PR,Sul,77.75,759.87,75.36,2.3900000000000006,0.5819425432700255,0,Pressão de meta / risco intermediário
2801702,28,SE,Nordeste,34.73,715.07,40.17,-5.440000000000005,0.5814521129671113,2,Maior vulnerabilidade / maior risco
1701002,17,TO,Norte,46.69,739.92,52.61,-5.920000000000002,0.5813275026039779,2,Maior vulnerabilidade / maior risco
2105401,21,MA,Nordeste,60.47,747.64,62.06,-1.5900000000000034,0.5812067619895948,0,Pressão de meta / risco intermediário
2611705,26,PE,Nordeste,68.11,747.11,69.13,-1.019999999999996,0.5811854213530954,0,Pressão de meta / risco intermediário
2101731,21,MA,Nordeste,72.29,757.54,67.24,5.050000000000011,0.5811767434181896,0,Pressão de meta / risco intermediário
1100189,11,RO,Norte,81.06,761.85,72.95,8.11,0.5808275946191398,0,Pressão de meta / risco intermediário
4104253,41,PR,Sul,57.97,742.37,66.39,-8.420000000000002,0.580658598040219,0,Pressão de meta / risco intermediário
2206357,22,PI,Nordeste,33.33,723.89,50.78,-17.450000000000003,0.5804110971771216,2,Maior vulnerabilidade / maior risco
1706100,17,TO,Norte,61.42,747.03,57.59,3.8299999999999983,0.580367855397968,3,Desempenho favorável
2705804,27,AL,Nordeste,36.22,720.13,48.24,-12.020000000000003,0.5803130082344644,2,Maior vulnerabilidade / maior risco
2705002,27,AL,Nordeste,42.45,731.75,52.74,-10.29,0.5802950152025336,2,Maior vulnerabilidade / maior risco
3522406,35,SP,Sudeste,56.2,745.5,62.06,-5.859999999999999,0.5801704221722668,0,Pressão de meta / risco intermediário
3554409,35,SP,Sudeste,74.29,765.31,71.27,3.0200000000000102,0.579953034628711,0,Pressão de meta / risco intermediário
3512209,35,SP,Sudeste,55.54,747.66,62.48,-6.939999999999998,0.5789270340823914,0,Pressão de meta / risco intermediário
5104526,51,MT,Centro-Oeste,59.46,752.11,67.71,-8.249999999999993,0.5786444503867579,0,Pressão de meta / risco intermediário
4128534,41,PR,Sul,77.17,762.68,75.89,1.2800000000000011,0.5780632802882311,0,Pressão de meta / risco intermediário
1709500,17,TO,Norte,54.37,746.43,55.89,-1.5200000000000031,0.5780327709776798,3,Desempenho favorável
2706406,27,AL,Nordeste,55.26,742.03,58.15,-2.8900000000000006,0.5778250968242983,3,Desempenho favorável
4204558,42,SC,Sul,56.53,739.83,66.25,-9.719999999999999,0.5776947311344576,0,Pressão de meta / risco intermediário
4126256,41,PR,Sul,56.55,739.34,65.16,-8.61,0.5776387389711332,0,Pressão de meta / risco intermediário
2402006,24,RN,Nordeste,44.58,738.02,49.31,-4.730000000000004,0.5775957442726402,2,Maior vulnerabilidade / maior risco
2607653,26,PE,Nordeste,43.31,728.65,58.78,-15.469999999999999,0.5775577734954184,2,Maior vulnerabilidade / maior risco
4105607,41,PR,Sul,63.42,750.41,69.62,-6.200000000000003,0.5769993609382253,0,Pressão de meta / risco intermediário
3300456,33,RJ,Sudeste,38.9,721.06,48.64,-9.740000000000002,0.5769457733270809,2,Maior vulnerabilidade / maior risco
2605806,26,PE,Nordeste,70.68,755.48,71.82,-1.1399999999999864,0.5764337030448593,0,Pressão de meta / risco intermediário
2502508,25,PB,Nordeste,37.65,728.82,51.16,-13.509999999999998,0.5764126468499119,2,Maior vulnerabilidade / maior risco
3300951,33,RJ,Sudeste,66.11,745.15,60.9,5.210000000000001,0.5761449360121782,3,Desempenho favorável
1600808,16,AP,Norte,35.39,723.4,43.69,-8.299999999999997,0.5760674460846048,2,Maior vulnerabilidade / maior risco
4122172,41,PR,Sul,73.84,754.81,72.96,0.8800000000000097,0.5760491662877745,0,Pressão de meta / risco intermediário
2709301,27,AL,Nordeste,94.75,791.75,80.0,14.75,0.5759622716299533,1,Melhor desempenho / menor risco
2210391,22,PI,Nordeste,64.42,747.91,63.7,0.7199999999999989,0.5758479498208364,0,Pressão de meta / risco intermediário
3550902,35,SP,Sudeste,65.55,761.9,68.38,-2.8299999999999983,0.5756652313547118,0,Pressão de meta / risco intermediário
3128501,31,MG,Sudeste,72.73,756.77,80.0,-7.269999999999996,0.5756082488490213,0,Pressão de meta / risco intermediário
4110953,41,PR,Sul,84.64,772.27,80.0,4.640000000000001,0.575434901323247,1,Melhor desempenho / menor risco
3547304,35,SP,Sudeste,60.69,751.21,64.41,-3.719999999999999,0.5753648791992737,0,Pressão de meta / risco intermediário
2700300,27,AL,Nordeste,43.75,729.57,52.24,-8.490000000000002,0.5752084097165557,2,Maior vulnerabilidade / maior risco
2702553,27,AL,Nordeste,36.15,721.69,48.49,-12.340000000000003,0.5752068124171251,2,Maior vulnerabilidade / maior risco
3545209,35,SP,Sudeste,60.52,749.85,63.99,-3.469999999999999,0.5750927606908948,0,Pressão de meta / risco intermediário
2615003,26,PE,Nordeste,59.64,743.83,66.27,-6.6299999999999955,0.5750078232662217,0,Pressão de meta / risco intermediário
3554003,35,SP,Sudeste,53.92,742.29,60.53,-6.609999999999999,0.574930389013075,0,Pressão de meta / risco intermediário
3503109,35,SP,Sudeste,56.61,747.92,62.64,-6.030000000000001,0.5748490383896303,0,Pressão de meta / risco intermediário
3537800,35,SP,Sudeste,63.25,753.48,65.55,-2.299999999999997,0.5748467527175458,0,Pressão de meta / risco intermediário
3520301,35,SP,Sudeste,61.67,751.34,64.63,-2.9599999999999937,0.5747950608392277,0,Pressão de meta / risco intermediário
1720259,17,TO,Norte,59.09,751.4,58.13,0.9600000000000009,0.5746635315525341,3,Desempenho favorável
3528601,35,SP,Sudeste,65.64,760.51,67.96,-2.319999999999993,0.5739984727988949,0,Pressão de meta / risco intermediário
4111258,41,PR,Sul,52.37,739.19,64.13,-11.759999999999998,0.573831543071032,0,Pressão de meta / risco intermediário
5100300,51,MT,Centro-Oeste,75.59,769.6,75.72,-0.12999999999999545,0.5737271427964943,0,Pressão de meta / risco intermediário
3525409,35,SP,Sudeste,49.55,730.87,56.43,-6.880000000000003,0.5737243747359128,2,Maior vulnerabilidade / maior risco
2708303,27,AL,Nordeste,95.31,789.62,79.45,15.86,0.5736019115548066,1,Melhor desempenho / menor risco
2102804,21,MA,Nordeste,50.96,733.59,55.96,-5.0,0.5735696552354157,2,Maior vulnerabilidade / maior risco
2203420,22,PI,Nordeste,82.22,793.84,80.0,2.219999999999999,0.5734539261291973,1,Melhor desempenho / menor risco
2102101,21,MA,Nordeste,58.08,742.86,59.99,-1.9100000000000037,0.5734173625365646,3,Desempenho favorável
2112704,21,MA,Nordeste,96.58,786.47,80.0,16.58,0.5732028531515369,1,Melhor desempenho / menor risco
5000203,50,MS,Centro-Oeste,77.03,762.45,73.26,3.769999999999996,0.5732022681311562,0,Pressão de meta / risco intermediário
1507474,15,PA,Norte,40.76,726.63,44.66,-3.8999999999999986,0.5730104153341746,2,Maior vulnerabilidade / maior risco
2210300,22,PI,Nordeste,87.93,789.65,80.0,7.930000000000007,0.5727669963099088,1,Melhor desempenho / menor risco
2112100,21,MA,Nordeste,44.63,731.62,54.08,-9.449999999999996,0.5727564849235466,2,Maior vulnerabilidade / maior risco
2609154,26,PE,Nordeste,52.89,742.5,64.43,-11.540000000000006,0.5726579888771489,0,Pressão de meta / risco intermediário
2611309,26,PE,Nordeste,40.45,727.33,57.66,-17.209999999999994,0.5725376594904078,2,Maior vulnerabilidade / maior risco
2607901,26,PE,Nordeste,54.98,741.82,64.67,-9.690000000000005,0.5725296227633094,0,Pressão de meta / risco intermediário
1507003,15,PA,Norte,31.66,720.5,41.06,-9.400000000000002,0.5722833462502466,2,Maior vulnerabilidade / maior risco
4111605,41,PR,Sul,86.72,768.07,79.16,7.560000000000002,0.572089466741369,1,Melhor desempenho / menor risco
2704708,27,AL,Nordeste,46.23,731.2,53.1,-6.8700000000000045,0.5720339369388107,2,Maior vulnerabilidade / maior risco
2202208,22,PI,Nordeste,54.48,747.14,61.3,-6.82,0.5718043450853083,0,Pressão de meta / risco intermediário
4114500,41,PR,Sul,71.98,751.85,71.6,0.38000000000000966,0.5712273645776658,0,Pressão de meta / risco intermediário
2801207,28,SE,Nordeste,26.66,715.37,38.24,-11.580000000000002,0.5709032594216965,2,Maior vulnerabilidade / maior risco
4116802,41,PR,Sul,88.03,769.04,79.64,8.39,0.5702747983757154,1,Melhor desempenho / menor risco
3530201,35,SP,Sudeste,87.52,788.15,80.0,7.519999999999996,0.5701455971313113,1,Melhor desempenho / menor risco
3539509,35,SP,Sudeste,67.24,761.44,68.42,-1.1800000000000068,0.5700677039801221,0,Pressão de meta / risco intermediário
3519907,35,SP,Sudeste,53.84,744.59,60.98,-7.1399999999999935,0.5697301608863199,0,Pressão de meta / risco intermediário
1200401,12,AC,Norte,55.64,743.22,60.34,-4.700000000000003,0.5696258179498002,3,Desempenho favorável
3510906,35,SP,Sudeste,75.0,766.04,71.28,3.719999999999999,0.5695671110904995,0,Pressão de meta / risco intermediário
3548807,35,SP,Sudeste,66.12,757.71,67.13,-1.009999999999991,0.5692294749728604,0,Pressão de meta / risco intermediário
2600401,26,PE,Nordeste,55.57,751.14,67.26,-11.690000000000005,0.5691932548270819,0,Pressão de meta / risco intermediário
3553807,35,SP,Sudeste,56.67,744.43,61.5,-4.829999999999998,0.5690855466472718,0,Pressão de meta / risco intermediário
2208106,22,PI,Nordeste,61.41,762.33,66.84,-5.430000000000007,0.5689670578637867,0,Pressão de meta / risco intermediário
2201200,22,PI,Nordeste,60.13,751.64,63.62,-3.489999999999995,0.568965133046284,0,Pressão de meta / risco intermediário
4125704,41,PR,Sul,77.84,762.01,75.54,2.299999999999997,0.5687524266351692,0,Pressão de meta / risco intermediário
2508554,25,PB,Nordeste,94.6,791.47,80.0,14.599999999999994,0.5685600240145627,1,Melhor desempenho / menor risco
3538808,35,SP,Sudeste,71.36,762.88,69.62,1.7399999999999949,0.5685286743665475,0,Pressão de meta / risco intermediário
4119301,41,PR,Sul,61.33,746.29,67.75,-6.420000000000002,0.5678200595726279,0,Pressão de meta / risco intermediário
4116950,41,PR,Sul,88.59,770.22,80.0,8.590000000000003,0.5677509193958015,1,Melhor desempenho / menor risco
4119004,41,PR,Sul,88.78,770.08,80.0,8.780000000000001,0.5677329117751894,1,Melhor desempenho / menor risco
3167905,31,MG,Sudeste,74.43,756.43,80.0,-5.569999999999993,0.5676946752374096,0,Pressão de meta / risco intermediário
2401404,24,RN,Nordeste,35.36,717.2,41.32,-5.960000000000001,0.5675285344720223,2,Maior vulnerabilidade / maior risco
3555208,35,SP,Sudeste,93.33,784.14,80.0,13.329999999999998,0.5672887289775408,1,Melhor desempenho / menor risco
4214003,42,SC,Sul,55.72,747.88,67.96,-12.239999999999995,0.5670075401542625,0,Pressão de meta / risco intermediário
2210607,22,PI,Nordeste,73.25,772.11,71.92,1.3299999999999983,0.5667514761109127,0,Pressão de meta / risco intermediário
3543105,35,SP,Sudeste,74.51,778.04,74.4,0.10999999999999943,0.5666082853917086,0,Pressão de meta / risco intermediário
2708105,27,AL,Nordeste,97.67,790.69,80.0,17.67,0.566410680184169,1,Melhor desempenho / menor risco
4118204,41,PR,Sul,61.71,746.28,67.77,-6.059999999999995,0.5661004564051422,0,Pressão de meta / risco intermediário
3504404,35,SP,Sudeste,77.37,773.61,73.75,3.6200000000000045,0.5660933402352626,0,Pressão de meta / risco intermediário
4115408,41,PR,Sul,85.08,768.74,78.81,6.269999999999996,0.5660543699272742,1,Melhor desempenho / menor risco
2109502,21,MA,Nordeste,51.85,738.6,57.28,-5.43,0.5659081156678921,3,Desempenho favorável
3515202,35,SP,Sudeste,58.91,746.65,62.47,-3.5600000000000023,0.5657925817952569,0,Pressão de meta / risco intermediário
2611200,26,PE,Nordeste,64.18,748.48,68.19,-4.009999999999991,0.5656508867025735,0,Pressão de meta / risco intermediário
3531209,35,SP,Sudeste,56.59,751.23,63.25,-6.659999999999997,0.5655946263839257,0,Pressão de meta / risco intermediário
2413409,24,RN,Nordeste,31.59,719.69,41.16,-9.569999999999997,0.565407874115247,2,Maior vulnerabilidade / maior risco
3538501,35,SP,Sudeste,69.56,766.44,70.13,-0.5699999999999932,0.5653870257690393,0,Pressão de meta / risco intermediário
3121803,31,MG,Sudeste,72.13,758.43,80.0,-7.8700000000000045,0.5653120089657034,0,Pressão de meta / risco intermediário
4217600,42,SC,Sul,53.57,748.43,67.61,-14.04,0.5652358660319625,0,Pressão de meta / risco intermediário
3154309,31,MG,Sudeste,61.12,745.57,74.16,-13.04,0.5650587295492535,0,Pressão de meta / risco intermediário
2512101,25,PB,Nordeste,65.57,761.51,65.6,-0.030000000000001137,0.5650238932199081,0,Pressão de meta / risco intermediário
3508702,35,SP,Sudeste,75.94,773.16,73.29,2.6499999999999915,0.5648628616385559,0,Pressão de meta / risco intermediário
2104800,21,MA,Nordeste,45.8,732.8,54.39,-8.590000000000003,0.5648110238750617,2,Maior vulnerabilidade / maior risco
1713205,17,TO,Norte,46.42,746.35,53.79,-7.369999999999997,0.5646948650084321,2,Maior vulnerabilidade / maior risco
1707405,17,TO,Norte,47.82,743.43,53.27,-5.450000000000003,0.5646253803778606,3,Desempenho favorável
2509701,25,PB,Nordeste,61.09,756.23,63.19,-2.0999999999999943,0.5642843594351018,0,Pressão de meta / risco intermediário
2205565,22,PI,Nordeste,59.52,752.65,63.62,-4.099999999999994,0.5642476702218372,0,Pressão de meta / risco intermediário
3527306,35,SP,Sudeste,58.25,748.96,62.92,-4.670000000000002,0.5641847503179078,0,Pressão de meta / risco intermediário
5107768,51,MT,Centro-Oeste,62.63,758.54,69.66,-7.029999999999994,0.5637975195919088,0,Pressão de meta / risco intermediário
4311759,43,RS,Sul,50.0,734.24,43.57,6.43,0.5636015513972137,3,Desempenho favorável
4122206,41,PR,Sul,61.35,747.76,68.02,-6.669999999999995,0.5634874993626501,0,Pressão de meta / risco intermediário
2614709,26,PE,Nordeste,43.99,723.16,56.94,-12.949999999999996,0.5633243645749554,2,Maior vulnerabilidade / maior risco
2102325,21,MA,Nordeste,42.03,727.5,52.09,-10.060000000000002,0.5631058013257274,2,Maior vulnerabilidade / maior risco
2111904,21,MA,Nordeste,60.0,741.78,59.75,0.25,0.5629970060916472,3,Desempenho favorável
2614105,26,PE,Nordeste,56.65,746.25,65.93,-9.280000000000008,0.5629827408231441,0,Pressão de meta / risco intermediário
2601003,26,PE,Nordeste,62.41,748.93,67.86,-5.450000000000003,0.5629231241395332,0,Pressão de meta / risco intermediário
3516853,35,SP,Sudeste,73.65,766.98,71.04,2.6099999999999994,0.5627638655101607,0,Pressão de meta / risco intermediário
2800704,28,SE,Nordeste,34.6,725.59,42.44,-7.839999999999996,0.5626715623322437,2,Maior vulnerabilidade / maior risco
4201208,42,SC,Sul,74.89,763.7,76.15,-1.2600000000000051,0.5624608363751726,0,Pressão de meta / risco intermediário
2111748,21,MA,Nordeste,96.12,788.08,80.0,16.120000000000005,0.5624254521809199,1,Melhor desempenho / menor risco
2512754,25,PB,Nordeste,46.23,741.45,55.97,-9.740000000000002,0.5623910598360746,2,Maior vulnerabilidade / maior risco
2602605,26,PE,Nordeste,48.73,737.27,61.79,-13.060000000000002,0.5623717037346421,2,Maior vulnerabilidade / maior risco
4207858,42,SC,Sul,87.82,767.97,80.0,7.819999999999993,0.56233460289152,1,Melhor desempenho / menor risco
2607752,26,PE,Nordeste,82.95,771.66,78.37,4.579999999999998,0.5622760005316475,1,Melhor desempenho / menor risco
5106158,51,MT,Centro-Oeste,76.59,768.89,75.35,1.240000000000009,0.5620100113094291,0,Pressão de meta / risco intermediário
3553500,35,SP,Sudeste,57.45,747.57,62.29,-4.839999999999996,0.5617050401367809,0,Pressão de meta / risco intermediário
4202909,42,SC,Sul,67.18,755.47,72.25,-5.069999999999993,0.5615171413927807,0,Pressão de meta / risco intermediário
3521804,35,SP,Sudeste,46.71,740.05,57.98,-11.269999999999996,0.5613870610186366,2,Maior vulnerabilidade / maior risco
2207959,22,PI,Nordeste,49.11,741.94,58.41,-9.299999999999997,0.5612631963906345,2,Maior vulnerabilidade / maior risco
3505708,35,SP,Sudeste,68.13,761.56,68.35,-0.21999999999999886,0.5612124875521975,0,Pressão de meta / risco intermediário
5107909,51,MT,Centro-Oeste,54.33,746.56,64.53,-10.200000000000003,0.5606513452534408,0,Pressão de meta / risco intermediário
2413201,24,RN,Nordeste,27.46,716.93,39.38,-11.920000000000002,0.5603748543699411,2,Maior vulnerabilidade / maior risco
1505700,15,PA,Norte,57.13,741.3,51.69,5.440000000000005,0.5603614642652336,3,Desempenho favorável
3156502,31,MG,Sudeste,76.83,755.5,80.0,-3.1700000000000017,0.5603141653486192,0,Pressão de meta / risco intermediário
3509205,35,SP,Sudeste,53.17,744.1,60.4,-7.229999999999997,0.5602924583303538,3,Desempenho favorável
3530607,35,SP,Sudeste,47.88,737.18,57.39,-9.509999999999998,0.5601965320509924,2,Maior vulnerabilidade / maior risco
1101450,11,RO,Norte,70.6,751.27,67.19,3.4099999999999966,0.5601590719437148,0,Pressão de meta / risco intermediário
2804409,28,SE,Nordeste,25.49,712.17,36.76,-11.27,0.5600054245024749,2,Maior vulnerabilidade / maior risco
3532009,35,SP,Sudeste,47.32,738.61,57.66,-10.339999999999996,0.5599018768208753,2,Maior vulnerabilidade / maior risco
2604403,26,PE,Nordeste,63.28,750.88,68.48,-5.200000000000003,0.5598646839362446,0,Pressão de meta / risco intermediário
1200252,12,AC,Norte,52.28,737.08,57.62,-5.339999999999996,0.5595128715916047,3,Desempenho favorável
2601300,26,PE,Nordeste,86.54,775.2,80.0,6.540000000000006,0.5594642290577124,1,Melhor desempenho / menor risco
2111607,21,MA,Nordeste,84.5,774.73,73.81,10.689999999999998,0.559439240047382,1,Melhor desempenho / menor risco
2200277,22,PI,Nordeste,55.26,752.06,62.42,-7.160000000000004,0.559427671164111,0,Pressão de meta / risco intermediário
3527603,35,SP,Sudeste,43.03,727.89,53.79,-10.759999999999998,0.5593029002637074,2,Maior vulnerabilidade / maior risco
3545308,35,SP,Sudeste,45.12,733.19,55.67,-10.550000000000004,0.5587659447896082,2,Maior vulnerabilidade / maior risco
2929701,29,BA,Nordeste,30.68,724.9,30.51,0.16999999999999815,0.5586883841085503,2,Maior vulnerabilidade / maior risco
2800605,28,SE,Nordeste,28.04,713.85,37.7,-9.660000000000004,0.5584054635523555,2,Maior vulnerabilidade / maior risco
2500536,25,PB,Nordeste,45.86,737.19,54.58,-8.719999999999999,0.5581921425414822,2,Maior vulnerabilidade / maior risco
2504850,25,PB,Nordeste,93.33,781.02,76.51,16.819999999999993,0.5581114715673523,1,Melhor desempenho / menor risco
3541901,35,SP,Sudeste,68.79,759.42,67.79,1.0,0.5579691138972014,0,Pressão de meta / risco intermediário
3529005,35,SP,Sudeste,64.28,756.16,65.94,-1.6599999999999966,0.5574676230469601,0,Pressão de meta / risco intermediário
4121208,41,PR,Sul,75.8,760.41,74.31,1.4899999999999949,0.5574576465332958,0,Pressão de meta / risco intermediário
2705705,27,AL,Nordeste,45.46,732.24,52.75,-7.289999999999999,0.5572802572628461,2,Maior vulnerabilidade / maior risco
4211207,42,SC,Sul,68.09,753.74,71.81,-3.719999999999999,0.5568799271824072,0,Pressão de meta / risco intermediário
3516903,35,SP,Sudeste,67.35,757.88,67.03,0.3199999999999932,0.5568389128359278,0,Pressão de meta / risco intermediário
2411007,24,RN,Nordeste,41.06,730.33,45.78,-4.719999999999999,0.556766067286185,2,Maior vulnerabilidade / maior risco
4300307,43,RS,Sul,33.3,739.68,41.39,-8.090000000000003,0.5564681339944118,2,Maior vulnerabilidade / maior risco
3151701,31,MG,Sudeste,70.92,760.44,80.0,-9.079999999999998,0.5558694472886125,0,Pressão de meta / risco intermediário
5107925,51,MT,Centro-Oeste,81.05,780.77,79.35,1.7000000000000028,0.5556220321194545,1,Melhor desempenho / menor risco
3510500,35,SP,Sudeste,58.19,749.31,62.72,-4.530000000000001,0.5553913759289558,0,Pressão de meta / risco intermediário
3501608,35,SP,Sudeste,64.36,754.94,65.54,-1.1800000000000068,0.5550120299000411,0,Pressão de meta / risco intermediário
3304128,33,RJ,Sudeste,60.05,745.5,59.04,1.009999999999998,0.5544479678743149,3,Desempenho favorável
3304805,33,RJ,Sudeste,48.7,730.36,52.5,-3.799999999999997,0.5542123533313084,2,Maior vulnerabilidade / maior risco
3157906,31,MG,Sudeste,60.93,748.07,74.46,-13.529999999999994,0.5541775799702692,0,Pressão de meta / risco intermediário
2615300,26,PE,Nordeste,77.57,767.7,75.9,1.6699999999999875,0.5541432911460727,0,Pressão de meta / risco intermediário
3301157,33,RJ,Sudeste,34.97,718.58,46.4,-11.43,0.5540776911383365,2,Maior vulnerabilidade / maior risco
3526407,35,SP,Sudeste,59.37,748.32,62.64,-3.270000000000003,0.5538317390735884,0,Pressão de meta / risco intermediário
3501707,35,SP,Sudeste,71.18,768.86,70.76,0.4200000000000017,0.5538207668150257,0,Pressão de meta / risco intermediário
4107405,41,PR,Sul,85.24,774.41,80.0,5.239999999999995,0.5533578904756559,1,Melhor desempenho / menor risco
2615904,26,PE,Nordeste,82.52,771.59,77.96,4.560000000000002,0.5529354095916367,1,Melhor desempenho / menor risco
3534708,35,SP,Sudeste,53.67,743.25,60.03,-6.359999999999999,0.5529087573072781,3,Desempenho favorável
2100105,21,MA,Nordeste,93.1,771.8,74.56,18.539999999999992,0.5526768349552428,1,Melhor desempenho / menor risco
3520509,35,SP,Sudeste,62.82,756.32,65.51,-2.690000000000005,0.5521257791822058,0,Pressão de meta / risco intermediário
3535705,35,SP,Sudeste,87.14,782.54,77.78,9.36,0.551896431296036,1,Melhor desempenho / menor risco
1100064,11,RO,Norte,71.69,755.78,68.39,3.299999999999997,0.5517267919775558,0,Pressão de meta / risco intermediário
1703008,17,TO,Norte,19.17,704.15,36.07,-16.9,0.5517262585243962,2,Maior vulnerabilidade / maior risco
4128625,41,PR,Sul,68.04,752.33,70.28,-2.239999999999995,0.5515154857900237,0,Pressão de meta / risco intermediário
3511904,35,SP,Sudeste,54.12,744.78,60.5,-6.380000000000003,0.5514806625402523,3,Desempenho favorável
2922300,29,BA,Nordeste,51.72,740.21,38.86,12.86,0.5514647287274029,3,Desempenho favorável
4124202,41,PR,Sul,88.04,772.54,80.0,8.040000000000006,0.5514336009549704,1,Melhor desempenho / menor risco
3509502,35,SP,Sudeste,41.49,730.36,53.9,-12.409999999999997,0.5514195613347274,2,Maior vulnerabilidade / maior risco
3540200,35,SP,Sudeste,64.47,758.88,66.53,-2.0600000000000023,0.5512288072733587,0,Pressão de meta / risco intermediário
4106555,41,PR,Sul,87.98,772.63,80.0,7.980000000000004,0.5510463572647645,1,Melhor desempenho / menor risco
3100401,31,MG,Sudeste,73.93,758.78,80.0,-6.069999999999993,0.5507984437987055,0,Pressão de meta / risco intermediário
2604155,26,PE,Nordeste,84.85,776.11,79.62,5.22999999999999,0.5507208925159197,1,Melhor desempenho / menor risco
4120705,41,PR,Sul,90.26,770.99,80.0,10.260000000000005,0.5504851380705622,1,Melhor desempenho / menor risco
5104807,51,MT,Centro-Oeste,55.26,746.99,64.51,-9.250000000000007,0.5503895414531508,0,Pressão de meta / risco intermediário
3529401,35,SP,Sudeste,46.04,737.62,56.81,-10.770000000000003,0.550243561958605,2,Maior vulnerabilidade / maior risco
2800670,28,SE,Nordeste,33.02,713.3,38.3,-5.279999999999994,0.5497949661606437,2,Maior vulnerabilidade / maior risco
2600104,26,PE,Nordeste,70.19,755.52,70.86,-0.6700000000000017,0.5495870872283394,0,Pressão de meta / risco intermediário
4113908,41,PR,Sul,87.79,772.96,80.0,7.790000000000006,0.5494332250025437,1,Melhor desempenho / menor risco
3123528,31,MG,Sudeste,71.43,756.22,78.73,-7.299999999999997,0.5493902341782091,0,Pressão de meta / risco intermediário
4210555,42,SC,Sul,75.96,766.39,76.69,-0.730000000000004,0.5492972352833498,0,Pressão de meta / risco intermediário
2202729,22,PI,Nordeste,87.68,792.6,80.0,7.680000000000007,0.549163559647889,1,Melhor desempenho / menor risco
3524105,35,SP,Sudeste,49.94,741.53,58.66,-8.719999999999999,0.5490830560133417,2,Maior vulnerabilidade / maior risco
2610103,26,PE,Nordeste,59.45,749.2,66.87,-7.420000000000002,0.5489025543792325,0,Pressão de meta / risco intermediário
2606804,26,PE,Nordeste,66.97,748.51,68.23,-1.2600000000000051,0.5487714080655991,0,Pressão de meta / risco intermediário
2805109,28,SE,Nordeste,11.52,699.04,29.87,-18.35,0.5484875580494986,2,Maior vulnerabilidade / maior risco
3555000,35,SP,Sudeste,51.23,745.13,59.89,-8.660000000000004,0.5480895852623129,3,Desempenho favorável
4208955,42,SC,Sul,77.08,777.67,80.0,-2.9200000000000017,0.5480554500630773,0,Pressão de meta / risco intermediário
2105906,21,MA,Nordeste,76.73,760.54,67.9,8.829999999999998,0.5476391552764263,0,Pressão de meta / risco intermediário
3518602,35,SP,Sudeste,78.67,771.87,72.94,5.730000000000004,0.5475831077144192,1,Melhor desempenho / menor risco
4207007,42,SC,Sul,69.72,757.81,72.97,-3.25,0.5475022333030923,0,Pressão de meta / risco intermediário
3119807,31,MG,Sudeste,75.27,758.17,80.0,-4.730000000000004,0.5474288730742793,0,Pressão de meta / risco intermediário
5000906,50,MS,Centro-Oeste,56.2,742.27,62.54,-6.339999999999996,0.5474224601350528,0,Pressão de meta / risco intermediário
3504602,35,SP,Sudeste,61.39,751.03,63.6,-2.210000000000001,0.5474079285390322,0,Pressão de meta / risco intermediário
2509602,25,PB,Nordeste,93.4,794.85,80.0,13.400000000000006,0.547321647962082,1,Melhor desempenho / menor risco
2205805,22,PI,Nordeste,54.9,748.5,60.96,-6.060000000000002,0.5469776717166963,0,Pressão de meta / risco intermediário
3556305,35,SP,Sudeste,70.44,765.41,69.43,1.009999999999991,0.5468884004355191,0,Pressão de meta / risco intermediário
3533403,35,SP,Sudeste,57.96,751.93,63.12,-5.159999999999997,0.5467997995502287,0,Pressão de meta / risco intermediário
1100056,11,RO,Norte,66.81,749.66,65.53,1.2800000000000011,0.5467854929989381,0,Pressão de meta / risco intermediário
4200051,42,SC,Sul,77.08,757.98,74.51,2.569999999999993,0.5466040653755564,0,Pressão de meta / risco intermediário
1101435,11,RO,Norte,70.92,751.69,66.93,3.989999999999995,0.5464417098738116,0,Pressão de meta / risco intermediário
3506508,35,SP,Sudeste,78.13,775.74,73.86,4.269999999999996,0.5463950501819199,1,Melhor desempenho / menor risco
4120853,41,PR,Sul,89.52,772.03,80.0,9.519999999999996,0.5463051298741338,1,Melhor desempenho / menor risco
3530805,35,SP,Sudeste,57.7,749.44,62.35,-4.649999999999999,0.5459327869524488,0,Pressão de meta / risco intermediário
4211652,42,SC,Sul,86.57,770.9,80.0,6.569999999999993,0.5452330298111173,1,Melhor desempenho / menor risco
1507300,15,PA,Norte,30.95,717.47,39.2,-8.250000000000004,0.5452005347963534,2,Maior vulnerabilidade / maior risco
2208502,22,PI,Nordeste,36.04,733.13,52.75,-16.71,0.5450766027209141,2,Maior vulnerabilidade / maior risco
2108306,21,MA,Nordeste,63.88,754.51,63.48,0.4000000000000057,0.5446560074990918,0,Pressão de meta / risco intermediário
5003207,50,MS,Centro-Oeste,38.3,724.33,53.78,-15.480000000000004,0.5443382621349833,2,Maior vulnerabilidade / maior risco
3110806,31,MG,Sudeste,47.62,733.89,67.47,-19.85,0.5443069041552765,2,Maior vulnerabilidade / maior risco
4110706,41,PR,Sul,88.31,773.19,80.0,8.310000000000002,0.5441119343610795,1,Melhor desempenho / menor risco
2407500,24,RN,Nordeste,35.11,726.17,42.99,-7.880000000000003,0.5440456318829504,2,Maior vulnerabilidade / maior risco
2109759,21,MA,Nordeste,40.91,722.93,49.98,-9.07,0.5440340007871427,2,Maior vulnerabilidade / maior risco
5007307,50,MS,Centro-Oeste,53.05,742.65,61.88,-8.830000000000005,0.543885006437292,0,Pressão de meta / risco intermediário
2208650,22,PI,Nordeste,67.42,760.11,66.65,0.769999999999996,0.5436028437542536,0,Pressão de meta / risco intermediário
2804201,28,SE,Nordeste,35.07,719.36,40.19,-5.119999999999997,0.5432888935999686,2,Maior vulnerabilidade / maior risco
4117271,41,PR,Sul,84.88,775.95,80.0,4.8799999999999955,0.5424380453960885,1,Melhor desempenho / menor risco
3547809,35,SP,Sudeste,56.5,748.49,61.71,-5.210000000000001,0.541909416751129,0,Pressão de meta / risco intermediário
3155900,31,MG,Sudeste,62.04,746.68,73.91,-11.869999999999997,0.5418919697366525,0,Pressão de meta / risco intermediário
3537909,35,SP,Sudeste,63.33,752.73,64.29,-0.960000000000008,0.5417708738834245,0,Pressão de meta / risco intermediário
3519055,35,SP,Sudeste,62.59,757.31,65.4,-2.8100000000000023,0.5416733617938415,0,Pressão de meta / risco intermediário
3549250,35,SP,Sudeste,44.44,735.33,55.57,-11.130000000000003,0.5416551882584654,2,Maior vulnerabilidade / maior risco
4125753,41,PR,Sul,80.66,765.91,76.32,4.340000000000003,0.5414465074863554,0,Pressão de meta / risco intermediário
1722081,17,TO,Norte,41.89,735.03,48.97,-7.079999999999998,0.5413134151817767,2,Maior vulnerabilidade / maior risco
4122651,41,PR,Sul,77.0,755.68,72.73,4.269999999999996,0.5412876572492946,0,Pressão de meta / risco intermediário
3523305,35,SP,Sudeste,70.98,758.96,67.57,3.410000000000011,0.5410186196851121,0,Pressão de meta / risco intermediário
5107404,51,MT,Centro-Oeste,76.26,770.6,75.07,1.190000000000012,0.540765024569862,0,Pressão de meta / risco intermediário
4117909,41,PR,Sul,74.33,756.86,72.48,1.8499999999999943,0.5405361566532008,0,Pressão de meta / risco intermediário
4203154,42,SC,Sul,57.9,751.15,68.46,-10.559999999999995,0.540506683938778,0,Pressão de meta / risco intermediário
4117602,41,PR,Sul,54.27,739.82,63.61,-9.339999999999996,0.540183783004048,0,Pressão de meta / risco intermediário
2403806,24,RN,Nordeste,43.75,744.91,49.83,-6.079999999999998,0.5400814276551636,2,Maior vulnerabilidade / maior risco
2610608,26,PE,Nordeste,66.03,751.13,68.48,-2.450000000000003,0.5400584625787211,0,Pressão de meta / risco intermediário
3547502,35,SP,Sudeste,67.97,763.12,68.06,-0.09000000000000341,0.5398456173830835,0,Pressão de meta / risco intermediário
1716703,17,TO,Norte,60.62,756.48,58.71,1.9099999999999966,0.5393550615795278,3,Desempenho favorável
2708808,27,AL,Nordeste,42.43,727.19,50.14,-7.710000000000001,0.5390248133355017,2,Maior vulnerabilidade / maior risco
4309126,43,RS,Sul,37.5,752.23,45.15,-7.649999999999999,0.5385018786567533,2,Maior vulnerabilidade / maior risco
4202701,42,SC,Sul,65.2,761.22,72.68,-7.480000000000004,0.5382199256956085,0,Pressão de meta / risco intermediário
4104055,41,PR,Sul,78.31,763.5,75.06,3.25,0.5380850566001295,0,Pressão de meta / risco intermediário
3518503,35,SP,Sudeste,68.52,762.71,68.0,0.519999999999996,0.5379626429891816,0,Pressão de meta / risco intermediário
4115457,41,PR,Sul,82.18,763.37,75.82,6.360000000000014,0.5379511551275158,1,Melhor desempenho / menor risco
1721109,17,TO,Norte,51.16,749.65,54.82,-3.6600000000000037,0.5379292720701382,3,Desempenho favorável
5104906,51,MT,Centro-Oeste,54.87,746.03,63.76,-8.89,0.5378149622549233,0,Pressão de meta / risco intermediário
2404101,24,RN,Nordeste,55.2,742.33,51.41,3.7900000000000063,0.5377624250859582,3,Desempenho favorável
3111150,31,MG,Sudeste,73.26,760.8,80.0,-6.739999999999995,0.5377289239810068,0,Pressão de meta / risco intermediário
3534401,35,SP,Sudeste,49.13,737.31,56.96,-7.829999999999998,0.5376907566299934,2,Maior vulnerabilidade / maior risco
3549805,35,SP,Sudeste,56.85,746.84,61.18,-4.329999999999998,0.537350537141771,3,Desempenho favorável
2611101,26,PE,Nordeste,70.25,755.9,70.58,-0.3299999999999983,0.5372119211091411,0,Pressão de meta / risco intermediário
3114808,31,MG,Sudeste,72.5,761.44,80.0,-7.5,0.5371119113720878,0,Pressão de meta / risco intermediário
3118403,31,MG,Sudeste,57.14,740.63,71.07,-13.929999999999993,0.5370825196561212,0,Pressão de meta / risco intermediário
3552551,35,SP,Sudeste,90.85,789.67,80.0,10.849999999999994,0.535763583907346,1,Melhor desempenho / menor risco
4216909,42,SC,Sul,71.25,762.06,74.08,-2.8299999999999983,0.5356230352719026,0,Pressão de meta / risco intermediário
3511508,35,SP,Sudeste,69.15,759.41,67.12,2.030000000000001,0.5349049121793803,0,Pressão de meta / risco intermediário
4106571,41,PR,Sul,86.52,775.62,80.0,6.519999999999996,0.534707322389991,1,Melhor desempenho / menor risco
2504603,25,PB,Nordeste,69.48,771.1,68.08,1.4000000000000057,0.5346029243846636,0,Pressão de meta / risco intermediário
4127205,41,PR,Sul,89.1,773.76,80.0,9.099999999999994,0.5341050284842647,1,Melhor desempenho / menor risco
1200302,12,AC,Norte,53.33,742.4,58.48,-5.149999999999999,0.5337724496152277,3,Desempenho favorável
3543907,35,SP,Sudeste,54.52,744.6,59.96,-5.439999999999998,0.5336372397621849,3,Desempenho favorável
4120150,41,PR,Sul,86.29,775.92,80.0,6.290000000000006,0.5336026118030525,1,Melhor desempenho / menor risco
3505203,35,SP,Sudeste,72.3,766.54,69.69,2.6099999999999994,0.533267101306605,0,Pressão de meta / risco intermediário
4121307,41,PR,Sul,86.02,768.59,77.9,8.11999999999999,0.5330471418818699,1,Melhor desempenho / menor risco
1600600,16,AP,Norte,55.32,750.67,53.95,1.3699999999999974,0.5326954489278133,3,Desempenho favorável
2513901,25,PB,Nordeste,46.87,739.03,54.46,-7.590000000000003,0.5321366263889423,2,Maior vulnerabilidade / maior risco
4114104,41,PR,Sul,62.29,745.58,66.6,-4.309999999999995,0.5320469114113684,0,Pressão de meta / risco intermediário
4100202,41,PR,Sul,60.95,746.43,66.55,-5.599999999999994,0.53180004793603,0,Pressão de meta / risco intermediário
5007406,50,MS,Centro-Oeste,49.11,732.61,57.9,-8.79,0.5317283489405015,2,Maior vulnerabilidade / maior risco
2507101,25,PB,Nordeste,84.21,782.93,74.3,9.909999999999997,0.5315962023402608,1,Melhor desempenho / menor risco
4107157,41,PR,Sul,74.32,753.54,71.27,3.049999999999997,0.5314816144030493,0,Pressão de meta / risco intermediário
2111300,21,MA,Nordeste,56.69,741.77,58.04,-1.3500000000000014,0.5312038431834258,3,Desempenho favorável
3128303,31,MG,Sudeste,65.21,751.62,75.58,-10.370000000000005,0.5309337912399179,0,Pressão de meta / risco intermediário
3549508,35,SP,Sudeste,50.38,741.43,58.14,-7.759999999999998,0.5309007000933328,3,Desempenho favorável
2205953,22,PI,Nordeste,89.66,793.24,80.0,9.659999999999997,0.5308875381245908,1,Melhor desempenho / menor risco
3147600,31,MG,Sudeste,75.75,759.78,80.0,-4.25,0.5304561463130512,0,Pressão de meta / risco intermediário
2706604,27,AL,Nordeste,38.46,732.36,50.47,-12.009999999999998,0.5303343830270905,2,Maior vulnerabilidade / maior risco
3502754,35,SP,Sudeste,54.04,745.03,59.86,-5.82,0.5298994602879735,3,Desempenho favorável
3527801,35,SP,Sudeste,60.96,753.44,63.6,-2.6400000000000006,0.5294036900063697,0,Pressão de meta / risco intermediário
1505601,15,PA,Norte,84.31,763.15,62.33,21.980000000000004,0.5286032728529652,1,Melhor desempenho / menor risco
3517703,35,SP,Sudeste,76.27,770.26,71.39,4.8799999999999955,0.5286007373759544,1,Melhor desempenho / menor risco
4122008,41,PR,Sul,89.22,774.33,80.0,9.219999999999999,0.5284051696136167,1,Melhor desempenho / menor risco
2607604,26,PE,Nordeste,50.6,740.36,61.93,-11.329999999999998,0.5281288552114827,2,Maior vulnerabilidade / maior risco
3502804,35,SP,Sudeste,74.22,768.03,70.33,3.8900000000000006,0.5279871847770641,0,Pressão de meta / risco intermediário
2928950,29,BA,Nordeste,52.94,748.53,40.65,12.29,0.5277016836327119,3,Desempenho favorável
1703701,17,TO,Norte,49.45,739.24,51.24,-1.7899999999999991,0.5270404002922969,3,Desempenho favorável
3523404,35,SP,Sudeste,73.47,767.08,69.88,3.5900000000000034,0.5269772505929331,0,Pressão de meta / risco intermediário
4201653,42,SC,Sul,77.94,768.63,77.0,0.9399999999999977,0.5268845168763222,0,Pressão de meta / risco intermediário
3162559,31,MG,Sudeste,71.72,754.93,77.7,-5.980000000000004,0.5265191328996831,0,Pressão de meta / risco intermediário
4112900,41,PR,Sul,55.42,743.41,64.4,-8.980000000000004,0.5264335249641372,0,Pressão de meta / risco intermediário
1501204,15,PA,Norte,38.16,726.77,42.66,-4.5,0.5264168638650756,2,Maior vulnerabilidade / maior risco
2203909,22,PI,Nordeste,53.36,745.69,59.2,-5.840000000000003,0.5262372794063821,3,Desempenho favorável
2500304,25,PB,Nordeste,28.48,722.38,45.86,-17.38,0.5260570236776403,2,Maior vulnerabilidade / maior risco
3113602,31,MG,Sudeste,74.18,761.52,80.0,-5.819999999999993,0.5255652516962012,0,Pressão de meta / risco intermediário
3539608,35,SP,Sudeste,83.68,782.37,76.17,7.510000000000005,0.5254710424889951,1,Melhor desempenho / menor risco
3524303,35,SP,Sudeste,57.94,749.79,61.83,-3.8900000000000006,0.5251344377183115,3,Desempenho favorável
2707305,27,AL,Nordeste,45.99,725.81,50.05,-4.059999999999995,0.5251334841384624,2,Maior vulnerabilidade / maior risco
4110607,41,PR,Sul,68.95,751.0,69.25,-0.29999999999999716,0.5249950411234918,0,Pressão de meta / risco intermediário
4208609,42,SC,Sul,77.67,764.53,75.75,1.9200000000000017,0.524984605257447,0,Pressão de meta / risco intermediário
5005806,50,MS,Centro-Oeste,60.98,740.99,62.45,-1.470000000000006,0.5248133878811594,3,Desempenho favorável
4111506,41,PR,Sul,72.39,754.29,70.86,1.5300000000000011,0.5246557668876493,0,Pressão de meta / risco intermediário
3507001,35,SP,Sudeste,69.83,761.72,67.57,2.260000000000005,0.5246132702794618,0,Pressão de meta / risco intermediário
3534757,35,SP,Sudeste,89.21,792.19,80.0,9.209999999999994,0.5245875124164442,1,Melhor desempenho / menor risco
3545100,35,SP,Sudeste,61.69,757.03,64.58,-2.8900000000000006,0.5242918112782754,0,Pressão de meta / risco intermediário
2805307,28,SE,Nordeste,37.68,723.05,41.14,-3.460000000000001,0.5242469164147748,2,Maior vulnerabilidade / maior risco
4208906,42,SC,Sul,75.11,763.86,75.01,0.09999999999999432,0.5241888308751906,0,Pressão de meta / risco intermediário
2600500,26,PE,Nordeste,59.77,744.65,64.88,-5.109999999999992,0.5239947086478103,0,Pressão de meta / risco intermediário
4100509,41,PR,Sul,78.17,759.24,73.4,4.769999999999996,0.5239167729494637,0,Pressão de meta / risco intermediário
2500106,25,PB,Nordeste,52.67,748.97,58.14,-5.469999999999999,0.5237788172282857,3,Desempenho favorável
4122305,41,PR,Sul,88.56,775.37,80.0,8.560000000000002,0.523679502741966,1,Melhor desempenho / menor risco
2205540,22,PI,Nordeste,87.79,795.5,80.0,7.790000000000006,0.523439492337567,1,Melhor desempenho / menor risco
3162575,31,MG,Sudeste,71.7,763.34,79.92,-8.219999999999999,0.5233639846265296,0,Pressão de meta / risco intermediário
3516200,35,SP,Sudeste,64.54,756.49,64.99,-0.44999999999998863,0.5233516654125155,0,Pressão de meta / risco intermediário
2516805,25,PB,Nordeste,63.35,747.16,59.83,3.520000000000003,0.5232148930073725,3,Desempenho favorável
3552304,35,SP,Sudeste,57.15,747.58,60.99,-3.8400000000000034,0.5230783330126989,3,Desempenho favorável
1304260,13,AM,Norte,11.25,702.59,28.14,-16.89,0.5229872893499409,2,Maior vulnerabilidade / maior risco
4217808,42,SC,Sul,70.32,757.13,72.11,-1.7900000000000063,0.5226543465950555,0,Pressão de meta / risco intermediário
3501152,35,SP,Sudeste,53.68,742.26,58.78,-5.100000000000001,0.5223970379733982,3,Desempenho favorável
4213104,42,SC,Sul,83.99,775.53,80.0,3.989999999999995,0.5219230372539544,1,Melhor desempenho / menor risco
2401206,24,RN,Nordeste,31.22,721.47,40.17,-8.950000000000003,0.5216730406960609,2,Maior vulnerabilidade / maior risco
3556503,35,SP,Sudeste,53.24,743.15,58.9,-5.659999999999997,0.5212992035821848,3,Desempenho favorável
3124203,31,MG,Sudeste,61.52,750.68,74.22,-12.699999999999996,0.5203851601592075,0,Pressão de meta / risco intermediário
3102902,31,MG,Sudeste,71.37,759.3,78.61,-7.239999999999995,0.5194525671558151,0,Pressão de meta / risco intermediário
4214300,42,SC,Sul,80.38,760.36,74.97,5.409999999999997,0.5191113956950576,0,Pressão de meta / risco intermediário
2109809,21,MA,Nordeste,72.74,754.9,64.59,8.149999999999991,0.518730363733919,3,Desempenho favorável
5108055,51,MT,Centro-Oeste,61.14,750.42,65.65,-4.510000000000005,0.5184234785013777,0,Pressão de meta / risco intermediário
2613602,26,PE,Nordeste,73.38,759.01,71.48,1.8999999999999915,0.5182295568737839,0,Pressão de meta / risco intermediário
2601508,26,PE,Nordeste,79.67,763.29,73.96,5.710000000000008,0.5181090881543902,1,Melhor desempenho / menor risco
3512803,35,SP,Sudeste,59.61,749.22,61.79,-2.1799999999999997,0.5180027109100941,3,Desempenho favorável
1718840,17,TO,Norte,53.5,757.31,56.78,-3.280000000000001,0.5178691361209947,3,Desempenho favorável
4121703,41,PR,Sul,81.08,763.8,75.06,6.019999999999996,0.5175795822927594,1,Melhor desempenho / menor risco
3103207,31,MG,Sudeste,72.22,763.94,80.0,-7.780000000000001,0.5173065518980771,0,Pressão de meta / risco intermediário
2703304,27,AL,Nordeste,83.03,770.6,69.84,13.189999999999998,0.5172634728388292,1,Melhor desempenho / menor risco
4101002,41,PR,Sul,70.06,754.32,70.15,-0.09000000000000341,0.5172490145631753,0,Pressão de meta / risco intermediário
4127403,41,PR,Sul,76.19,757.04,72.16,4.030000000000001,0.5169514134531995,0,Pressão de meta / risco intermediário
3522505,35,SP,Sudeste,55.46,745.8,59.95,-4.490000000000002,0.5168618353696558,3,Desempenho favorável
3503802,35,SP,Sudeste,54.41,746.28,59.85,-5.440000000000005,0.5163735888585896,3,Desempenho favorável
3520707,35,SP,Sudeste,78.96,770.1,71.51,7.449999999999989,0.5163276235838781,1,Melhor desempenho / menor risco
3524709,35,SP,Sudeste,70.22,765.3,68.37,1.8499999999999943,0.5161460302494364,0,Pressão de meta / risco intermediário
4310652,43,RS,Sul,71.4,775.77,57.95,13.450000000000003,0.5160640281158689,3,Desempenho favorável
2412401,24,RN,Nordeste,56.41,738.35,49.86,6.549999999999997,0.515869785536662,3,Desempenho favorável
4204350,42,SC,Sul,65.36,747.28,68.14,-2.780000000000001,0.5157204751982736,0,Pressão de meta / risco intermediário
3535408,35,SP,Sudeste,92.54,790.75,80.0,12.540000000000006,0.5154888875005056,1,Melhor desempenho / menor risco
2101509,21,MA,Nordeste,51.56,732.24,53.84,-2.280000000000001,0.5154067843562204,3,Desempenho favorável
4202800,42,SC,Sul,59.36,747.43,66.93,-7.570000000000007,0.5153820026148948,0,Pressão de meta / risco intermediário
3549409,35,SP,Sudeste,50.24,738.04,56.67,-6.43,0.515126817888711,3,Desempenho favorável
2202703,22,PI,Nordeste,83.93,782.21,75.26,8.670000000000002,0.5150501624816958,1,Melhor desempenho / menor risco
2312601,23,CE,Nordeste,65.1,757.03,80.0,-14.900000000000006,0.5148318196926689,0,Pressão de meta / risco intermediário
2402600,24,RN,Nordeste,32.38,722.81,40.56,-8.18,0.5147704628582196,2,Maior vulnerabilidade / maior risco
3556701,35,SP,Sudeste,56.12,748.38,60.73,-4.609999999999999,0.5146767206824973,3,Desempenho favorável
3162948,31,MG,Sudeste,75.22,762.01,80.0,-4.780000000000001,0.5145865863099782,0,Pressão de meta / risco intermediário
3500709,35,SP,Sudeste,64.6,756.27,64.66,-0.060000000000002274,0.5145301049328928,0,Pressão de meta / risco intermediário
3503208,35,SP,Sudeste,62.01,754.99,63.77,-1.7600000000000051,0.5145116941932449,0,Pressão de meta / risco intermediário
2709004,27,AL,Nordeste,53.45,736.37,54.17,-0.7199999999999989,0.5144243648841632,3,Desempenho favorável
4207650,42,SC,Sul,92.28,770.31,80.0,12.280000000000001,0.5134279206252224,1,Melhor desempenho / menor risco
4215455,42,SC,Sul,68.6,761.4,72.64,-4.040000000000006,0.513418042189011,0,Pressão de meta / risco intermediário
1100106,11,RO,Norte,43.07,729.4,53.95,-10.880000000000003,0.5133436852673686,2,Maior vulnerabilidade / maior risco
4100608,41,PR,Sul,70.12,753.56,69.81,0.3100000000000023,0.5127884580921693,0,Pressão de meta / risco intermediário
4103008,41,PR,Sul,92.95,773.35,80.0,12.950000000000003,0.5127348240413094,1,Melhor desempenho / menor risco
4205100,42,SC,Sul,88.51,773.21,80.0,8.510000000000005,0.5127333290072411,1,Melhor desempenho / menor risco
4211702,42,SC,Sul,68.14,753.61,70.36,-2.219999999999999,0.5124358028291972,0,Pressão de meta / risco intermediário
4123907,41,PR,Sul,83.73,764.33,75.59,8.14,0.5124238763190013,1,Melhor desempenho / menor risco
4202875,42,SC,Sul,68.75,755.2,70.92,-2.1700000000000017,0.5122573385929597,0,Pressão de meta / risco intermediário
2201408,22,PI,Nordeste,40.17,728.94,51.39,-11.219999999999999,0.5120767855708577,2,Maior vulnerabilidade / maior risco
3148509,31,MG,Sudeste,81.4,757.68,80.0,1.4000000000000057,0.5120516332776095,0,Pressão de meta / risco intermediário
3300506,33,RJ,Sudeste,66.67,749.22,60.07,6.600000000000001,0.511766133961256,3,Desempenho favorável
2601805,26,PE,Nordeste,76.97,764.15,73.43,3.539999999999992,0.511543815458514,0,Pressão de meta / risco intermediário
1720804,17,TO,Norte,50.64,744.02,52.31,-1.6700000000000017,0.5114562789484641,3,Desempenho favorável
3552205,35,SP,Sudeste,52.43,742.86,58.32,-5.890000000000001,0.5108836470636814,3,Desempenho favorável
2609600,26,PE,Nordeste,62.29,749.13,66.22,-3.9299999999999997,0.5108475858412865,0,Pressão de meta / risco intermediário
3520004,35,SP,Sudeste,77.29,774.38,72.17,5.1200000000000045,0.5107506606391355,1,Melhor desempenho / menor risco
2802908,28,SE,Nordeste,41.79,724.22,41.88,-0.09000000000000341,0.5106698792533859,2,Maior vulnerabilidade / maior risco
3550407,35,SP,Sudeste,58.16,748.62,61.09,-2.930000000000007,0.5106579664402369,3,Desempenho favorável
3516705,35,SP,Sudeste,57.27,749.26,61.08,-3.809999999999995,0.5105671453032405,3,Desempenho favorável
1300839,13,AM,Norte,21.72,703.77,30.23,-8.510000000000002,0.5104154796156231,2,Maior vulnerabilidade / maior risco
4118808,41,PR,Sul,74.24,761.51,72.78,1.4599999999999937,0.5102889405419267,0,Pressão de meta / risco intermediário
2209708,22,PI,Nordeste,64.27,761.31,65.26,-0.9900000000000091,0.5101302905894919,0,Pressão de meta / risco intermediário
5007950,50,MS,Centro-Oeste,56.62,740.31,60.88,-4.260000000000005,0.5097586734488915,3,Desempenho favorável
4106308,41,PR,Sul,85.26,765.91,76.25,9.010000000000005,0.5095024073018672,1,Melhor desempenho / menor risco
3557006,35,SP,Sudeste,54.69,743.82,59.0,-4.310000000000002,0.509230555321513,3,Desempenho favorável
1300086,13,AM,Norte,53.48,742.52,47.47,6.009999999999998,0.5091688247570835,3,Desempenho favorável
4200903,42,SC,Sul,90.0,772.52,80.0,10.0,0.5090534337075748,1,Melhor desempenho / menor risco
3107802,31,MG,Sudeste,75.91,762.14,80.0,-4.090000000000003,0.5089859104518268,0,Pressão de meta / risco intermediário
2807600,28,SE,Nordeste,39.34,722.24,40.77,-1.4299999999999997,0.5089129779669976,2,Maior vulnerabilidade / maior risco
1701903,17,TO,Norte,49.27,742.88,51.63,-2.3599999999999994,0.5088985043456106,3,Desempenho favorável
4212601,42,SC,Sul,87.5,774.44,80.0,7.5,0.5086193364387626,1,Melhor desempenho / menor risco
3152006,31,MG,Sudeste,56.14,740.6,69.94,-13.799999999999997,0.5084451536308783,0,Pressão de meta / risco intermediário
4108908,41,PR,Sul,80.71,764.38,74.85,5.859999999999999,0.5083673710706705,1,Melhor desempenho / menor risco
5105580,51,MT,Centro-Oeste,65.36,757.05,68.03,-2.6700000000000017,0.5082197256183981,0,Pressão de meta / risco intermediário
3552809,35,SP,Sudeste,49.01,739.91,56.7,-7.690000000000005,0.5078324236430629,3,Desempenho favorável
4218855,42,SC,Sul,65.0,760.29,71.41,-6.409999999999997,0.5078129363026714,0,Pressão de meta / risco intermediário
3158904,31,MG,Sudeste,77.24,761.33,80.0,-2.760000000000005,0.507383466655871,0,Pressão de meta / risco intermediário
4117206,41,PR,Sul,91.63,772.97,79.45,12.179999999999993,0.5073407116595849,1,Melhor desempenho / menor risco
5002209,50,MS,Centro-Oeste,58.78,743.29,62.07,-3.289999999999999,0.507234920470855,3,Desempenho favorável
3557303,35,SP,Sudeste,51.48,737.02,56.38,-4.900000000000006,0.5068349975604713,3,Desempenho favorável
4211405,42,SC,Sul,72.86,758.71,72.56,0.29999999999999716,0.5066058129932296,0,Pressão de meta / risco intermediário
2613305,26,PE,Nordeste,72.13,763.65,72.13,0.0,0.5064953144617915,0,Pressão de meta / risco intermediário
5004700,50,MS,Centro-Oeste,68.78,756.35,67.71,1.0700000000000074,0.5060356572757831,0,Pressão de meta / risco intermediário
1200708,12,AC,Norte,51.91,742.5,57.32,-5.410000000000004,0.5057748849307453,3,Desempenho favorável
3536406,35,SP,Sudeste,75.86,772.87,71.29,4.569999999999993,0.5055168665915089,1,Melhor desempenho / menor risco
2702900,27,AL,Nordeste,39.96,730.34,49.42,-9.46,0.5052179841803112,2,Maior vulnerabilidade / maior risco
4206306,42,SC,Sul,73.93,760.53,73.24,0.6900000000000119,0.5052132166149763,0,Pressão de meta / risco intermediário
5108907,51,MT,Centro-Oeste,62.38,758.31,67.66,-5.279999999999994,0.505016109289007,0,Pressão de meta / risco intermediário
4209904,42,SC,Sul,58.41,747.42,66.39,-7.980000000000004,0.5046946464340754,0,Pressão de meta / risco intermediário
4215802,42,SC,Sul,76.73,765.66,75.22,1.5100000000000051,0.5046745016414388,0,Pressão de meta / risco intermediário
2604601,26,PE,Nordeste,43.24,729.62,56.69,-13.449999999999996,0.5046585689498183,2,Maior vulnerabilidade / maior risco
1703305,17,TO,Norte,28.56,721.97,41.43,-12.870000000000001,0.5046000409325287,2,Maior vulnerabilidade / maior risco
4218756,42,SC,Sul,73.65,766.42,74.79,-1.1400000000000006,0.5045732947989344,0,Pressão de meta / risco intermediário
2709400,27,AL,Nordeste,49.91,734.79,52.68,-2.770000000000003,0.5043505932949689,3,Desempenho favorável
2105302,21,MA,Nordeste,54.73,740.49,56.42,-1.6900000000000048,0.5042359747216745,3,Desempenho favorável
5003306,50,MS,Centro-Oeste,39.19,723.43,52.43,-13.240000000000002,0.5041324951642192,2,Maior vulnerabilidade / maior risco
5107180,51,MT,Centro-Oeste,70.87,756.08,68.76,2.1099999999999994,0.5037907254438423,0,Pressão de meta / risco intermediário
4127007,41,PR,Sul,88.2,771.1,78.1,10.100000000000009,0.5034574974394606,1,Melhor desempenho / menor risco
3170008,31,MG,Sudeste,58.55,751.6,73.3,-14.75,0.5028207121977519,0,Pressão de meta / risco intermediário
3509700,35,SP,Sudeste,57.12,748.61,60.62,-3.5,0.5027475132498628,3,Desempenho favorável
4217154,42,SC,Sul,84.21,777.6,80.0,4.209999999999994,0.5025560781140341,1,Melhor desempenho / menor risco
3121704,31,MG,Sudeste,76.25,758.6,78.88,-2.6299999999999955,0.5023460332118509,0,Pressão de meta / risco intermediário
3159803,31,MG,Sudeste,59.6,752.14,73.65,-14.050000000000004,0.5023061767257937,0,Pressão de meta / risco intermediário
3541406,35,SP,Sudeste,61.12,752.74,62.54,-1.4200000000000017,0.5012147628443262,3,Desempenho favorável
3147709,31,MG,Sudeste,78.42,761.17,80.0,-1.5799999999999983,0.5011165818747303,0,Pressão de meta / risco intermediário
2501807,25,PB,Nordeste,36.71,726.75,47.97,-11.259999999999998,0.5009855306784408,2,Maior vulnerabilidade / maior risco
2611804,26,PE,Nordeste,65.68,752.51,67.54,-1.8599999999999994,0.5009545445270732,0,Pressão de meta / risco intermediário
1709302,17,TO,Norte,48.16,737.6,49.68,-1.5200000000000031,0.500716690244037,3,Desempenho favorável
3514924,35,SP,Sudeste,85.34,778.74,74.72,10.620000000000005,0.500716137822865,1,Melhor desempenho / menor risco
4126207,41,PR,Sul,83.01,765.41,75.36,7.650000000000006,0.5005142148569119,1,Melhor desempenho / menor risco
4210100,42,SC,Sul,77.41,765.36,75.13,2.280000000000001,0.5000415487842244,0,Pressão de meta / risco intermediário
3109204,31,MG,Sudeste,75.91,763.18,80.0,-4.090000000000003,0.4999666262552193,0,Pressão de meta / risco intermediário
2700508,27,AL,Nordeste,32.98,721.17,45.27,-12.290000000000006,0.49983340319654146,2,Maior vulnerabilidade / maior risco
4210308,42,SC,Sul,74.01,758.45,72.51,1.5,0.4998320420951457,0,Pressão de meta / risco intermediário
3553401,35,SP,Sudeste,74.07,769.92,69.92,4.1499999999999915,0.49973375048098717,1,Melhor desempenho / menor risco
3504206,35,SP,Sudeste,77.87,775.36,72.2,5.670000000000002,0.49943097814969106,1,Melhor desempenho / menor risco
4117453,41,PR,Sul,90.05,777.06,80.0,10.049999999999997,0.49937307145478765,1,Melhor desempenho / menor risco
3549904,35,SP,Sudeste,64.75,758.42,64.8,-0.04999999999999716,0.49930578125653124,0,Pressão de meta / risco intermediário
2708907,27,AL,Nordeste,55.11,739.19,54.8,0.3100000000000023,0.49896599365794087,3,Desempenho favorável
3152170,31,MG,Sudeste,67.71,751.0,74.9,-7.190000000000012,0.49879808610527276,0,Pressão de meta / risco intermediário
3524006,35,SP,Sudeste,48.94,739.25,56.2,-7.260000000000005,0.4983246804748975,3,Desempenho favorável
4116406,41,PR,Sul,94.81,771.46,79.4,15.409999999999997,0.4982392857417793,1,Melhor desempenho / menor risco
3141009,31,MG,Sudeste,61.37,747.06,72.48,-11.110000000000007,0.4981765901807233,0,Pressão de meta / risco intermediário
2201507,22,PI,Nordeste,46.97,739.74,55.33,-8.36,0.4979056444174623,2,Maior vulnerabilidade / maior risco
2602506,26,PE,Nordeste,79.05,766.61,74.1,4.950000000000003,0.49773613861682053,1,Melhor desempenho / menor risco
3154101,31,MG,Sudeste,64.51,752.42,74.59,-10.079999999999998,0.4975158440263572,0,Pressão de meta / risco intermediário
3108206,31,MG,Sudeste,71.88,766.48,80.0,-8.120000000000005,0.49748898042527223,0,Pressão de meta / risco intermediário
2504009,25,PB,Nordeste,47.92,742.12,54.42,-6.5,0.4973137203622215,3,Desempenho favorável
4102752,41,PR,Sul,88.13,770.74,77.78,10.349999999999994,0.4969944867977725,1,Melhor desempenho / menor risco
3549102,35,SP,Sudeste,61.6,754.15,62.88,-1.2800000000000011,0.49653857295578785,3,Desempenho favorável
2803401,28,SE,Nordeste,39.3,725.89,41.37,-2.0700000000000003,0.4963401495021348,2,Maior vulnerabilidade / maior risco
2800506,28,SE,Nordeste,44.81,725.07,42.28,2.530000000000001,0.49625677203168606,3,Desempenho favorável
1200054,12,AC,Norte,49.17,737.57,55.08,-5.909999999999997,0.4960328959783104,3,Desempenho favorável
4210803,42,SC,Sul,48.04,744.07,63.04,-15.0,0.4959227670194758,2,Maior vulnerabilidade / maior risco
4205191,42,SC,Sul,69.96,759.46,71.82,-1.8599999999999994,0.4956982084277474,0,Pressão de meta / risco intermediário
3556453,35,SP,Sudeste,64.59,755.62,63.87,0.720000000000006,0.4954515524160271,3,Desempenho favorável
4118303,41,PR,Sul,61.71,747.93,65.96,-4.249999999999993,0.495392202994316,0,Pressão de meta / risco intermediário
2204204,22,PI,Nordeste,48.78,739.4,55.53,-6.75,0.49538722874516716,3,Desempenho favorável
2501005,25,PB,Nordeste,40.53,728.24,48.99,-8.46,0.49528177373271204,2,Maior vulnerabilidade / maior risco
2207801,22,PI,Nordeste,50.47,741.05,56.33,-5.859999999999999,0.495211574807234,3,Desempenho favorável
4204608,42,SC,Sul,59.75,745.69,65.88,-6.1299999999999955,0.49500601730255345,0,Pressão de meta / risco intermediário
4121802,41,PR,Sul,85.68,767.16,76.22,9.460000000000008,0.4949961411590151,1,Melhor desempenho / menor risco
4203600,42,SC,Sul,64.77,754.51,69.34,-4.570000000000007,0.4944939191880637,0,Pressão de meta / risco intermediário
2608503,26,PE,Nordeste,79.42,764.04,73.36,6.060000000000002,0.49440983037917074,1,Melhor desempenho / menor risco
2108454,21,MA,Nordeste,70.53,759.81,64.71,5.820000000000007,0.4942554338271673,3,Desempenho favorável
4104451,41,PR,Sul,71.81,756.09,70.26,1.5499999999999972,0.494002515334139,0,Pressão de meta / risco intermediário
2707107,27,AL,Nordeste,25.08,709.32,40.17,-15.090000000000003,0.49385674982478234,2,Maior vulnerabilidade / maior risco
3158409,31,MG,Sudeste,73.26,765.87,80.0,-6.739999999999995,0.4938273636488468,0,Pressão de meta / risco intermediário
4206652,42,SC,Sul,38.7,725.44,55.89,-17.189999999999998,0.4937767281005798,2,Maior vulnerabilidade / maior risco
3142205,31,MG,Sudeste,79.2,761.52,80.0,-0.7999999999999972,0.4930211909226907,0,Pressão de meta / risco intermediário
2611533,26,PE,Nordeste,87.04,782.52,80.0,7.040000000000006,0.493015037098412,1,Melhor desempenho / menor risco
2614501,26,PE,Nordeste,58.71,743.81,63.44,-4.729999999999997,0.4929975889848816,3,Desempenho favorável
5007554,50,MS,Centro-Oeste,51.3,737.94,58.59,-7.290000000000006,0.49298319069204743,3,Desempenho favorável
4218103,42,SC,Sul,80.2,760.01,74.0,6.200000000000003,0.4928920006364858,1,Melhor desempenho / menor risco
3117702,31,MG,Sudeste,78.17,762.35,80.0,-1.8299999999999983,0.49250448277170944,0,Pressão de meta / risco intermediário
2608305,26,PE,Nordeste,68.61,749.2,66.95,1.6599999999999966,0.49214520767432945,0,Pressão de meta / risco intermediário
2512507,25,PB,Nordeste,92.65,801.82,80.0,12.650000000000006,0.49187694725891035,1,Melhor desempenho / menor risco
4219002,42,SC,Sul,71.86,760.47,72.37,-0.5100000000000051,0.4918682668028385,0,Pressão de meta / risco intermediário
2112902,21,MA,Nordeste,60.19,747.44,59.07,1.1199999999999974,0.491676556285803,3,Desempenho favorável
2615102,26,PE,Nordeste,76.08,761.86,71.97,4.109999999999999,0.49137667548126107,0,Pressão de meta / risco intermediário
4202404,42,SC,Sul,64.77,753.96,69.08,-4.310000000000002,0.4911077718232984,0,Pressão de meta / risco intermediário
3120805,31,MG,Sudeste,75.3,764.67,80.0,-4.700000000000003,0.4910016761788363,0,Pressão de meta / risco intermediário
3515806,35,SP,Sudeste,27.27,715.03,44.79,-17.52,0.49100068050727075,2,Maior vulnerabilidade / maior risco
2701902,27,AL,Nordeste,51.71,745.04,55.46,-3.75,0.49099197227173913,3,Desempenho favorável
4206900,42,SC,Sul,71.81,757.29,71.45,0.35999999999999943,0.49091018096024164,0,Pressão de meta / risco intermediário
2112001,21,MA,Nordeste,54.9,741.69,56.36,-1.4600000000000009,0.49084382819779393,3,Desempenho favorável
3502101,35,SP,Sudeste,65.48,757.73,64.49,0.9900000000000091,0.49082970788103814,0,Pressão de meta / risco intermediário
2604106,26,PE,Nordeste,58.37,743.22,63.13,-4.760000000000005,0.4905953421689252,3,Desempenho favorável
4123105,41,PR,Sul,91.5,776.99,80.0,11.5,0.4905745671409182,1,Melhor desempenho / menor risco
3137536,31,MG,Sudeste,76.48,763.84,80.0,-3.519999999999996,0.49054553567394726,0,Pressão de meta / risco intermediário
2110708,21,MA,Nordeste,50.11,736.79,54.0,-3.8900000000000006,0.4903758113512808,3,Desempenho favorável
3500907,35,SP,Sudeste,62.85,757.02,63.73,-0.8799999999999955,0.4902058048884828,0,Pressão de meta / risco intermediário
2609006,26,PE,Nordeste,81.95,768.15,74.88,7.070000000000007,0.4900385878472034,1,Melhor desempenho / menor risco
3501509,35,SP,Sudeste,91.84,779.88,76.03,15.810000000000002,0.48976146050358565,1,Melhor desempenho / menor risco
4127957,41,PR,Sul,79.06,763.29,73.61,5.450000000000003,0.4896242842788799,1,Melhor desempenho / menor risco
3519253,35,SP,Sudeste,42.77,738.83,54.53,-11.759999999999998,0.48960207784555043,2,Maior vulnerabilidade / maior risco
2804805,28,SE,Nordeste,29.8,712.26,35.42,-5.620000000000001,0.48951530231361073,2,Maior vulnerabilidade / maior risco
3539707,35,SP,Sudeste,84.61,778.33,74.09,10.519999999999996,0.4892441784107218,1,Melhor desempenho / menor risco
1701101,17,TO,Norte,35.78,730.72,44.85,-9.07,0.48916957584863996,2,Maior vulnerabilidade / maior risco
3521002,35,SP,Sudeste,44.75,733.05,53.32,-8.57,0.4889267924429986,2,Maior vulnerabilidade / maior risco
2615201,26,PE,Nordeste,71.07,751.04,67.85,3.219999999999999,0.4884650780977717,0,Pressão de meta / risco intermediário
5107008,51,MT,Centro-Oeste,46.03,736.69,57.77,-11.740000000000002,0.4883179319289431,2,Maior vulnerabilidade / maior risco
4209102,42,SC,Sul,68.79,756.24,70.43,-1.6400000000000006,0.4876094218687867,0,Pressão de meta / risco intermediário
2605004,26,PE,Nordeste,88.96,776.54,78.56,10.399999999999991,0.48724968535494634,1,Melhor desempenho / menor risco
2503209,25,PB,Nordeste,57.26,753.01,59.03,-1.7700000000000031,0.4869049978482711,3,Desempenho favorável
4217006,42,SC,Sul,68.64,756.22,70.37,-1.730000000000004,0.48687405188426636,0,Pressão de meta / risco intermediário
2703700,27,AL,Nordeste,40.27,733.13,49.67,-9.399999999999999,0.48685499416685957,2,Maior vulnerabilidade / maior risco
1504406,15,PA,Norte,45.42,729.75,43.72,1.7000000000000028,0.48675568177544176,3,Desempenho favorável
3522703,35,SP,Sudeste,77.38,772.59,70.92,6.459999999999994,0.4864797385230181,1,Melhor desempenho / menor risco
3535200,35,SP,Sudeste,83.91,769.92,71.53,12.379999999999995,0.4864127418953492,1,Melhor desempenho / menor risco
4112405,41,PR,Sul,80.87,768.93,75.43,5.439999999999998,0.4860669759763855,1,Melhor desempenho / menor risco
2103554,21,MA,Nordeste,54.26,739.59,55.49,-1.230000000000004,0.4859172406104105,3,Desempenho favorável
2406155,24,RN,Nordeste,33.33,728.62,41.43,-8.100000000000001,0.4855189895530998,2,Maior vulnerabilidade / maior risco
5101407,51,MT,Centro-Oeste,61.83,757.18,66.61,-4.780000000000001,0.48544682890118046,0,Pressão de meta / risco intermediário
2612505,26,PE,Nordeste,55.94,740.44,61.69,-5.75,0.4852964493771528,3,Desempenho favorável
2604502,26,PE,Nordeste,58.51,744.67,63.39,-4.880000000000003,0.48527113250083354,3,Desempenho favorável
2403301,24,RN,Nordeste,67.02,763.67,58.07,8.949999999999996,0.4850185785475713,3,Desempenho favorável
2616209,26,PE,Nordeste,56.85,745.29,63.2,-6.350000000000001,0.48470227647802727,3,Desempenho favorável
2402501,24,RN,Nordeste,42.31,726.1,42.55,-0.23999999999999488,0.484258567779539,3,Desempenho favorável
4100103,41,PR,Sul,57.74,744.7,63.89,-6.149999999999999,0.4842234074895806,0,Pressão de meta / risco intermediário
2105153,21,MA,Nordeste,77.64,759.52,65.78,11.86,0.4842201246129563,1,Melhor desempenho / menor risco
4124905,41,PR,Sul,93.06,776.56,80.0,13.060000000000002,0.4841878832354559,1,Melhor desempenho / menor risco
1101302,11,RO,Norte,73.82,753.29,65.98,7.839999999999989,0.4840854127720073,3,Desempenho favorável
3528403,35,SP,Sudeste,49.33,737.0,55.2,-5.8700000000000045,0.48394127524718594,3,Desempenho favorável
2500577,25,PB,Nordeste,50.16,746.99,55.8,-5.640000000000001,0.4838442886636072,3,Desempenho favorável
2408607,24,RN,Nordeste,27.59,713.72,36.07,-8.48,0.4838272367329946,2,Maior vulnerabilidade / maior risco
2509396,25,PB,Nordeste,60.76,755.06,60.21,0.5499999999999972,0.4834428825815521,3,Desempenho favorável
2412559,24,RN,Nordeste,30.54,721.64,38.85,-8.310000000000002,0.4832165004079788,2,Maior vulnerabilidade / maior risco
4122800,41,PR,Sul,93.11,776.66,80.0,13.11,0.4829974643279053,1,Melhor desempenho / menor risco
5220264,52,GO,Centro-Oeste,67.1,755.16,80.0,-12.900000000000006,0.48285878868851406,0,Pressão de meta / risco intermediário
2706901,27,AL,Nordeste,45.81,733.72,50.85,-5.039999999999999,0.48282226906603504,3,Desempenho favorável
4120002,41,PR,Sul,87.25,766.82,76.06,11.189999999999998,0.4827467044505278,1,Melhor desempenho / menor risco
4202156,42,SC,Sul,80.41,764.96,75.08,5.329999999999998,0.4824871057175467,1,Melhor desempenho / menor risco
4120101,41,PR,Sul,76.84,763.5,72.98,3.8599999999999994,0.48244518546947035,0,Pressão de meta / risco intermediário
2602001,26,PE,Nordeste,47.32,728.28,56.45,-9.130000000000003,0.48228999436550934,2,Maior vulnerabilidade / maior risco
2804458,28,SE,Nordeste,59.01,748.48,51.24,7.769999999999996,0.48220975636397195,3,Desempenho favorável
2414753,24,RN,Nordeste,53.85,757.43,53.53,0.3200000000000003,0.48214541476188666,3,Desempenho favorável
2600054,26,PE,Nordeste,46.4,734.61,58.0,-11.600000000000001,0.48198608529147835,2,Maior vulnerabilidade / maior risco
3205150,32,ES,Sudeste,61.4,753.19,76.22,-14.82,0.4816196071702114,0,Pressão de meta / risco intermediário
2103000,21,MA,Nordeste,55.15,739.09,55.39,-0.240000000000002,0.4813476540124657,3,Desempenho favorável
3552502,35,SP,Sudeste,46.82,735.49,54.18,-7.359999999999999,0.4813232936774861,2,Maior vulnerabilidade / maior risco
4205704,42,SC,Sul,75.75,763.01,73.53,2.219999999999999,0.4810040267462767,0,Pressão de meta / risco intermediário
3501905,35,SP,Sudeste,59.94,751.95,61.42,-1.480000000000004,0.48059293691825894,3,Desempenho favorável
3545506,35,SP,Sudeste,89.83,794.49,79.36,10.469999999999999,0.4805670904006182,1,Melhor desempenho / menor risco
4108809,41,PR,Sul,69.53,753.5,68.64,0.8900000000000006,0.4804418609726775,0,Pressão de meta / risco intermediário
5207402,52,GO,Centro-Oeste,72.29,751.56,80.0,-7.709999999999994,0.4804163524308087,0,Pressão de meta / risco intermediário
5002159,50,MS,Centro-Oeste,46.43,733.74,56.02,-9.590000000000003,0.48038379357602834,2,Maior vulnerabilidade / maior risco
2603900,26,PE,Nordeste,92.5,779.9,80.0,12.5,0.48032754849481085,1,Melhor desempenho / menor risco
1502509,15,PA,Norte,74.09,753.99,56.14,17.950000000000003,0.4801900839800859,3,Desempenho favorável
2609501,26,PE,Nordeste,56.96,744.98,62.99,-6.030000000000001,0.48009464166945975,3,Desempenho favorável
3555505,35,SP,Sudeste,56.25,745.81,58.94,-2.6899999999999977,0.47997961210483925,3,Desempenho favorável
2209500,22,PI,Nordeste,85.37,785.81,75.43,9.939999999999998,0.4798333749052653,1,Melhor desempenho / menor risco
2200202,22,PI,Nordeste,91.98,797.43,80.0,11.980000000000004,0.4795463278278383,1,Melhor desempenho / menor risco
1100700,11,RO,Norte,71.94,755.5,66.05,5.890000000000001,0.4793163183670755,3,Desempenho favorável
4126652,41,PR,Sul,74.93,752.39,69.39,5.540000000000006,0.47857070023363446,0,Pressão de meta / risco intermediário
2610905,26,PE,Nordeste,64.38,751.48,66.27,-1.8900000000000006,0.47849026318260507,0,Pressão de meta / risco intermediário
4101051,41,PR,Sul,69.97,751.43,68.09,1.8799999999999955,0.47828925433989217,0,Pressão de meta / risco intermediário
4213351,42,SC,Sul,70.19,751.91,69.21,0.980000000000004,0.47781850698125633,0,Pressão de meta / risco intermediário
3548005,35,SP,Sudeste,62.07,755.28,62.69,-0.6199999999999974,0.4777422793516168,3,Desempenho favorável
3122504,31,MG,Sudeste,73.35,754.42,76.33,-2.980000000000004,0.47742619696269195,0,Pressão de meta / risco intermediário
3532207,35,SP,Sudeste,60.6,753.67,61.93,-1.3299999999999983,0.4773994278667329,3,Desempenho favorável
2110278,21,MA,Nordeste,39.84,722.54,47.51,-7.669999999999995,0.47699547257162295,2,Maior vulnerabilidade / maior risco
2607109,26,PE,Nordeste,89.89,778.62,78.99,10.900000000000006,0.47668078364160865,1,Melhor desempenho / menor risco
2707909,27,AL,Nordeste,38.52,723.59,46.34,-7.82,0.4764909996078677,2,Maior vulnerabilidade / maior risco
4214201,42,SC,Sul,70.08,759.44,71.22,-1.1400000000000006,0.47628660245154036,0,Pressão de meta / risco intermediário
3553955,35,SP,Sudeste,91.72,795.93,80.0,11.719999999999999,0.47590441226384445,1,Melhor desempenho / menor risco
4123600,41,PR,Sul,100.0,772.35,80.0,20.0,0.4756937897173478,1,Melhor desempenho / menor risco
1500958,15,PA,Norte,55.54,739.05,48.03,7.509999999999998,0.4756783542567555,3,Desempenho favorável
3510203,35,SP,Sudeste,74.63,765.67,68.09,6.539999999999992,0.47556782368824696,1,Melhor desempenho / menor risco
3502903,35,SP,Sudeste,56.16,747.91,59.35,-3.190000000000005,0.47522237005595125,3,Desempenho favorável
2700607,27,AL,Nordeste,39.04,723.15,46.28,-7.240000000000002,0.4750547567233895,2,Maior vulnerabilidade / maior risco
2705309,27,AL,Nordeste,27.99,726.14,44.81,-16.820000000000004,0.4746889188160446,2,Maior vulnerabilidade / maior risco
2907400,29,BA,Nordeste,25.71,715.91,24.3,1.4100000000000001,0.4743669474155619,2,Maior vulnerabilidade / maior risco
3112802,31,MG,Sudeste,78.93,763.88,80.0,-1.0699999999999932,0.47432590715044226,0,Pressão de meta / risco intermediário
2800308,28,SE,Nordeste,47.18,734.0,44.53,2.6499999999999986,0.47404319256503064,3,Desempenho favorável
3204807,32,ES,Sudeste,62.35,753.25,76.18,-13.830000000000005,0.4736972280542976,0,Pressão de meta / risco intermediário
3506102,35,SP,Sudeste,55.75,746.7,58.87,-3.1199999999999974,0.47332254843310595,3,Desempenho favorável
2203255,22,PI,Nordeste,27.56,726.83,46.96,-19.400000000000002,0.4732258543367352,2,Maior vulnerabilidade / maior risco
3554656,35,SP,Sudeste,30.77,724.38,47.52,-16.750000000000004,0.472875349353205,2,Maior vulnerabilidade / maior risco
4118451,41,PR,Sul,90.41,779.92,80.0,10.409999999999997,0.4722604217873637,1,Melhor desempenho / menor risco
2505501,25,PB,Nordeste,58.31,741.69,55.64,2.6700000000000017,0.4719445059607011,3,Desempenho favorável
4217105,42,SC,Sul,70.0,762.14,71.8,-1.7999999999999972,0.4715972444757936,0,Pressão de meta / risco intermediário
4202438,42,SC,Sul,28.06,721.9,52.0,-23.94,0.4714929288487867,2,Maior vulnerabilidade / maior risco
4216701,42,SC,Sul,82.26,773.47,77.46,4.800000000000011,0.4713692715480142,1,Melhor desempenho / menor risco
4206108,42,SC,Sul,70.23,755.16,69.91,0.3200000000000074,0.4713492342664029,0,Pressão de meta / risco intermediário
2603405,26,PE,Nordeste,86.03,771.72,76.11,9.920000000000002,0.471226463509889,1,Melhor desempenho / menor risco
2509503,25,PB,Nordeste,82.33,777.17,70.39,11.939999999999998,0.47115353242430486,1,Melhor desempenho / menor risco
2310605,23,CE,Nordeste,63.67,757.32,78.38,-14.709999999999994,0.4708056039029696,0,Pressão de meta / risco intermediário
3111101,31,MG,Sudeste,75.03,760.23,78.07,-3.039999999999992,0.4707438665928993,0,Pressão de meta / risco intermediário
4218301,42,SC,Sul,47.98,734.75,59.64,-11.660000000000004,0.4705106005421,2,Maior vulnerabilidade / maior risco
4126405,41,PR,Sul,90.98,779.71,80.0,10.980000000000004,0.4703901654538204,1,Melhor desempenho / menor risco
3551009,35,SP,Sudeste,47.93,738.65,54.93,-7.0,0.47027133646025054,3,Desempenho favorável
2210375,22,PI,Nordeste,61.11,769.21,65.51,-4.400000000000006,0.4699922465424762,0,Pressão de meta / risco intermediário
3131208,31,MG,Sudeste,77.67,762.36,79.18,-1.5100000000000051,0.4699705645549098,0,Pressão de meta / risco intermediário
2608206,26,PE,Nordeste,47.34,740.69,59.49,-12.149999999999999,0.46992962880727995,2,Maior vulnerabilidade / maior risco
3527207,35,SP,Sudeste,47.82,737.15,54.48,-6.659999999999997,0.4698781344731417,3,Desempenho favorável
4108650,41,PR,Sul,90.42,780.21,80.0,10.420000000000002,0.46968898559251027,1,Melhor desempenho / menor risco
2203206,22,PI,Nordeste,81.77,776.98,71.92,9.849999999999994,0.4696777508578525,1,Melhor desempenho / menor risco
2111706,21,MA,Nordeste,76.82,766.97,67.18,9.639999999999986,0.4688819267040997,1,Melhor desempenho / menor risco
2701308,27,AL,Nordeste,33.4,712.53,41.98,-8.579999999999998,0.46886669382199686,2,Maior vulnerabilidade / maior risco
2507507,25,PB,Nordeste,55.87,750.58,57.49,-1.6200000000000045,0.4687209242021458,3,Desempenho favorável
3541604,35,SP,Sudeste,79.12,775.02,71.38,7.740000000000009,0.46858555476758845,1,Melhor desempenho / menor risco
2402303,24,RN,Nordeste,39.56,722.99,40.62,-1.0599999999999952,0.4685578900241961,2,Maior vulnerabilidade / maior risco
2505105,25,PB,Nordeste,62.2,755.79,60.23,1.970000000000006,0.4684329427096127,3,Desempenho favorável
1200450,12,AC,Norte,43.66,728.22,50.47,-6.810000000000002,0.46828343347602797,2,Maior vulnerabilidade / maior risco
3110004,31,MG,Sudeste,70.95,754.2,75.47,-4.519999999999996,0.46795130018176256,0,Pressão de meta / risco intermediário
4102208,41,PR,Sul,88.32,781.99,80.0,8.319999999999993,0.46788112669261966,1,Melhor desempenho / menor risco
5006200,50,MS,Centro-Oeste,69.44,752.1,65.43,4.009999999999991,0.46713106901097823,3,Desempenho favorável
3528502,35,SP,Sudeste,63.31,757.33,63.17,0.14000000000000057,0.46701028048415943,3,Desempenho favorável
5003488,50,MS,Centro-Oeste,39.87,723.05,51.28,-11.410000000000004,0.46698524419122545,2,Maior vulnerabilidade / maior risco
1711803,17,TO,Norte,49.1,738.82,49.13,-0.030000000000001137,0.4668302687339229,3,Desempenho favorável
3136801,31,MG,Sudeste,55.56,741.14,68.64,-13.079999999999998,0.46678810075272154,0,Pressão de meta / risco intermediário
3524402,35,SP,Sudeste,51.48,742.75,56.68,-5.200000000000003,0.4665992614036658,3,Desempenho favorável
5104203,51,MT,Centro-Oeste,84.49,790.85,80.0,4.489999999999995,0.46655242602268415,1,Melhor desempenho / menor risco
4211454,42,SC,Sul,71.17,760.48,71.4,-0.23000000000000398,0.4658776692763448,0,Pressão de meta / risco intermediário
3161304,31,MG,Sudeste,73.5,760.19,77.58,-4.079999999999998,0.4656640544498699,0,Pressão de meta / risco intermediário
2804003,28,SE,Nordeste,31.19,719.61,36.97,-5.779999999999998,0.4654319860517579,2,Maior vulnerabilidade / maior risco
2608602,26,PE,Nordeste,85.39,768.5,74.9,10.489999999999995,0.46536791602474437,1,Melhor desempenho / menor risco
4204202,42,SC,Sul,56.25,744.91,63.99,-7.740000000000002,0.46523669181839405,0,Pressão de meta / risco intermediário
3125408,31,MG,Sudeste,79.38,764.65,80.0,-0.6200000000000045,0.46476401936766265,0,Pressão de meta / risco intermediário
2708006,27,AL,Nordeste,44.16,729.22,48.68,-4.520000000000003,0.4645282225075246,2,Maior vulnerabilidade / maior risco
2103406,21,MA,Nordeste,76.13,766.81,66.85,9.280000000000001,0.464412626898464,1,Melhor desempenho / menor risco
3506003,35,SP,Sudeste,50.56,739.04,55.39,-4.829999999999998,0.46428461053677056,3,Desempenho favorável
3504909,35,SP,Sudeste,58.62,743.33,58.24,0.37999999999999545,0.4642032473848928,3,Desempenho favorável
2706307,27,AL,Nordeste,38.67,725.82,46.59,-7.920000000000002,0.46406455533778074,2,Maior vulnerabilidade / maior risco
3528809,35,SP,Sudeste,91.17,797.78,80.0,11.170000000000002,0.46347335868195155,1,Melhor desempenho / menor risco
2616001,26,PE,Nordeste,59.29,741.59,61.99,-2.700000000000003,0.4630645936413994,3,Desempenho favorável
2504157,25,PB,Nordeste,58.51,752.49,58.37,0.14000000000000057,0.4626657680185814,3,Desempenho favorável
5217203,52,GO,Centro-Oeste,68.65,751.51,78.66,-10.009999999999991,0.46248393862799037,0,Pressão de meta / risco intermediário
4121604,41,PR,Sul,82.55,764.12,73.69,8.86,0.4623640847336085,1,Melhor desempenho / menor risco
2605301,26,PE,Nordeste,55.21,752.98,64.27,-9.059999999999995,0.46228080270142086,0,Pressão de meta / risco intermediário
1200609,12,AC,Norte,45.18,732.41,51.74,-6.560000000000002,0.4619571039641844,2,Maior vulnerabilidade / maior risco
2109007,21,MA,Nordeste,74.09,762.81,65.23,8.86,0.4615305776579458,1,Melhor desempenho / menor risco
3503901,35,SP,Sudeste,60.67,749.79,60.36,0.3100000000000023,0.4614024540650728,3,Desempenho favorável
3142007,31,MG,Sudeste,48.06,737.18,65.82,-17.75999999999999,0.4613442665578675,2,Maior vulnerabilidade / maior risco
2412104,24,RN,Nordeste,71.7,767.73,59.4,12.300000000000004,0.4612443604356919,3,Desempenho favorável
2612471,26,PE,Nordeste,87.09,774.49,76.77,10.320000000000007,0.461078493160595,1,Melhor desempenho / menor risco
2805703,28,SE,Nordeste,29.59,714.94,35.2,-5.610000000000003,0.46080994251935337,2,Maior vulnerabilidade / maior risco
4215604,42,SC,Sul,86.49,780.78,80.0,6.489999999999995,0.46026758806924545,1,Melhor desempenho / menor risco
4215695,42,SC,Sul,81.82,768.41,75.61,6.209999999999994,0.4601227200170071,1,Melhor desempenho / menor risco
2401453,24,RN,Nordeste,44.48,741.46,46.46,-1.980000000000004,0.45971257501165463,3,Desempenho favorável
4125357,41,PR,Sul,90.23,767.23,76.05,14.180000000000007,0.45962565015096946,1,Melhor desempenho / menor risco
4210605,42,SC,Sul,77.07,765.45,73.79,3.279999999999987,0.4595146071598917,1,Melhor desempenho / menor risco
3120870,31,MG,Sudeste,80.36,762.61,79.47,0.8900000000000006,0.45950221281421016,0,Pressão de meta / risco intermediário
3518800,35,SP,Sudeste,44.19,733.02,52.23,-8.04,0.4587149029960589,2,Maior vulnerabilidade / maior risco
3140209,31,MG,Sudeste,59.26,744.71,70.12,-10.860000000000007,0.4583022340742732,0,Pressão de meta / risco intermediário
3123858,31,MG,Sudeste,77.45,763.38,79.04,-1.5900000000000034,0.4582201424298309,0,Pressão de meta / risco intermediário
4208401,42,SC,Sul,78.16,766.27,74.19,3.969999999999999,0.45789186946416055,1,Melhor desempenho / menor risco
3525003,35,SP,Sudeste,51.39,742.1,56.19,-4.799999999999997,0.45750060376677143,3,Desempenho favorável
3159357,31,MG,Sudeste,58.94,735.15,67.37,-8.430000000000007,0.45702640155813923,0,Pressão de meta / risco intermediário
5103379,51,MT,Centro-Oeste,62.71,755.47,65.41,-2.6999999999999957,0.4570229185862827,0,Pressão de meta / risco intermediário
1501782,15,PA,Norte,50.55,736.97,45.82,4.729999999999997,0.4568434086246242,3,Desempenho favorável
2600203,26,PE,Nordeste,59.87,745.19,62.89,-3.020000000000003,0.45635829446294135,3,Desempenho favorável
3136553,31,MG,Sudeste,77.36,764.85,79.35,-1.9899999999999949,0.4557981524881957,0,Pressão de meta / risco intermediário
2201101,22,PI,Nordeste,44.97,739.07,53.38,-8.410000000000004,0.4556297020230514,3,Desempenho favorável
3162005,31,MG,Sudeste,76.14,758.67,77.38,-1.2399999999999949,0.455509812277935,0,Pressão de meta / risco intermediário
3116209,31,MG,Sudeste,76.01,761.98,78.26,-2.25,0.4552554755405871,0,Pressão de meta / risco intermediário
2608404,26,PE,Nordeste,60.64,742.04,62.13,-1.490000000000002,0.45485182351434583,3,Desempenho favorável
4212700,42,SC,Sul,66.84,757.48,69.32,-2.4799999999999898,0.4548012364282955,0,Pressão de meta / risco intermediário
4210035,42,SC,Sul,79.74,768.72,75.09,4.6499999999999915,0.454653511182755,1,Melhor desempenho / menor risco
4219176,42,SC,Sul,67.69,756.85,69.31,-1.6200000000000045,0.45444038303145906,0,Pressão de meta / risco intermediário
2703908,27,AL,Nordeste,44.34,729.72,48.53,-4.189999999999998,0.45438525163915205,3,Desempenho favorável
2700904,27,AL,Nordeste,98.82,802.81,80.0,18.819999999999993,0.45435170498053584,1,Melhor desempenho / menor risco
2517100,25,PB,Nordeste,62.96,760.15,61.14,1.8200000000000003,0.4543226610573869,3,Desempenho favorável
3513603,35,SP,Sudeste,58.09,750.28,59.73,-1.6399999999999935,0.45417656591765876,3,Desempenho favorável
2616308,26,PE,Nordeste,68.15,746.21,64.81,3.3400000000000034,0.4540520656975074,3,Desempenho favorável
4209201,42,SC,Sul,75.0,765.31,73.13,1.8700000000000045,0.45349707251144844,0,Pressão de meta / risco intermediário
3112208,31,MG,Sudeste,77.37,767.48,80.0,-2.6299999999999955,0.4533359232034427,0,Pressão de meta / risco intermediário
2802601,28,SE,Nordeste,16.67,726.83,35.57,-18.9,0.45316703228457145,2,Maior vulnerabilidade / maior risco
2613008,26,PE,Nordeste,64.03,745.67,63.76,0.2700000000000031,0.452534680176874,3,Desempenho favorável
1200104,12,AC,Norte,46.68,736.98,53.01,-6.329999999999998,0.4525036127182367,3,Desempenho favorável
2108504,21,MA,Nordeste,51.09,738.12,53.35,-2.259999999999998,0.4522345762977184,3,Desempenho favorável
4200408,42,SC,Sul,72.41,754.78,69.64,2.769999999999996,0.45214709587324053,0,Pressão de meta / risco intermediário
5008305,50,MS,Centro-Oeste,82.99,771.24,73.04,9.949999999999989,0.4520739924082857,1,Melhor desempenho / menor risco
2606408,26,PE,Nordeste,43.1,727.24,54.32,-11.219999999999999,0.4520017959732198,2,Maior vulnerabilidade / maior risco
4112959,41,PR,Sul,63.48,753.05,66.35,-2.8699999999999974,0.45188706452313376,0,Pressão de meta / risco intermediário
3157203,31,MG,Sudeste,66.55,750.72,73.07,-6.519999999999996,0.45149102395155943,0,Pressão de meta / risco intermediário
4213807,42,SC,Sul,69.36,759.2,70.21,-0.8499999999999943,0.45148689832605393,0,Pressão de meta / risco intermediário
3526704,35,SP,Sudeste,61.7,755.06,61.71,-0.00999999999999801,0.4514432265980754,3,Desempenho favorável
2509156,25,PB,Nordeste,98.16,802.38,80.0,18.159999999999997,0.4514271817698206,1,Melhor desempenho / menor risco
5000807,50,MS,Centro-Oeste,80.11,762.27,69.94,10.170000000000002,0.451305881235032,1,Melhor desempenho / menor risco
2412807,24,RN,Nordeste,25.47,716.51,35.36,-9.89,0.451256260267904,2,Maior vulnerabilidade / maior risco
3141405,31,MG,Sudeste,65.7,752.27,73.31,-7.609999999999999,0.4510951871205182,0,Pressão de meta / risco intermediário
3166204,31,MG,Sudeste,77.94,767.33,80.0,-2.0600000000000023,0.4509610514118684,0,Pressão de meta / risco intermediário
4217956,42,SC,Sul,91.64,775.68,79.33,12.310000000000002,0.4501530597808909,1,Melhor desempenho / menor risco
4106852,41,PR,Sul,94.52,779.42,80.0,14.519999999999996,0.45007223446991873,1,Melhor desempenho / menor risco
3168507,31,MG,Sudeste,75.97,757.52,76.85,-0.8799999999999955,0.45000848609203004,0,Pressão de meta / risco intermediário
4115853,41,PR,Sul,93.06,780.53,80.0,13.060000000000002,0.4499180353586987,1,Melhor desempenho / menor risco
2503308,25,PB,Nordeste,52.23,743.48,54.17,-1.9400000000000048,0.4498826304617965,3,Desempenho favorável
2603108,26,PE,Nordeste,63.59,748.39,64.3,-0.7099999999999937,0.4487765481560989,3,Desempenho favorável
2610707,26,PE,Nordeste,55.54,741.11,60.62,-5.079999999999998,0.44868737308765155,3,Desempenho favorável
2102705,21,MA,Nordeste,70.83,754.54,61.85,8.979999999999997,0.44847187148970324,3,Desempenho favorável
3545803,35,SP,Sudeste,64.2,757.94,62.92,1.2800000000000011,0.44824039629854273,3,Desempenho favorável
4205209,42,SC,Sul,58.15,746.15,64.17,-6.020000000000003,0.44793619424975634,3,Desempenho favorável
4219507,42,SC,Sul,72.14,760.01,70.88,1.2600000000000051,0.44748819397027184,0,Pressão de meta / risco intermediário
3514700,35,SP,Sudeste,95.07,791.27,78.49,16.58,0.44739155451159374,1,Melhor desempenho / menor risco
5001003,50,MS,Centro-Oeste,57.5,746.47,60.77,-3.270000000000003,0.4473679235137589,3,Desempenho favorável
3529203,35,SP,Sudeste,63.56,754.62,61.84,1.7199999999999989,0.44731427263047707,3,Desempenho favorável
3159902,31,MG,Sudeste,80.3,765.99,80.0,0.29999999999999716,0.44731118052684243,1,Melhor desempenho / menor risco
3161601,31,MG,Sudeste,70.0,747.0,72.62,-2.6200000000000045,0.4472993832493838,0,Pressão de meta / risco intermediário
4207908,42,SC,Sul,79.25,767.29,74.35,4.900000000000006,0.4470924371167717,1,Melhor desempenho / menor risco
2702504,27,AL,Nordeste,64.23,747.54,57.32,6.910000000000004,0.4466444403269487,3,Desempenho favorável
2205458,22,PI,Nordeste,43.83,733.78,51.39,-7.560000000000002,0.44656120842655145,2,Maior vulnerabilidade / maior risco
2103257,21,MA,Nordeste,86.24,775.53,70.76,15.47999999999999,0.44601603509424337,1,Melhor desempenho / menor risco
3553708,35,SP,Sudeste,72.83,769.76,67.9,4.929999999999993,0.4460022092647745,1,Melhor desempenho / menor risco
1703883,17,TO,Norte,27.47,726.24,40.51,-13.04,0.4459841071356266,2,Maior vulnerabilidade / maior risco
2601201,26,PE,Nordeste,70.04,750.74,66.19,3.8500000000000085,0.44587941750491805,3,Desempenho favorável
5002100,50,MS,Centro-Oeste,48.18,734.24,55.41,-7.229999999999997,0.44576033958794165,3,Desempenho favorável
2803104,28,SE,Nordeste,33.65,712.61,34.9,-1.25,0.4454057022600198,2,Maior vulnerabilidade / maior risco
3538006,35,SP,Sudeste,63.8,758.31,62.84,0.9599999999999937,0.4451518466778609,3,Desempenho favorável
2513802,25,PB,Nordeste,42.77,746.81,52.98,-10.209999999999994,0.4450901042956789,3,Desempenho favorável
3520103,35,SP,Sudeste,55.6,746.12,57.77,-2.1700000000000017,0.4450129475070616,3,Desempenho favorável
4101150,41,PR,Sul,86.15,786.32,80.0,6.150000000000006,0.44458760592179786,1,Melhor desempenho / menor risco
5102637,51,MT,Centro-Oeste,69.9,760.85,67.98,1.9200000000000017,0.4444703048873827,0,Pressão de meta / risco intermediário
4108320,41,PR,Sul,80.22,762.81,72.27,7.950000000000003,0.44444995697669587,1,Melhor desempenho / menor risco
3552106,35,SP,Sudeste,59.71,752.42,60.34,-0.6300000000000026,0.44434668072190625,3,Desempenho favorável
2411205,24,RN,Nordeste,32.73,717.61,36.93,-4.200000000000003,0.4439550366876318,2,Maior vulnerabilidade / maior risco
3518305,35,SP,Sudeste,76.97,773.21,69.64,7.329999999999998,0.44383835318702125,1,Melhor desempenho / menor risco
4214508,42,SC,Sul,74.29,762.22,71.81,2.480000000000004,0.4435965880537791,0,Pressão de meta / risco intermediário
3537602,35,SP,Sudeste,46.81,733.43,52.38,-5.57,0.4430222465115828,3,Desempenho favorável
4114906,41,PR,Sul,84.99,767.64,74.54,10.449999999999989,0.44285193646202736,1,Melhor desempenho / menor risco
4122909,41,PR,Sul,73.64,757.94,69.49,4.150000000000006,0.4421865247812743,0,Pressão de meta / risco intermediário
2501708,25,PB,Nordeste,78.61,770.48,66.84,11.769999999999996,0.4421622294558867,1,Melhor desempenho / menor risco
2405207,24,RN,Nordeste,37.93,721.4,38.99,-1.0600000000000023,0.4420043288518507,2,Maior vulnerabilidade / maior risco
3546306,35,SP,Sudeste,59.69,749.33,59.4,0.28999999999999915,0.4418188059773818,3,Desempenho favorável
3535507,35,SP,Sudeste,56.93,748.22,58.52,-1.5900000000000034,0.4417435484956387,3,Desempenho favorável
3139201,31,MG,Sudeste,77.47,761.67,78.03,-0.5600000000000023,0.4414070258174553,0,Pressão de meta / risco intermediário
3523602,35,SP,Sudeste,69.9,765.35,65.91,3.990000000000009,0.4408920818208803,3,Desempenho favorável
3141306,31,MG,Sudeste,78.57,768.11,80.0,-1.4300000000000068,0.44023769241187083,0,Pressão de meta / risco intermediário
4125001,41,PR,Sul,73.17,751.23,67.47,5.700000000000003,0.44008800175322005,3,Desempenho favorável
4127304,41,PR,Sul,81.46,763.19,72.48,8.97999999999999,0.43976194098804405,1,Melhor desempenho / menor risco
2111805,21,MA,Nordeste,54.44,740.91,54.41,0.030000000000001137,0.43970809526438803,3,Desempenho favorável
4202503,42,SC,Sul,28.72,729.17,53.12,-24.4,0.43956088920213165,2,Maior vulnerabilidade / maior risco
3140100,31,MG,Sudeste,56.14,743.66,68.55,-12.409999999999997,0.43860736310379894,0,Pressão de meta / risco intermediário
1706506,17,TO,Norte,45.61,732.67,45.8,-0.18999999999999773,0.4386001753917954,3,Desempenho favorável
4210407,42,SC,Sul,61.81,749.43,65.51,-3.700000000000003,0.4379172836526228,0,Pressão de meta / risco intermediário
3534203,35,SP,Sudeste,48.15,743.41,55.25,-7.100000000000001,0.4378861320325235,3,Desempenho favorável
3142403,31,MG,Sudeste,81.94,765.87,80.0,1.9399999999999977,0.4378395276831115,1,Melhor desempenho / menor risco
3112505,31,MG,Sudeste,77.92,762.66,78.27,-0.3499999999999943,0.4374891519532811,0,Pressão de meta / risco intermediário
3504305,35,SP,Sudeste,65.24,760.09,63.38,1.8599999999999923,0.4374215622256393,3,Desempenho favorável
3108552,31,MG,Sudeste,76.71,761.59,77.71,-1.0,0.43705695962158747,0,Pressão de meta / risco intermediário
2702702,27,AL,Nordeste,45.9,738.93,50.82,-4.920000000000002,0.4364480245665687,3,Desempenho favorável
3121407,31,MG,Sudeste,79.93,767.54,80.0,-0.06999999999999318,0.4364176349014779,1,Melhor desempenho / menor risco
2702603,27,AL,Nordeste,44.46,733.46,49.0,-4.539999999999999,0.43613776315623926,3,Desempenho favorável
1712801,17,TO,Norte,20.67,712.08,34.87,-14.199999999999996,0.43610415108962064,2,Maior vulnerabilidade / maior risco
2211001,22,PI,Nordeste,57.25,750.83,58.54,-1.2899999999999991,0.4360893024753386,3,Desempenho favorável
3517109,35,SP,Sudeste,86.84,780.93,73.56,13.280000000000001,0.43595066251159825,1,Melhor desempenho / menor risco
2805406,28,SE,Nordeste,26.61,709.56,32.28,-5.670000000000002,0.43547467749727187,2,Maior vulnerabilidade / maior risco
2613404,26,PE,Nordeste,39.24,730.77,53.96,-14.719999999999999,0.43534755967644634,2,Maior vulnerabilidade / maior risco
5101803,51,MT,Centro-Oeste,68.34,760.57,67.28,1.0600000000000023,0.435194131893431,0,Pressão de meta / risco intermediário
4100301,41,PR,Sul,87.51,775.88,77.09,10.420000000000002,0.4351551313062654,1,Melhor desempenho / menor risco
2101970,21,MA,Nordeste,80.0,766.03,66.49,13.510000000000005,0.43508513518232317,1,Melhor desempenho / menor risco
3148608,31,MG,Sudeste,61.48,743.81,69.58,-8.100000000000001,0.43503653135741294,0,Pressão de meta / risco intermediário
2203230,22,PI,Nordeste,92.5,802.23,80.0,12.5,0.4349011464549569,1,Melhor desempenho / menor risco
4202859,42,SC,Sul,64.21,756.83,67.94,-3.730000000000004,0.4344605072898244,0,Pressão de meta / risco intermediário
5105903,51,MT,Centro-Oeste,60.61,756.3,64.47,-3.8599999999999994,0.4342332189448745,3,Desempenho favorável
5002308,50,MS,Centro-Oeste,60.76,746.29,60.95,-0.19000000000000483,0.43362578937615825,3,Desempenho favorável
4107546,41,PR,Sul,81.78,770.8,74.44,7.340000000000003,0.4332809302346551,1,Melhor desempenho / menor risco
3555901,35,SP,Sudeste,100.0,794.7,80.0,20.0,0.43323914925657664,1,Melhor desempenho / menor risco
3540259,35,SP,Sudeste,51.66,744.19,56.02,-4.3600000000000065,0.4325982082709802,3,Desempenho favorável
3520806,35,SP,Sudeste,94.72,798.73,80.0,14.719999999999999,0.4325518363609198,1,Melhor desempenho / menor risco
3150000,31,MG,Sudeste,77.59,769.78,80.0,-2.4099999999999966,0.4322432520957195,0,Pressão de meta / risco intermediário
2609907,26,PE,Nordeste,30.78,722.26,49.75,-18.97,0.4320170007806575,2,Maior vulnerabilidade / maior risco
3550704,35,SP,Sudeste,44.38,735.42,52.07,-7.689999999999998,0.4319767062868731,3,Desempenho favorável
4123402,41,PR,Sul,64.71,751.89,65.62,-0.9100000000000108,0.43135266459355676,3,Desempenho favorável
2919900,29,BA,Nordeste,12.5,695.94,14.66,-2.16,0.4312443309086708,2,Maior vulnerabilidade / maior risco
3540754,35,SP,Sudeste,46.58,738.28,53.29,-6.710000000000001,0.43118975039205243,3,Desempenho favorável
3100906,31,MG,Sudeste,69.23,744.47,71.23,-2.0,0.43087760641419476,0,Pressão de meta / risco intermediário
3553005,35,SP,Sudeste,71.38,764.19,65.57,5.810000000000002,0.43085293567240723,3,Desempenho favorável
3128402,31,MG,Sudeste,77.84,769.77,80.0,-2.1599999999999966,0.43073695357630487,0,Pressão de meta / risco intermediário
5108204,51,MT,Centro-Oeste,88.61,791.95,80.0,8.61,0.43068286670551503,1,Melhor desempenho / menor risco
2615607,26,PE,Nordeste,69.13,753.59,66.29,2.839999999999989,0.43044252469130206,3,Desempenho favorável
3528106,35,SP,Sudeste,96.3,797.8,80.0,16.299999999999997,0.43040892328238667,1,Melhor desempenho / menor risco
3115508,31,MG,Sudeste,78.2,760.4,77.47,0.730000000000004,0.43030330858138577,0,Pressão de meta / risco intermediário
2510303,25,PB,Nordeste,76.75,770.66,66.12,10.629999999999995,0.4302757240254109,1,Melhor desempenho / menor risco
2515302,25,PB,Nordeste,39.0,733.25,47.97,-8.969999999999999,0.4302113514198462,2,Maior vulnerabilidade / maior risco
2611903,26,PE,Nordeste,90.91,786.94,80.0,10.909999999999997,0.43003431531255276,1,Melhor desempenho / menor risco
2602803,26,PE,Nordeste,55.5,746.58,61.51,-6.009999999999998,0.4297137434532303,3,Desempenho favorável
2210706,22,PI,Nordeste,86.03,779.26,72.14,13.89,0.42960196461661027,1,Melhor desempenho / menor risco
2209153,22,PI,Nordeste,68.18,753.91,61.44,6.740000000000009,0.42957192646145476,3,Desempenho favorável
3522307,35,SP,Sudeste,50.81,738.76,54.24,-3.4299999999999997,0.42942486794133056,3,Desempenho favorável
3543402,35,SP,Sudeste,45.01,735.0,52.0,-6.990000000000002,0.42938701805284574,3,Desempenho favorável
3170438,31,MG,Sudeste,72.68,754.4,74.64,-1.9599999999999937,0.42938436069848246,0,Pressão de meta / risco intermediário
4204004,42,SC,Sul,72.43,766.0,72.0,0.4300000000000068,0.4290794028733103,0,Pressão de meta / risco intermediário
3542602,35,SP,Sudeste,63.81,754.82,61.35,2.460000000000001,0.4288739622653055,3,Desempenho favorável
2513000,25,PB,Nordeste,83.93,797.48,74.97,8.960000000000008,0.42876638715665605,1,Melhor desempenho / menor risco
2705200,27,AL,Nordeste,41.87,723.51,45.47,-3.6000000000000014,0.4286301928756591,2,Maior vulnerabilidade / maior risco
3519709,35,SP,Sudeste,53.06,743.97,56.09,-3.030000000000001,0.42771729611630666,3,Desempenho favorável
2803203,28,SE,Nordeste,39.49,728.04,39.77,-0.28000000000000114,0.4267917346860038,3,Desempenho favorável
3509007,35,SP,Sudeste,52.21,742.55,55.49,-3.280000000000001,0.42674448454782893,3,Desempenho favorável
2612802,26,PE,Nordeste,79.68,766.8,72.0,7.680000000000007,0.4266492440114453,1,Melhor desempenho / menor risco
2206654,22,PI,Nordeste,19.39,710.33,39.2,-19.810000000000002,0.42639030422043217,2,Maior vulnerabilidade / maior risco
3524501,35,SP,Sudeste,68.06,760.55,63.73,4.330000000000005,0.4263284884116339,3,Desempenho favorável
5207808,52,GO,Centro-Oeste,70.8,750.97,77.78,-6.980000000000004,0.4260855991651789,0,Pressão de meta / risco intermediário
3513900,35,SP,Sudeste,61.36,757.04,61.36,0.0,0.42589137841700436,3,Desempenho favorável
2204709,22,PI,Nordeste,67.52,762.04,63.43,4.089999999999996,0.4258528143526705,3,Desempenho favorável
5004908,50,MS,Centro-Oeste,45.19,724.76,51.51,-6.32,0.42537041859285246,2,Maior vulnerabilidade / maior risco
5002803,50,MS,Centro-Oeste,55.67,745.48,59.4,-3.729999999999997,0.42521398162814733,3,Desempenho favorável
3125804,31,MG,Sudeste,52.38,749.03,68.78,-16.4,0.4239242967043422,0,Pressão de meta / risco intermediário
2210052,22,PI,Nordeste,92.65,803.45,80.0,12.650000000000006,0.42357853374690946,1,Melhor desempenho / menor risco
5007695,50,MS,Centro-Oeste,62.1,747.97,61.36,0.740000000000002,0.4234376264734439,3,Desempenho favorável
3161056,31,MG,Sudeste,67.09,749.26,71.86,-4.769999999999996,0.423149405209154,0,Pressão de meta / risco intermediário
4209607,42,SC,Sul,72.59,754.61,68.69,3.9000000000000057,0.42311649895781245,0,Pressão de meta / risco intermediário
1705607,17,TO,Norte,35.8,730.74,42.73,-6.93,0.422970451259888,2,Maior vulnerabilidade / maior risco
3519105,35,SP,Sudeste,97.67,797.68,80.0,17.67,0.4227313710849799,1,Melhor desempenho / menor risco
1100130,11,RO,Norte,64.75,748.23,60.73,4.020000000000003,0.4227197968095136,3,Desempenho favorável
4103156,41,PR,Sul,93.48,783.42,80.0,13.480000000000004,0.42258654631161874,1,Melhor desempenho / menor risco
2701605,27,AL,Nordeste,62.21,749.47,56.64,5.57,0.4221107903181434,3,Desempenho favorável
5108105,51,MT,Centro-Oeste,52.38,739.43,57.7,-5.32,0.4218066287251758,3,Desempenho favorável
4215703,42,SC,Sul,60.42,751.62,65.3,-4.8799999999999955,0.4216798543765139,3,Desempenho favorável
4215059,42,SC,Sul,76.32,757.83,70.3,6.019999999999996,0.4215411252908435,1,Melhor desempenho / menor risco
3534500,35,SP,Sudeste,88.17,775.82,71.95,16.22,0.42143378482608757,1,Melhor desempenho / menor risco
3536802,35,SP,Sudeste,47.19,739.5,53.43,-6.240000000000002,0.42126455755609693,3,Desempenho favorável
3543006,35,SP,Sudeste,64.79,756.98,61.89,2.9000000000000057,0.42090787868925034,3,Desempenho favorável
3514809,35,SP,Sudeste,75.19,771.47,68.04,7.1499999999999915,0.4207161615102518,1,Melhor desempenho / menor risco
3165537,31,MG,Sudeste,82.39,767.56,80.0,2.3900000000000006,0.42061631737396804,1,Melhor desempenho / menor risco
1700707,17,TO,Norte,72.02,760.27,58.3,13.719999999999999,0.4204271460411135,3,Desempenho favorável
2616407,26,PE,Nordeste,50.66,735.22,57.06,-6.400000000000006,0.42024668464577114,3,Desempenho favorável
2614006,26,PE,Nordeste,59.7,747.47,62.31,-2.6099999999999994,0.4200693749265355,3,Desempenho favorável
2708501,27,AL,Nordeste,53.64,740.63,52.35,1.2899999999999991,0.4198445450497476,3,Desempenho favorável
3131406,31,MG,Sudeste,76.42,759.94,76.62,-0.20000000000000284,0.4194247284706212,0,Pressão de meta / risco intermediário
5107701,51,MT,Centro-Oeste,56.37,753.23,62.26,-5.890000000000001,0.41935794492694284,3,Desempenho favorável
3513801,35,SP,Sudeste,48.02,738.72,53.31,-5.289999999999999,0.4189412192117311,3,Desempenho favorável
1503754,15,PA,Norte,24.95,716.08,33.52,-8.570000000000004,0.4188261546655492,2,Maior vulnerabilidade / maior risco
3546504,35,SP,Sudeste,92.26,802.2,80.0,12.260000000000005,0.41872812979307056,1,Melhor desempenho / menor risco
2408201,24,RN,Nordeste,49.76,742.83,46.59,3.1699999999999946,0.4183064548063821,3,Desempenho favorável
4126702,41,PR,Sul,46.83,739.66,58.11,-11.280000000000001,0.41811297682022186,3,Desempenho favorável
2601904,26,PE,Nordeste,56.84,744.32,60.78,-3.9399999999999977,0.41799820219222233,3,Desempenho favorável
2606903,26,PE,Nordeste,83.67,775.22,74.87,8.799999999999997,0.41799227775512865,1,Melhor desempenho / menor risco
1600402,16,AP,Norte,44.22,737.28,44.27,-0.05000000000000426,0.4179387939248333,3,Desempenho favorável
4218202,42,SC,Sul,77.99,767.0,73.04,4.949999999999989,0.4172514994133699,1,Melhor desempenho / menor risco
4208005,42,SC,Sul,77.62,765.35,72.5,5.1200000000000045,0.4170272990775432,1,Melhor desempenho / menor risco
1100072,11,RO,Norte,72.68,759.56,65.31,7.3700000000000045,0.4168529485949471,3,Desempenho favorável
1200807,12,AC,Norte,39.69,724.87,47.06,-7.3700000000000045,0.4168463952708047,2,Maior vulnerabilidade / maior risco
2513505,25,PB,Nordeste,100.0,805.09,80.0,20.0,0.4166180871232345,1,Melhor desempenho / menor risco
3528304,35,SP,Sudeste,93.95,801.28,80.0,13.950000000000003,0.4158255469724809,1,Melhor desempenho / menor risco
1707702,17,TO,Norte,12.63,689.5,26.3,-13.67,0.41569461836688987,2,Maior vulnerabilidade / maior risco
3204500,32,ES,Sudeste,74.54,764.73,80.0,-5.459999999999994,0.4156827190565566,0,Pressão de meta / risco intermediário
3506607,35,SP,Sudeste,52.19,740.46,54.54,-2.3500000000000014,0.4154843507724401,3,Desempenho favorável
1702901,17,TO,Norte,40.2,736.84,45.08,-4.8799999999999955,0.4154488121878957,3,Desempenho favorável
1702109,17,TO,Norte,50.51,744.02,49.19,1.3200000000000003,0.4152415571640084,3,Desempenho favorável
3549300,35,SP,Sudeste,100.0,796.83,80.0,20.0,0.41519158589048216,1,Melhor desempenho / menor risco
3535002,35,SP,Sudeste,72.03,764.09,65.16,6.8700000000000045,0.4150267771946047,3,Desempenho favorável
2100832,21,MA,Nordeste,39.08,725.07,46.05,-6.969999999999999,0.4149939234466062,2,Maior vulnerabilidade / maior risco
4219200,42,SC,Sul,83.76,771.28,75.34,8.420000000000002,0.4149244881268769,1,Melhor desempenho / menor risco
4213153,42,SC,Sul,90.38,782.08,79.69,10.689999999999998,0.41478611072651206,1,Melhor desempenho / menor risco
3539301,35,SP,Sudeste,56.4,746.03,56.92,-0.5200000000000031,0.4145591073352103,3,Desempenho favorável
3528858,35,SP,Sudeste,100.0,796.93,80.0,20.0,0.41434945563204645,1,Melhor desempenho / menor risco
3155702,31,MG,Sudeste,76.96,764.82,77.9,-0.9400000000000119,0.41391176355756976,0,Pressão de meta / risco intermediário
1720200,17,TO,Norte,36.9,729.06,42.19,-5.289999999999999,0.4137174741857878,2,Maior vulnerabilidade / maior risco
2609808,26,PE,Nordeste,50.86,735.41,56.93,-6.07,0.41341713682745124,3,Desempenho favorável
4118857,41,PR,Sul,70.19,747.37,64.91,5.280000000000001,0.41318199180752907,3,Desempenho favorável
5006606,50,MS,Centro-Oeste,71.07,755.7,65.01,6.059999999999988,0.4130023979812065,3,Desempenho favorável
2911006,29,BA,Nordeste,41.03,733.12,30.23,10.8,0.4126415999470318,3,Desempenho favorável
2409803,24,RN,Nordeste,23.56,711.56,32.33,-8.77,0.412279239646225,2,Maior vulnerabilidade / maior risco
2202455,22,PI,Nordeste,77.36,780.11,70.01,7.349999999999994,0.41210122159298945,1,Melhor desempenho / menor risco
3533502,35,SP,Sudeste,75.66,770.31,67.53,8.129999999999995,0.4119793434417287,1,Melhor desempenho / menor risco
4117297,41,PR,Sul,97.3,781.83,80.0,17.299999999999997,0.41189677737593416,1,Melhor desempenho / menor risco
3136108,31,MG,Sudeste,85.58,766.22,80.0,5.579999999999998,0.4117987721217511,1,Melhor desempenho / menor risco
1200344,12,AC,Norte,42.51,732.08,49.47,-6.960000000000001,0.4117814123782663,3,Desempenho favorável
2413300,24,RN,Nordeste,42.09,733.22,42.13,-0.03999999999999915,0.4116855560487995,3,Desempenho favorável
4217204,42,SC,Sul,75.64,766.5,72.22,3.4200000000000017,0.41128779079252126,1,Melhor desempenho / menor risco
4215000,42,SC,Sul,66.96,752.65,66.59,0.36999999999999034,0.41109579134099816,3,Desempenho favorável
2512002,25,PB,Nordeste,54.09,746.93,54.24,-0.14999999999999858,0.4108824827069769,3,Desempenho favorável
3137700,31,MG,Sudeste,69.27,758.62,74.49,-5.219999999999999,0.4106921182943022,0,Pressão de meta / risco intermediário
1701051,17,TO,Norte,59.12,751.11,52.78,6.339999999999996,0.41066606284865487,3,Desempenho favorável
3149705,31,MG,Sudeste,80.71,770.03,80.0,0.7099999999999937,0.4103930372591872,1,Melhor desempenho / menor risco
3541653,35,SP,Sudeste,65.39,751.75,60.22,5.170000000000002,0.4102943898285003,3,Desempenho favorável
3161700,31,MG,Sudeste,82.95,768.38,80.0,2.950000000000003,0.4101793117891034,1,Melhor desempenho / menor risco
3515301,35,SP,Sudeste,89.26,787.9,75.14,14.120000000000005,0.4100060046177239,1,Melhor desempenho / menor risco
4113759,41,PR,Sul,70.4,747.27,64.81,5.590000000000003,0.4096636015973085,3,Desempenho favorável
4127882,41,PR,Sul,75.01,758.24,68.79,6.219999999999999,0.4094840970548298,1,Melhor desempenho / menor risco
3555356,35,SP,Sudeste,74.44,769.36,66.93,7.509999999999991,0.4093945625700717,1,Melhor desempenho / menor risco
3500303,35,SP,Sudeste,58.41,747.98,57.7,0.7099999999999937,0.4092482061718508,3,Desempenho favorável
3501103,35,SP,Sudeste,71.82,768.93,66.26,5.559999999999988,0.4091103543618253,1,Melhor desempenho / menor risco
3506409,35,SP,Sudeste,74.74,767.59,66.49,8.25,0.40900879605859264,1,Melhor desempenho / menor risco
2604809,26,PE,Nordeste,70.4,760.3,67.7,2.700000000000003,0.40881999010818953,0,Pressão de meta / risco intermediário
3502200,35,SP,Sudeste,59.71,750.22,58.57,1.1400000000000006,0.4087003176785597,3,Desempenho favorável
3546009,35,SP,Sudeste,49.71,738.46,53.24,-3.530000000000001,0.40836206773027256,3,Desempenho favorável
3108800,31,MG,Sudeste,63.3,763.9,74.63,-11.329999999999998,0.40810696717488776,0,Pressão de meta / risco intermediário
5107776,51,MT,Centro-Oeste,40.74,731.04,52.52,-11.780000000000001,0.4079863818493342,2,Maior vulnerabilidade / maior risco
2700409,27,AL,Nordeste,44.27,728.76,46.74,-2.469999999999999,0.4079413921787314,3,Desempenho favorável
3520442,35,SP,Sudeste,80.76,778.91,70.82,9.940000000000012,0.407667770484354,1,Melhor desempenho / menor risco
3157708,31,MG,Sudeste,58.13,745.37,68.42,-10.29,0.4075517441241311,0,Pressão de meta / risco intermediário
2507606,25,PB,Nordeste,35.79,723.34,43.82,-8.030000000000001,0.4074094024453937,2,Maior vulnerabilidade / maior risco
4213203,42,SC,Sul,70.85,757.48,68.6,2.25,0.40716330066222794,0,Pressão de meta / risco intermediário
5102504,51,MT,Centro-Oeste,51.27,743.35,58.07,-6.799999999999997,0.4070626414896083,3,Desempenho favorável
5005400,50,MS,Centro-Oeste,46.55,731.74,53.12,-6.57,0.4070513144053677,3,Desempenho favorável
3103306,31,MG,Sudeste,86.96,765.77,80.0,6.959999999999994,0.40691513205126045,1,Melhor desempenho / menor risco
3554102,35,SP,Sudeste,53.88,744.93,55.84,-1.9600000000000009,0.4068196007267832,3,Desempenho favorável
3125507,31,MG,Sudeste,83.33,768.51,80.0,3.3299999999999983,0.4067070457899709,1,Melhor desempenho / menor risco
4201257,42,SC,Sul,70.88,758.82,68.93,1.9499999999999886,0.40575101028619476,0,Pressão de meta / risco intermediário
5107859,51,MT,Centro-Oeste,33.38,723.14,48.72,-15.339999999999996,0.4051357112312414,2,Maior vulnerabilidade / maior risco
3548302,35,SP,Sudeste,100.0,798.04,80.0,20.0,0.40503644661307375,1,Melhor desempenho / menor risco
1200203,12,AC,Norte,42.18,732.17,49.2,-7.020000000000003,0.404909796237371,3,Desempenho favorável
3517208,35,SP,Sudeste,60.0,756.41,60.21,-0.21000000000000085,0.40472745882574945,3,Desempenho favorável
2204550,22,PI,Nordeste,75.0,765.54,65.23,9.769999999999996,0.4040951598886472,1,Melhor desempenho / menor risco
2404408,24,RN,Nordeste,65.35,755.98,52.98,12.369999999999997,0.4040575076546809,3,Desempenho favorável
2209658,22,PI,Nordeste,36.86,730.93,47.77,-10.910000000000004,0.40392860343249626,2,Maior vulnerabilidade / maior risco
3118205,31,MG,Sudeste,65.5,754.29,72.28,-6.780000000000001,0.40362168438568546,0,Pressão de meta / risco intermediário
2511806,25,PB,Nordeste,41.49,736.64,48.55,-7.059999999999995,0.4036146216016739,3,Desempenho favorável
2703601,27,AL,Nordeste,27.69,712.32,38.6,-10.91,0.40289664667919833,2,Maior vulnerabilidade / maior risco
1505205,15,PA,Norte,31.03,715.37,34.05,-3.019999999999996,0.40270104834874076,2,Maior vulnerabilidade / maior risco
3304102,33,RJ,Sudeste,52.38,733.14,49.15,3.230000000000004,0.4025994272166433,3,Desempenho favorável
3536257,35,SP,Sudeste,90.72,797.04,77.71,13.010000000000005,0.40217735745320066,1,Melhor desempenho / menor risco
1200179,12,AC,Norte,34.97,715.13,42.9,-7.93,0.40193767465660896,2,Maior vulnerabilidade / maior risco
4107124,41,PR,Sul,83.28,767.26,72.73,10.549999999999997,0.40150829221675394,1,Melhor desempenho / menor risco
3533908,35,SP,Sudeste,74.72,771.31,67.26,7.459999999999994,0.4013187877848543,1,Melhor desempenho / menor risco
3530706,35,SP,Sudeste,63.47,756.14,60.73,2.740000000000002,0.40101779237605906,3,Desempenho favorável
4211256,42,SC,Sul,81.82,769.87,74.09,7.72999999999999,0.4010112094153169,1,Melhor desempenho / menor risco
4220000,42,SC,Sul,54.65,739.3,60.01,-5.359999999999999,0.40068779982950575,3,Desempenho favorável
2106375,21,MA,Nordeste,97.62,796.7,77.48,20.14,0.4005396841630246,1,Melhor desempenho / menor risco
3127388,31,MG,Sudeste,80.51,758.77,76.51,4.0,0.4002357666339541,1,Melhor desempenho / menor risco
2414209,24,RN,Nordeste,24.98,714.53,33.04,-8.059999999999999,0.40003074318758264,2,Maior vulnerabilidade / maior risco
3521200,35,SP,Sudeste,65.63,756.94,61.35,4.279999999999994,0.3995777079099506,3,Desempenho favorável
2405801,24,RN,Nordeste,35.88,724.8,38.1,-2.219999999999999,0.39903619404339996,3,Desempenho favorável
5106372,51,MT,Centro-Oeste,65.1,756.62,64.33,0.769999999999996,0.3989635912075899,3,Desempenho favorável
2407609,24,RN,Nordeste,26.32,711.72,32.5,-6.18,0.3988188826595551,2,Maior vulnerabilidade / maior risco
3148806,31,MG,Sudeste,85.51,767.83,80.0,5.510000000000005,0.39877449492295564,1,Melhor desempenho / menor risco
5212600,52,GO,Centro-Oeste,71.43,761.78,80.0,-8.569999999999993,0.3987626852329541,0,Pressão de meta / risco intermediário
3557105,35,SP,Sudeste,61.66,753.61,59.57,2.0899999999999963,0.39841883831143715,3,Desempenho favorável
3301207,33,RJ,Sudeste,67.98,744.34,55.29,12.690000000000005,0.3971187966076776,3,Desempenho favorável
4201703,42,SC,Sul,94.83,781.99,80.0,14.829999999999998,0.39707574781520805,1,Melhor desempenho / menor risco
5007901,50,MS,Centro-Oeste,39.84,725.84,49.77,-9.93,0.3970517015881186,2,Maior vulnerabilidade / maior risco
2207934,22,PI,Nordeste,47.35,735.61,50.99,-3.6400000000000006,0.39661144716570024,3,Desempenho favorável
1301506,13,AM,Norte,19.3,709.73,27.7,-8.399999999999999,0.39656253980946615,2,Maior vulnerabilidade / maior risco
4107538,41,PR,Sul,96.25,784.47,80.0,16.25,0.396403617299908,1,Melhor desempenho / menor risco
3502507,35,SP,Sudeste,53.75,743.98,55.2,-1.4500000000000028,0.39625031086960927,3,Desempenho favorável
2103604,21,MA,Nordeste,55.72,742.84,53.76,1.9600000000000009,0.3955379166499159,3,Desempenho favorável
4103024,41,PR,Sul,93.1,774.31,76.51,16.58999999999999,0.3955059671151122,1,Melhor desempenho / menor risco
2110302,21,MA,Nordeste,72.56,758.68,61.62,10.940000000000005,0.39550407085543643,3,Desempenho favorável
3170305,31,MG,Sudeste,52.43,753.01,68.95,-16.520000000000003,0.395386241092396,0,Pressão de meta / risco intermediário
3163805,31,MG,Sudeste,78.02,760.9,76.42,1.5999999999999943,0.39530670961975645,1,Melhor desempenho / menor risco
3104106,31,MG,Sudeste,82.63,770.42,80.0,2.6299999999999955,0.39515489964562395,1,Melhor desempenho / menor risco
5204557,52,GO,Centro-Oeste,60.87,750.19,74.49,-13.619999999999997,0.39508708761258915,0,Pressão de meta / risco intermediário
2504405,25,PB,Nordeste,96.17,805.02,78.47,17.700000000000003,0.39487542174359425,1,Melhor desempenho / menor risco
3143807,31,MG,Sudeste,82.36,765.4,78.54,3.819999999999993,0.3946635263288908,1,Melhor desempenho / menor risco
3518206,35,SP,Sudeste,71.91,767.14,65.3,6.609999999999999,0.39451939302820943,1,Melhor desempenho / menor risco
3515707,35,SP,Sudeste,65.07,758.99,61.63,3.4399999999999906,0.3944426022700441,3,Desempenho favorável
3138625,31,MG,Sudeste,59.7,751.28,69.94,-10.239999999999995,0.39433620875888353,0,Pressão de meta / risco intermediário
4219309,42,SC,Sul,64.11,749.97,64.7,-0.5900000000000034,0.3942006731154027,3,Desempenho favorável
2803609,28,SE,Nordeste,27.35,711.35,31.57,-4.219999999999999,0.3941373401363274,2,Maior vulnerabilidade / maior risco
2105609,21,MA,Nordeste,75.31,761.33,62.87,12.440000000000005,0.3939678779239348,3,Desempenho favorável
3556107,35,SP,Sudeste,85.95,778.05,71.2,14.75,0.3939426014399555,1,Melhor desempenho / menor risco
3555109,35,SP,Sudeste,93.46,804.27,80.0,13.459999999999994,0.39389916750397475,1,Melhor desempenho / menor risco
5107198,51,MT,Centro-Oeste,52.72,747.44,59.06,-6.340000000000003,0.39379113365878854,3,Desempenho favorável
4119251,41,PR,Sul,97.14,784.17,80.0,17.14,0.3933720000530931,1,Melhor desempenho / menor risco
5106273,51,MT,Centro-Oeste,69.12,769.31,68.47,0.6500000000000057,0.3929782038121299,0,Pressão de meta / risco intermediário
4211801,42,SC,Sul,82.18,773.36,74.86,7.320000000000007,0.39292260855342115,1,Melhor desempenho / menor risco
2602209,26,PE,Nordeste,69.15,761.05,67.12,2.030000000000001,0.39288155779955297,3,Desempenho favorável
4200804,42,SC,Sul,91.81,778.44,78.25,13.560000000000002,0.3927536488444791,1,Melhor desempenho / menor risco
3502606,35,SP,Sudeste,86.16,778.07,71.2,14.959999999999994,0.39247683817714196,1,Melhor desempenho / menor risco
3124302,31,MG,Sudeste,62.4,747.22,69.31,-6.910000000000004,0.3923624521718782,0,Pressão de meta / risco intermediário
3537503,35,SP,Sudeste,66.7,754.79,60.73,5.970000000000006,0.39216814792756655,3,Desempenho favorável
1711902,17,TO,Norte,35.66,729.46,41.33,-5.670000000000002,0.3921594476217223,2,Maior vulnerabilidade / maior risco
2606606,26,PE,Nordeste,61.76,742.0,60.3,1.4600000000000009,0.3921179821330408,3,Desempenho favorável
2514909,25,PB,Nordeste,49.02,740.91,50.89,-1.8699999999999974,0.3916673336109402,3,Desempenho favorável
3160405,31,MG,Sudeste,81.35,771.82,80.0,1.3499999999999943,0.39149090587595703,1,Melhor desempenho / menor risco
3104700,31,MG,Sudeste,66.4,751.21,71.21,-4.809999999999988,0.39146067376355453,0,Pressão de meta / risco intermediário
1702208,17,TO,Norte,50.5,746.09,48.97,1.5300000000000011,0.39138290316009916,3,Desempenho favorável
3115201,31,MG,Sudeste,70.43,752.17,72.3,-1.8699999999999903,0.3912003496282946,0,Pressão de meta / risco intermediário
4212254,42,SC,Sul,59.86,750.06,63.74,-3.8800000000000026,0.3910262663623512,3,Desempenho favorável
4120200,41,PR,Sul,71.94,755.46,66.77,5.170000000000002,0.39091063317087693,3,Desempenho favorável
2403756,24,RN,Nordeste,58.82,741.3,47.13,11.689999999999998,0.3907917685139374,3,Desempenho favorável
4128302,41,PR,Sul,73.33,754.01,66.65,6.679999999999993,0.39071440788115835,3,Desempenho favorável
3502309,35,SP,Sudeste,45.69,737.62,51.59,-5.900000000000006,0.3907054826045322,3,Desempenho favorável
3163409,31,MG,Sudeste,86.0,768.44,80.0,6.0,0.3906806041580132,1,Melhor desempenho / menor risco
2507804,25,PB,Nordeste,76.21,768.08,63.99,12.219999999999992,0.3906669483443787,1,Melhor desempenho / menor risco
4107553,41,PR,Sul,96.3,774.92,77.17,19.129999999999995,0.3904071956568555,1,Melhor desempenho / menor risco
3517505,35,SP,Sudeste,70.54,764.17,64.05,6.490000000000009,0.3901615585039029,3,Desempenho favorável
3107307,31,MG,Sudeste,68.42,753.97,72.34,-3.9200000000000017,0.3899461293646312,0,Pressão de meta / risco intermediário
2414407,24,RN,Nordeste,38.35,731.36,40.12,-1.769999999999996,0.3899158756701381,3,Desempenho favorável
2410702,24,RN,Nordeste,37.5,733.04,40.4,-2.8999999999999986,0.38965689319437996,3,Desempenho favorável
3138674,31,MG,Sudeste,87.7,767.3,80.0,7.700000000000003,0.3895946688562911,1,Melhor desempenho / menor risco
3158953,31,MG,Sudeste,69.95,755.2,72.98,-3.030000000000001,0.3894564793337482,0,Pressão de meta / risco intermediário
2409100,24,RN,Nordeste,41.07,729.0,40.01,1.0600000000000023,0.3893186196819075,3,Desempenho favorável
5105259,51,MT,Centro-Oeste,73.53,768.81,69.12,4.409999999999997,0.38928229712990076,1,Melhor desempenho / menor risco
5221809,52,GO,Centro-Oeste,66.86,761.51,78.66,-11.799999999999997,0.38916352102393065,0,Pressão de meta / risco intermediário
2705101,27,AL,Nordeste,48.77,735.98,49.04,-0.269999999999996,0.3890987651532905,3,Desempenho favorável
3153301,31,MG,Sudeste,79.86,762.45,77.02,2.8400000000000034,0.3890554634001044,1,Melhor desempenho / menor risco
3533809,35,SP,Sudeste,70.0,766.71,64.6,5.400000000000006,0.38895215758933027,3,Desempenho favorável
4205456,42,SC,Sul,63.94,754.18,65.64,-1.7000000000000028,0.388559711239488,3,Desempenho favorável
4201505,42,SC,Sul,79.08,771.18,73.47,5.609999999999999,0.388551112537184,1,Melhor desempenho / menor risco
3103108,31,MG,Sudeste,86.67,764.62,78.99,7.680000000000007,0.3879208350881754,1,Melhor desempenho / menor risco
3540101,35,SP,Sudeste,91.45,806.5,80.0,11.450000000000003,0.3878975081383246,1,Melhor desempenho / menor risco
3153400,31,MG,Sudeste,78.27,767.92,78.15,0.11999999999999034,0.387463484123131,1,Melhor desempenho / menor risco
3512001,35,SP,Sudeste,57.89,742.86,55.43,2.460000000000001,0.3867901713999185,3,Desempenho favorável
3152600,31,MG,Sudeste,79.55,769.8,78.89,0.6599999999999966,0.386141768580677,1,Melhor desempenho / menor risco
5103056,51,MT,Centro-Oeste,66.28,761.28,65.43,0.8499999999999943,0.38602978162938983,3,Desempenho favorável
2202133,22,PI,Nordeste,95.8,805.73,80.0,15.799999999999997,0.3848666226229152,1,Melhor desempenho / menor risco
5106224,51,MT,Centro-Oeste,74.86,768.98,69.28,5.579999999999998,0.3844596340888985,1,Melhor desempenho / menor risco
2600807,26,PE,Nordeste,68.08,756.87,65.45,2.6299999999999955,0.38414093100356156,3,Desempenho favorável
5217302,52,GO,Centro-Oeste,64.06,751.35,75.09,-11.030000000000001,0.3837397444291464,0,Pressão de meta / risco intermediário
3170578,31,MG,Sudeste,83.44,771.21,80.0,3.4399999999999977,0.3836412121288922,1,Melhor desempenho / menor risco
2608800,26,PE,Nordeste,57.42,738.69,58.19,-0.769999999999996,0.38325463458464654,3,Desempenho favorável
3162401,31,MG,Sudeste,63.51,750.86,70.22,-6.710000000000001,0.3826584663841284,0,Pressão de meta / risco intermediário
5107602,51,MT,Centro-Oeste,60.49,752.43,61.65,-1.1599999999999966,0.38198775743436386,3,Desempenho favorável
5108303,51,MT,Centro-Oeste,68.93,764.59,66.75,2.180000000000007,0.38178478258801934,3,Desempenho favorável
1200393,12,AC,Norte,39.79,729.37,47.15,-7.359999999999999,0.3815078744616712,2,Maior vulnerabilidade / maior risco
2102374,21,MA,Nordeste,56.05,743.39,53.5,2.549999999999997,0.38122175203170816,3,Desempenho favorável
3537404,35,SP,Sudeste,83.47,779.14,70.56,12.909999999999997,0.3811790139223122,1,Melhor desempenho / menor risco
2206050,22,PI,Nordeste,60.66,749.09,56.95,3.7099999999999937,0.3811409527178018,3,Desempenho favorável
3548054,35,SP,Sudeste,62.22,756.44,59.88,2.3399999999999963,0.38086746191639254,3,Desempenho favorável
4216255,42,SC,Sul,92.42,785.76,80.0,12.420000000000002,0.38085530625792885,1,Melhor desempenho / menor risco
2610400,26,PE,Nordeste,58.91,740.3,58.85,0.05999999999999517,0.3804942370123095,3,Desempenho favorável
2408409,24,RN,Nordeste,30.77,736.49,39.64,-8.870000000000001,0.3800863813343727,2,Maior vulnerabilidade / maior risco
2702355,27,AL,Nordeste,67.43,751.17,56.78,10.650000000000006,0.37966253384862153,3,Desempenho favorável
2200707,22,PI,Nordeste,57.02,753.57,57.38,-0.35999999999999943,0.37948977219579294,3,Desempenho favorável
3201605,32,ES,Sudeste,68.12,758.09,75.62,-7.5,0.379132810133658,0,Pressão de meta / risco intermediário
3508405,35,SP,Sudeste,64.6,752.27,59.16,5.439999999999998,0.37911325564380743,3,Desempenho favorável
2113009,21,MA,Nordeste,73.1,756.3,60.49,12.609999999999992,0.37813159063268736,3,Desempenho favorável
3526308,35,SP,Sudeste,65.02,751.15,58.9,6.119999999999997,0.3780143551221206,3,Desempenho favorável
3541208,35,SP,Sudeste,79.72,777.83,69.3,10.420000000000002,0.37756148200467887,1,Melhor desempenho / menor risco
4211603,42,SC,Sul,79.48,769.95,72.84,6.640000000000001,0.3774993672691486,1,Melhor desempenho / menor risco
3534302,35,SP,Sudeste,57.15,747.56,56.24,0.9099999999999966,0.37682902292597203,3,Desempenho favorável
3533106,35,SP,Sudeste,83.33,781.12,70.92,12.409999999999997,0.3765005494908063,1,Melhor desempenho / menor risco
2610806,26,PE,Nordeste,54.87,739.78,57.72,-2.8500000000000014,0.37604172220040527,3,Desempenho favorável
3171105,31,MG,Sudeste,77.09,768.21,77.6,-0.5099999999999909,0.37602615383488874,1,Melhor desempenho / menor risco
5218391,52,GO,Centro-Oeste,77.25,760.21,80.0,-2.75,0.3758543965539352,0,Pressão de meta / risco intermediário
2606507,26,PE,Nordeste,82.26,766.27,70.7,11.560000000000002,0.3758403130953071,1,Melhor desempenho / menor risco
5203906,52,GO,Centro-Oeste,64.95,742.28,72.48,-7.530000000000001,0.3752698457004908,0,Pressão de meta / risco intermediário
5102678,51,MT,Centro-Oeste,65.32,758.12,63.98,1.3399999999999963,0.374851913257269,3,Desempenho favorável
2205276,22,PI,Nordeste,95.24,791.9,75.72,19.519999999999996,0.3747899568245102,1,Melhor desempenho / menor risco
3152808,31,MG,Sudeste,50.5,737.0,63.42,-12.920000000000002,0.37444531670077785,3,Desempenho favorável
3147006,31,MG,Sudeste,63.56,752.01,70.27,-6.709999999999994,0.3744437782078846,0,Pressão de meta / risco intermediário
5003108,50,MS,Centro-Oeste,58.66,739.78,56.75,1.9099999999999966,0.37430187598047215,3,Desempenho favorável
3116506,31,MG,Sudeste,68.63,758.7,73.16,-4.530000000000001,0.37421386055151984,0,Pressão de meta / risco intermediário
5106828,51,MT,Centro-Oeste,49.8,739.29,55.54,-5.740000000000002,0.37411022095084545,3,Desempenho favorável
4205001,42,SC,Sul,66.23,756.53,66.27,-0.03999999999999204,0.373960708312352,3,Desempenho favorável
2511202,25,PB,Nordeste,48.58,742.46,50.63,-2.0500000000000043,0.37395318935258925,3,Desempenho favorável
2516409,25,PB,Nordeste,77.72,768.29,63.79,13.93,0.3737697337476829,1,Melhor desempenho / menor risco
2508505,25,PB,Nordeste,55.32,754.85,55.44,-0.11999999999999744,0.37369136777227696,3,Desempenho favorável
3519303,35,SP,Sudeste,68.78,758.99,61.69,7.090000000000003,0.37345589540717955,3,Desempenho favorável
1710904,17,TO,Norte,53.53,745.86,48.92,4.609999999999999,0.3732204212026558,3,Desempenho favorável
3536505,35,SP,Sudeste,61.39,753.84,58.73,2.6600000000000037,0.37321552807609576,3,Desempenho favorável
4201000,42,SC,Sul,77.33,763.66,70.5,6.829999999999998,0.37289384905945194,1,Melhor desempenho / menor risco
5002407,50,MS,Centro-Oeste,66.23,752.45,61.77,4.460000000000001,0.372893795866615,3,Desempenho favorável
4212106,42,SC,Sul,64.41,754.62,65.31,-0.9000000000000057,0.37232736980751413,3,Desempenho favorável
3524808,35,SP,Sudeste,70.53,763.97,63.39,7.140000000000001,0.37232349080675764,3,Desempenho favorável
3550209,35,SP,Sudeste,73.78,765.62,64.5,9.280000000000001,0.3717906632846257,1,Melhor desempenho / menor risco
1500347,15,PA,Norte,51.4,735.82,42.87,8.530000000000001,0.37158391972559535,3,Desempenho favorável
2706802,27,AL,Nordeste,42.39,732.77,46.24,-3.8500000000000014,0.3715520182874604,3,Desempenho favorável
2104008,21,MA,Nordeste,81.48,771.09,66.08,15.400000000000006,0.37132427996801654,1,Melhor desempenho / menor risco
3203320,32,ES,Sudeste,69.4,757.14,75.34,-5.939999999999998,0.37083735258658795,0,Pressão de meta / risco intermediário
3535309,35,SP,Sudeste,60.32,749.82,57.31,3.009999999999998,0.3706529361226737,3,Desempenho favorável
2612109,26,PE,Nordeste,92.16,793.19,80.0,12.159999999999997,0.37028806683963095,1,Melhor desempenho / menor risco
3504008,35,SP,Sudeste,54.85,746.04,55.12,-0.269999999999996,0.37024498390901583,3,Desempenho favorável
2202026,22,PI,Nordeste,98.33,805.65,80.0,18.33,0.3700926267540092,1,Melhor desempenho / menor risco
4204459,42,SC,Sul,90.43,772.71,75.61,14.820000000000007,0.3699441755181699,1,Melhor desempenho / menor risco
3144508,31,MG,Sudeste,85.36,771.49,80.0,5.359999999999999,0.36966390328126114,1,Melhor desempenho / menor risco
2702801,27,AL,Nordeste,49.34,736.44,48.62,0.720000000000006,0.3694539014889418,3,Desempenho favorável
2704500,27,AL,Nordeste,45.6,732.55,46.77,-1.1700000000000017,0.36941720390348903,3,Desempenho favorável
3162906,31,MG,Sudeste,69.83,754.79,72.16,-2.3299999999999983,0.36931296844871725,0,Pressão de meta / risco intermediário
5102603,51,MT,Centro-Oeste,44.13,730.46,51.76,-7.6299999999999955,0.3692304859820968,3,Desempenho favorável
1718659,17,TO,Norte,19.61,714.13,32.99,-13.380000000000003,0.3689942245149765,2,Maior vulnerabilidade / maior risco
5104559,51,MT,Centro-Oeste,67.42,761.59,65.17,2.25,0.36888615670686464,3,Desempenho favorável
3537107,35,SP,Sudeste,94.25,806.75,80.0,14.25,0.3687714404808196,1,Melhor desempenho / menor risco
3108602,31,MG,Sudeste,76.32,765.91,76.55,-0.23000000000000398,0.36854963612941233,1,Melhor desempenho / menor risco
2502904,25,PB,Nordeste,64.03,753.29,56.63,7.399999999999999,0.3684263332692863,3,Desempenho favorável
3205176,32,ES,Sudeste,76.41,769.09,80.0,-3.5900000000000034,0.36811537707990755,1,Melhor desempenho / menor risco
3532801,35,SP,Sudeste,73.75,767.7,64.94,8.810000000000002,0.36802286995962696,1,Melhor desempenho / menor risco
3132305,31,MG,Sudeste,55.18,739.4,64.83,-9.649999999999999,0.3679659107308658,3,Desempenho favorável
2604908,26,PE,Nordeste,95.06,782.24,77.49,17.570000000000007,0.3678766626612163,1,Melhor desempenho / menor risco
2406106,24,RN,Nordeste,43.69,739.42,42.7,0.9899999999999949,0.3677021707674517,3,Desempenho favorável
5107792,51,MT,Centro-Oeste,75.82,762.58,67.14,8.679999999999993,0.36770009685742444,1,Melhor desempenho / menor risco
5208400,52,GO,Centro-Oeste,68.02,754.07,76.1,-8.079999999999998,0.36723874449969285,0,Pressão de meta / risco intermediário
2703403,27,AL,Nordeste,54.66,742.45,51.3,3.3599999999999994,0.36707355601961117,3,Desempenho favorável
5204805,52,GO,Centro-Oeste,77.6,760.8,79.93,-2.3300000000000125,0.3669049063753821,0,Pressão de meta / risco intermediário
4102703,41,PR,Sul,72.41,764.2,68.46,3.950000000000003,0.36660373444046224,1,Melhor desempenho / menor risco
2201309,22,PI,Nordeste,50.77,738.39,51.45,-0.6799999999999997,0.36654407689457613,3,Desempenho favorável
5105507,51,MT,Centro-Oeste,52.38,745.53,57.53,-5.149999999999999,0.366253213285493,3,Desempenho favorável
3511102,35,SP,Sudeste,70.27,762.63,62.74,7.529999999999994,0.36572572075345017,3,Desempenho favorável
5215009,52,GO,Centro-Oeste,76.22,762.24,80.0,-3.780000000000001,0.36566002230764283,0,Pressão de meta / risco intermediário
5218052,52,GO,Centro-Oeste,75.38,762.88,80.0,-4.6200000000000045,0.36556585938211666,0,Pressão de meta / risco intermediário
4103107,41,PR,Sul,57.37,742.03,59.18,-1.8100000000000023,0.36540578436178883,3,Desempenho favorável
2210201,22,PI,Nordeste,97.06,807.2,80.0,17.060000000000002,0.3652525964768661,1,Melhor desempenho / menor risco
3151404,31,MG,Sudeste,85.71,771.84,80.0,5.709999999999994,0.3647320348005695,1,Melhor desempenho / menor risco
3541505,35,SP,Sudeste,76.57,771.85,66.54,10.029999999999987,0.3642254551774957,1,Melhor desempenho / menor risco
2503605,25,PB,Nordeste,72.22,768.6,62.39,9.829999999999998,0.36359298198796464,1,Melhor desempenho / menor risco
2804904,28,SE,Nordeste,28.56,716.73,32.27,-3.7100000000000044,0.3635113237657099,2,Maior vulnerabilidade / maior risco
5215652,52,GO,Centro-Oeste,74.42,762.71,79.68,-5.260000000000005,0.36340032327740013,0,Pressão de meta / risco intermediário
3502705,35,SP,Sudeste,88.38,783.16,72.08,16.299999999999997,0.36339151644199397,1,Melhor desempenho / menor risco
4205506,42,SC,Sul,77.72,765.79,70.84,6.8799999999999955,0.36327662252859194,1,Melhor desempenho / menor risco
3554805,35,SP,Sudeste,54.73,745.65,54.74,-0.010000000000005116,0.3630363058544631,3,Desempenho favorável
4219606,42,SC,Sul,80.95,775.59,74.19,6.760000000000005,0.36248994421998937,1,Melhor desempenho / menor risco
4204400,42,SC,Sul,86.74,777.89,76.02,10.719999999999999,0.3624005461828535,1,Melhor desempenho / menor risco
5105622,51,MT,Centro-Oeste,60.12,752.51,60.92,-0.8000000000000043,0.36218219372091537,3,Desempenho favorável
3520426,35,SP,Sudeste,67.6,759.35,61.15,6.449999999999996,0.36191649746466126,3,Desempenho favorável
2211209,22,PI,Nordeste,31.55,722.39,42.89,-11.34,0.3618218312898123,2,Maior vulnerabilidade / maior risco
3124401,31,MG,Sudeste,66.53,753.27,70.8,-4.269999999999996,0.3618205563428766,0,Pressão de meta / risco intermediário
5107875,51,MT,Centro-Oeste,84.38,778.08,72.97,11.409999999999997,0.3611597479001525,1,Melhor desempenho / menor risco
2300903,23,CE,Nordeste,74.45,768.19,80.0,-5.549999999999997,0.3611303135630263,0,Pressão de meta / risco intermediário
3507753,35,SP,Sudeste,100.0,803.41,80.0,20.0,0.36104625436439297,1,Melhor desempenho / menor risco
3157005,31,MG,Sudeste,77.08,761.32,75.15,1.9299999999999926,0.36017220098429975,1,Melhor desempenho / menor risco
2400901,24,RN,Nordeste,37.67,737.34,40.62,-2.9499999999999957,0.3601442153063217,3,Desempenho favorável
3144904,31,MG,Sudeste,89.37,769.68,80.0,9.370000000000005,0.36010181628722876,1,Melhor desempenho / menor risco
5220686,52,GO,Centro-Oeste,77.79,761.77,80.0,-2.2099999999999937,0.3600110502510843,0,Pressão de meta / risco intermediário
3136900,31,MG,Sudeste,82.69,770.87,78.94,3.75,0.3598792161411464,1,Melhor desempenho / menor risco
3109253,31,MG,Sudeste,85.0,773.01,80.0,5.0,0.3596114768890085,1,Melhor desempenho / menor risco
5207105,52,GO,Centro-Oeste,77.27,762.23,80.0,-2.730000000000004,0.359443283932239,0,Pressão de meta / risco intermediário
2701357,27,AL,Nordeste,62.12,746.06,53.57,8.549999999999997,0.359221402959098,3,Desempenho favorável
3515004,35,SP,Sudeste,40.5,728.57,46.94,-6.439999999999998,0.3591057631205276,3,Desempenho favorável
4209003,42,SC,Sul,70.42,754.06,65.94,4.480000000000004,0.3589987466692518,3,Desempenho favorável
5203401,52,GO,Centro-Oeste,73.26,763.09,79.39,-6.1299999999999955,0.3589069598865082,0,Pressão de meta / risco intermediário
3508009,35,SP,Sudeste,63.24,755.25,59.01,4.230000000000004,0.3588791197641238,3,Desempenho favorável
3544251,35,SP,Sudeste,78.64,769.78,66.19,12.450000000000003,0.3582667279287278,1,Melhor desempenho / menor risco
2104404,21,MA,Nordeste,66.96,748.78,56.45,10.509999999999991,0.35795238693337794,3,Desempenho favorável
5106232,51,MT,Centro-Oeste,57.29,752.87,60.28,-2.990000000000002,0.3577198941624924,3,Desempenho favorável
5215306,52,GO,Centro-Oeste,77.75,762.1,80.0,-2.25,0.3576158832996254,0,Pressão de meta / risco intermediário
3141603,31,MG,Sudeste,84.85,773.39,80.0,4.849999999999994,0.3574746462183648,1,Melhor desempenho / menor risco
3130606,31,MG,Sudeste,86.18,772.41,80.0,6.180000000000007,0.35735667827671347,1,Melhor desempenho / menor risco
4218806,42,SC,Sul,69.98,754.9,66.0,3.980000000000004,0.3566561235718099,3,Desempenho favorável
3112703,31,MG,Sudeste,63.8,744.9,67.74,-3.9399999999999977,0.35657494330775,3,Desempenho favorável
2603603,26,PE,Nordeste,66.81,755.66,63.9,2.9100000000000037,0.3562698237115901,3,Desempenho favorável
5206602,52,GO,Centro-Oeste,72.73,756.39,77.33,-4.599999999999994,0.3560767505520249,0,Pressão de meta / risco intermediário
5108600,51,MT,Centro-Oeste,55.24,747.53,58.32,-3.0799999999999983,0.355995887374393,3,Desempenho favorável
2700706,27,AL,Nordeste,45.96,736.21,47.38,-1.4200000000000017,0.3556064444767787,3,Desempenho favorável
4214706,42,SC,Sul,68.59,759.67,66.99,1.6000000000000085,0.3554692118726255,3,Desempenho favorável
2608701,26,PE,Nordeste,86.35,776.87,73.76,12.58999999999999,0.3550052880437704,1,Melhor desempenho / menor risco
3114501,31,MG,Sudeste,81.68,768.27,77.84,3.8400000000000034,0.3549109492806083,1,Melhor desempenho / menor risco
1712504,17,TO,Norte,36.72,727.13,39.62,-2.8999999999999986,0.3544553056240504,3,Desempenho favorável
3113909,31,MG,Sudeste,78.88,764.02,76.06,2.819999999999993,0.35416127510279377,1,Melhor desempenho / menor risco
5002704,50,MS,Centro-Oeste,51.76,736.93,53.84,-2.0800000000000054,0.3540994104047033,3,Desempenho favorável
4204806,42,SC,Sul,53.48,741.45,58.78,-5.300000000000004,0.35407180172726077,3,Desempenho favorável
2111052,21,MA,Nordeste,43.97,734.61,47.64,-3.6700000000000017,0.35395744091483045,3,Desempenho favorável
1716208,17,TO,Norte,68.45,756.69,54.33,14.120000000000005,0.35379620352511515,3,Desempenho favorável
2404200,24,RN,Nordeste,35.33,730.78,38.09,-2.760000000000005,0.35344485551113447,3,Desempenho favorável
3170057,31,MG,Sudeste,70.42,756.15,72.11,-1.6899999999999977,0.35344434889032356,0,Pressão de meta / risco intermediário
5106182,51,MT,Centro-Oeste,67.64,756.52,63.28,4.359999999999999,0.3534295188887866,3,Desempenho favorável
3553302,35,SP,Sudeste,59.74,755.71,58.21,1.5300000000000011,0.3530261721406979,3,Desempenho favorável
3202603,32,ES,Sudeste,75.87,762.17,77.43,-1.5600000000000023,0.35234604084932963,0,Pressão de meta / risco intermediário
1707108,17,TO,Norte,60.78,754.19,51.98,8.800000000000004,0.3517078724770133,3,Desempenho favorável
3529104,35,SP,Sudeste,100.0,804.6,80.0,20.0,0.351577803902452,1,Melhor desempenho / menor risco
3128808,31,MG,Sudeste,58.58,749.33,67.71,-9.129999999999995,0.3515438459404435,0,Pressão de meta / risco intermediário
4110003,41,PR,Sul,58.96,747.03,60.4,-1.4399999999999977,0.35123854269555255,3,Desempenho favorável
3542008,35,SP,Sudeste,64.71,762.13,60.94,3.769999999999996,0.35095081514806237,3,Desempenho favorável
3133105,31,MG,Sudeste,84.24,774.67,80.0,4.239999999999995,0.35093771253807166,1,Melhor desempenho / menor risco
3165206,31,MG,Sudeste,88.25,771.68,80.0,8.25,0.35086362949455074,1,Melhor desempenho / menor risco
2209856,22,PI,Nordeste,96.34,809.55,80.0,16.340000000000003,0.3508093744938612,1,Melhor desempenho / menor risco
4116604,41,PR,Sul,78.8,760.4,68.18,10.61999999999999,0.35070601849767197,1,Melhor desempenho / menor risco
3527108,35,SP,Sudeste,92.23,796.06,76.0,16.230000000000004,0.3506502207344957,1,Melhor desempenho / menor risco
2613107,26,PE,Nordeste,53.17,739.31,56.36,-3.1899999999999977,0.3505467888266317,3,Desempenho favorável
2101350,21,MA,Nordeste,100.0,810.22,80.0,20.0,0.35028599574400016,1,Melhor desempenho / menor risco
4120507,41,PR,Sul,62.66,745.74,60.76,1.8999999999999986,0.3498540860034499,3,Desempenho favorável
2614204,26,PE,Nordeste,74.49,760.87,66.7,7.789999999999992,0.3497245700961588,1,Melhor desempenho / menor risco
3202454,32,ES,Sudeste,82.36,766.97,80.0,2.3599999999999994,0.34951741042718415,1,Melhor desempenho / menor risco
3157252,31,MG,Sudeste,70.45,757.03,72.21,-1.759999999999991,0.3491693813390042,0,Pressão de meta / risco intermediário
2211605,22,PI,Nordeste,100.0,807.05,80.0,20.0,0.3489345082222923,1,Melhor desempenho / menor risco
2305407,23,CE,Nordeste,75.41,769.03,80.0,-4.590000000000003,0.348755133808129,0,Pressão de meta / risco intermediário
2612000,26,PE,Nordeste,81.01,773.88,71.61,9.400000000000006,0.34873143243270116,1,Melhor desempenho / menor risco
3550308,35,SP,Sudeste,48.25,739.02,51.06,-2.8100000000000023,0.34844942938047696,3,Desempenho favorável
2601607,26,PE,Nordeste,62.62,748.72,60.84,1.779999999999994,0.3483939767914805,3,Desempenho favorável
1200385,12,AC,Norte,33.78,718.67,41.81,-8.030000000000001,0.34839042748476323,2,Maior vulnerabilidade / maior risco
3544509,35,SP,Sudeste,75.0,776.16,66.85,8.150000000000006,0.34820141821850625,1,Melhor desempenho / menor risco
3515905,35,SP,Sudeste,96.19,807.88,80.0,16.189999999999998,0.3481827570384809,1,Melhor desempenho / menor risco
2607802,26,PE,Nordeste,57.35,744.55,58.59,-1.240000000000002,0.3481809508460723,3,Desempenho favorável
3503703,35,SP,Sudeste,87.22,774.82,69.0,18.22,0.34801959777047675,1,Melhor desempenho / menor risco
5107040,51,MT,Centro-Oeste,58.79,749.04,59.19,-0.3999999999999986,0.3479384726792817,3,Desempenho favorável
2204907,22,PI,Nordeste,34.44,722.2,42.95,-8.510000000000005,0.3478873308953029,2,Maior vulnerabilidade / maior risco
4103479,41,PR,Sul,64.76,754.85,63.64,1.1200000000000045,0.3477816593359741,3,Desempenho favorável
1200427,12,AC,Norte,38.92,731.52,46.4,-7.479999999999997,0.3476718392959902,3,Desempenho favorável
2708709,27,AL,Nordeste,50.67,737.6,48.46,2.210000000000001,0.34764732908422463,3,Desempenho favorável
3536703,35,SP,Sudeste,46.77,736.24,49.95,-3.1799999999999997,0.347440529327176,3,Desempenho favorável
3119500,31,MG,Sudeste,67.56,752.47,70.29,-2.730000000000004,0.3474091436718732,0,Pressão de meta / risco intermediário
3506359,35,SP,Sudeste,69.58,766.21,62.95,6.6299999999999955,0.347387993045874,3,Desempenho favorável
4201109,42,SC,Sul,56.94,749.15,61.39,-4.450000000000003,0.34738125331338626,3,Desempenho favorável
1100601,11,RO,Norte,78.84,754.88,62.92,15.920000000000002,0.3468023395330812,3,Desempenho favorável
3501806,35,SP,Sudeste,78.38,772.48,66.48,11.899999999999991,0.3467340366420997,1,Melhor desempenho / menor risco
3203007,32,ES,Sudeste,67.97,757.97,74.43,-6.460000000000008,0.34648764618287525,0,Pressão de meta / risco intermediário
3204401,32,ES,Sudeste,77.38,766.07,78.61,-1.230000000000004,0.34634456761951327,1,Melhor desempenho / menor risco
3164308,31,MG,Sudeste,77.02,758.64,73.91,3.1099999999999994,0.34622013188058437,1,Melhor desempenho / menor risco
2408508,24,RN,Nordeste,73.61,757.56,53.15,20.46,0.3460579770974777,3,Desempenho favorável
3121258,31,MG,Sudeste,47.77,731.91,60.45,-12.68,0.3455896850269495,3,Desempenho favorável
5106216,51,MT,Centro-Oeste,68.51,760.27,64.21,4.300000000000011,0.3452547710625251,3,Desempenho favorável
3551108,35,SP,Sudeste,53.32,745.26,53.71,-0.39000000000000057,0.3449413287042675,3,Desempenho favorável
2609105,26,PE,Nordeste,96.75,792.94,80.0,16.75,0.34492633092708813,1,Melhor desempenho / menor risco
3154457,31,MG,Sudeste,72.81,758.15,72.85,-0.03999999999999204,0.34468772128304825,0,Pressão de meta / risco intermediário
3532405,35,SP,Sudeste,62.5,752.43,57.58,4.920000000000002,0.3446471288517242,3,Desempenho favorável
3140407,31,MG,Sudeste,84.57,767.13,77.76,6.809999999999988,0.34456751077134123,1,Melhor desempenho / menor risco
5107941,51,MT,Centro-Oeste,62.36,752.55,60.75,1.6099999999999994,0.34372128666751994,3,Desempenho favorável
3151107,31,MG,Sudeste,66.15,746.77,68.27,-2.1199999999999903,0.3430781492659735,3,Desempenho favorável
2512200,25,PB,Nordeste,63.28,762.07,58.02,5.259999999999998,0.3430616076368972,3,Desempenho favorável
3102050,31,MG,Sudeste,87.17,773.5,80.0,7.170000000000002,0.3429081200145786,1,Melhor desempenho / menor risco
5222203,52,GO,Centro-Oeste,78.69,763.26,80.0,-1.3100000000000023,0.34290754635418647,1,Melhor desempenho / menor risco
2603926,26,PE,Nordeste,100.0,790.77,80.0,20.0,0.3428838936742376,1,Melhor desempenho / menor risco
2208858,22,PI,Nordeste,92.42,813.5,80.0,12.420000000000002,0.3428094682458874,1,Melhor desempenho / menor risco
3139102,31,MG,Sudeste,71.05,759.42,72.76,-1.710000000000008,0.34250370520046286,0,Pressão de meta / risco intermediário
4201273,42,SC,Sul,96.31,786.18,79.57,16.74000000000001,0.3417741945639501,1,Melhor desempenho / menor risco
5107750,51,MT,Centro-Oeste,97.49,796.16,80.0,17.489999999999995,0.3417383019291936,1,Melhor desempenho / menor risco
1503408,15,PA,Norte,45.41,724.27,37.4,8.009999999999998,0.3416970575768765,3,Desempenho favorável
2500775,25,PB,Nordeste,62.41,750.23,54.49,7.919999999999995,0.34088931316221993,3,Desempenho favorável
4121000,41,PR,Sul,50.32,740.71,56.48,-6.159999999999997,0.34027385331376986,3,Desempenho favorável
3140530,31,MG,Sudeste,83.69,767.69,77.58,6.109999999999999,0.340248518256878,1,Melhor desempenho / menor risco
2707206,27,AL,Nordeste,48.87,736.65,47.56,1.3099999999999952,0.34013908943838717,3,Desempenho favorável
2512747,25,PB,Nordeste,70.37,769.49,61.42,8.950000000000003,0.3397510662414498,3,Desempenho favorável
4113254,41,PR,Sul,46.64,730.8,52.96,-6.32,0.3397267723741875,3,Desempenho favorável
5216908,52,GO,Centro-Oeste,80.87,762.04,80.0,0.8700000000000045,0.3397051746693772,1,Melhor desempenho / menor risco
5106109,51,MT,Centro-Oeste,82.05,779.74,72.16,9.89,0.3386954195685851,1,Melhor desempenho / menor risco
2202737,22,PI,Nordeste,94.47,807.72,78.68,15.789999999999992,0.33869335362928016,1,Melhor desempenho / menor risco
3139508,31,MG,Sudeste,68.84,759.54,72.2,-3.3599999999999994,0.3386651567396555,0,Pressão de meta / risco intermediário
2900306,29,BA,Nordeste,59.14,746.9,35.26,23.880000000000003,0.3385334123745038,3,Desempenho favorável
3162450,31,MG,Sudeste,33.42,717.8,53.33,-19.909999999999997,0.33847257400630043,2,Maior vulnerabilidade / maior risco
5105176,51,MT,Centro-Oeste,73.66,764.92,66.31,7.349999999999994,0.33818607632637254,1,Melhor desempenho / menor risco
1713700,17,TO,Norte,44.77,739.86,44.22,0.5500000000000043,0.33787586939269515,3,Desempenho favorável
2413706,24,RN,Nordeste,48.74,743.12,43.71,5.030000000000001,0.3374344981604358,3,Desempenho favorável
4210902,42,SC,Sul,94.86,789.38,80.0,14.86,0.337416993275203,1,Melhor desempenho / menor risco
4202206,42,SC,Sul,71.71,761.28,67.43,4.279999999999987,0.3370015352202513,3,Desempenho favorável
3145406,31,MG,Sudeste,89.13,772.85,80.0,9.129999999999995,0.33655775665895465,1,Melhor desempenho / menor risco
2613701,26,PE,Nordeste,53.32,738.31,55.62,-2.299999999999997,0.3365510136820692,3,Desempenho favorável
2207702,22,PI,Nordeste,38.42,730.39,45.63,-7.210000000000001,0.33638872308395673,3,Desempenho favorável
2705606,27,AL,Nordeste,39.85,725.72,42.53,-2.6799999999999997,0.3361158368980562,3,Desempenho favorável
4216354,42,SC,Sul,64.01,751.99,63.23,0.7800000000000082,0.33589267536066425,3,Desempenho favorável
4206702,42,SC,Sul,59.83,750.54,61.96,-2.1300000000000026,0.3357579420456534,3,Desempenho favorável
2203750,22,PI,Nordeste,52.0,736.63,50.13,1.8699999999999974,0.3354620337532916,3,Desempenho favorável
5203203,52,GO,Centro-Oeste,77.88,764.89,80.0,-2.1200000000000045,0.33494694446167766,1,Melhor desempenho / menor risco
3529658,35,SP,Sudeste,56.25,726.16,48.68,7.57,0.33492743597492564,3,Desempenho favorável
5208301,52,GO,Centro-Oeste,80.42,762.79,79.94,0.480000000000004,0.33481642630508157,1,Melhor desempenho / menor risco
4209300,42,SC,Sul,55.85,742.15,58.78,-2.9299999999999997,0.33470642101414844,3,Desempenho favorável
2105476,21,MA,Nordeste,69.39,754.7,57.76,11.630000000000003,0.3344100954702354,3,Desempenho favorável
5103502,51,MT,Centro-Oeste,65.08,753.42,61.22,3.8599999999999994,0.33435839415022134,3,Desempenho favorável
3204609,32,ES,Sudeste,82.16,769.09,80.0,2.1599999999999966,0.3341396442838582,1,Melhor desempenho / menor risco
3159209,31,MG,Sudeste,92.49,770.65,80.0,12.489999999999995,0.3341359244474813,1,Melhor desempenho / menor risco
3549607,35,SP,Sudeste,52.78,737.61,51.08,1.7000000000000028,0.3335913217342708,3,Desempenho favorável
3554508,35,SP,Sudeste,62.5,757.7,58.64,3.8599999999999994,0.3334857461359685,3,Desempenho favorável
5007505,50,MS,Centro-Oeste,48.97,733.92,51.7,-2.730000000000004,0.33341019674267136,3,Desempenho favorável
5219357,52,GO,Centro-Oeste,77.97,763.72,79.64,-1.6700000000000017,0.3334066477413255,1,Melhor desempenho / menor risco
3546405,35,SP,Sudeste,72.25,761.35,61.64,10.61,0.33278504785261853,3,Desempenho favorável
3116704,31,MG,Sudeste,83.5,769.7,77.83,5.670000000000002,0.33278489184700477,1,Melhor desempenho / menor risco
2505352,25,PB,Nordeste,50.86,747.22,50.96,-0.10000000000000142,0.3322144643348465,3,Desempenho favorável
5208152,52,GO,Centro-Oeste,79.76,763.91,80.0,-0.23999999999999488,0.3316613401596735,1,Melhor desempenho / menor risco
3146404,31,MG,Sudeste,82.34,775.87,79.25,3.0900000000000034,0.3315087936062821,1,Melhor desempenho / menor risco
3162203,31,MG,Sudeste,84.26,777.15,80.0,4.260000000000005,0.33148456131871556,1,Melhor desempenho / menor risco
4207700,42,SC,Sul,62.84,750.72,62.47,0.37000000000000455,0.33123450621409234,3,Desempenho favorável
2414308,24,RN,Nordeste,40.0,724.06,36.41,3.5900000000000034,0.3311897174421102,3,Desempenho favorável
3202009,32,ES,Sudeste,81.34,770.09,80.0,1.3400000000000034,0.33116170637083847,1,Melhor desempenho / menor risco
2205532,22,PI,Nordeste,98.36,810.58,80.0,18.36,0.33100661614637716,1,Melhor desempenho / menor risco
4205431,42,SC,Sul,76.76,767.87,70.07,6.690000000000012,0.3306930092677505,1,Melhor desempenho / menor risco
5107958,51,MT,Centro-Oeste,58.95,750.02,58.88,0.07000000000000028,0.33066738418238883,3,Desempenho favorável
3543709,35,SP,Sudeste,74.83,774.78,65.79,9.039999999999992,0.33010919292159896,1,Melhor desempenho / menor risco
2307106,23,CE,Nordeste,70.8,769.47,78.5,-7.700000000000003,0.32995346233903455,0,Pressão de meta / risco intermediário
3160306,31,MG,Sudeste,65.72,749.44,68.45,-2.730000000000004,0.3299325017499229,3,Desempenho favorável
3521606,35,SP,Sudeste,96.0,810.4,80.0,16.0,0.32970196436208465,1,Melhor desempenho / menor risco
5108956,51,MT,Centro-Oeste,92.37,794.35,78.0,14.370000000000005,0.32940207656926535,1,Melhor desempenho / menor risco
3538105,35,SP,Sudeste,63.37,753.06,57.37,6.0,0.3288392360944961,3,Desempenho favorável
3537206,35,SP,Sudeste,45.97,735.61,48.94,-2.969999999999999,0.32861797137326326,3,Desempenho favorável
2614402,26,PE,Nordeste,93.99,783.6,76.26,17.72999999999999,0.3284701252730299,1,Melhor desempenho / menor risco
2601052,26,PE,Nordeste,53.49,743.51,56.79,-3.299999999999997,0.328122432742105,3,Desempenho favorável
3122405,31,MG,Sudeste,67.64,751.43,69.33,-1.6899999999999977,0.32807211890319526,3,Desempenho favorável
3139706,31,MG,Sudeste,76.79,758.49,73.17,3.6200000000000045,0.3279679940201461,1,Melhor desempenho / menor risco
3167608,31,MG,Sudeste,68.54,754.05,70.23,-1.6899999999999977,0.3277844197000688,0,Pressão de meta / risco intermediário
3523107,35,SP,Sudeste,57.19,748.68,54.84,2.3499999999999943,0.3276975811771707,3,Desempenho favorável
4207759,42,SC,Sul,70.07,761.64,66.85,3.219999999999999,0.3275241217468439,3,Desempenho favorável
3164605,31,MG,Sudeste,76.46,762.31,74.14,2.319999999999993,0.3274756701907251,1,Melhor desempenho / menor risco
3555307,35,SP,Sudeste,70.59,745.06,56.6,13.990000000000002,0.32741910588987705,3,Desempenho favorável
3115706,31,MG,Sudeste,72.79,764.5,73.98,-1.1899999999999977,0.3272946091642095,1,Melhor desempenho / menor risco
3547908,35,SP,Sudeste,67.18,758.3,59.54,7.640000000000008,0.3270019906994451,3,Desempenho favorável
3133907,31,MG,Sudeste,76.97,774.11,77.49,-0.519999999999996,0.3269900003410272,1,Melhor desempenho / menor risco
2605152,26,PE,Nordeste,83.37,768.29,69.76,13.61,0.3264925510780473,1,Melhor desempenho / menor risco
3201902,32,ES,Sudeste,81.13,770.93,80.0,1.1299999999999955,0.3259350275375865,1,Melhor desempenho / menor risco
2706422,27,AL,Nordeste,68.76,745.95,53.73,15.030000000000008,0.3258192767610603,3,Desempenho favorável
3139805,31,MG,Sudeste,49.4,742.66,63.05,-13.649999999999999,0.32575554248461963,3,Desempenho favorável
1700301,17,TO,Norte,40.89,731.27,40.59,0.29999999999999716,0.3252776594872195,3,Desempenho favorável
3110202,31,MG,Sudeste,69.57,750.24,69.29,0.2799999999999869,0.32503341010852954,3,Desempenho favorável
3203700,32,ES,Sudeste,82.24,770.28,80.0,2.239999999999995,0.3245626239565759,1,Melhor desempenho / menor risco
2101772,21,MA,Nordeste,77.73,761.6,61.02,16.71,0.3240995452097366,1,Melhor desempenho / menor risco
5106422,51,MT,Centro-Oeste,41.77,730.48,49.67,-7.899999999999999,0.323604236177666,3,Desempenho favorável
5007109,50,MS,Centro-Oeste,42.87,727.62,48.34,-5.470000000000006,0.3235281745164024,3,Desempenho favorável
2516102,25,PB,Nordeste,47.26,739.18,47.67,-0.4100000000000037,0.32328568183621015,3,Desempenho favorável
3162658,31,MG,Sudeste,86.4,761.99,75.95,10.450000000000003,0.32315372890034966,1,Melhor desempenho / menor risco
3204252,32,ES,Sudeste,80.01,772.14,80.0,0.010000000000005116,0.3231039350701286,1,Melhor desempenho / menor risco
4108106,41,PR,Sul,78.57,764.83,68.36,10.209999999999994,0.3227700058608929,1,Melhor desempenho / menor risco
3203908,32,ES,Sudeste,83.24,769.79,80.0,3.239999999999995,0.3226036875923307,1,Melhor desempenho / menor risco
3118809,31,MG,Sudeste,68.05,755.03,70.21,-2.1599999999999966,0.3225632526255678,0,Pressão de meta / risco intermediário
2615409,26,PE,Nordeste,63.95,747.74,59.92,4.030000000000001,0.32255048021624527,3,Desempenho favorável
3531605,35,SP,Sudeste,94.29,779.29,70.78,23.510000000000005,0.3223665355937597,1,Melhor desempenho / menor risco
5212253,52,GO,Centro-Oeste,76.19,767.83,80.0,-3.8100000000000023,0.3221217812890984,1,Melhor desempenho / menor risco
5216452,52,GO,Centro-Oeste,77.78,760.57,78.32,-0.539999999999992,0.3220740249475749,1,Melhor desempenho / menor risco
3515400,35,SP,Sudeste,82.78,778.97,68.3,14.480000000000004,0.3220508266324406,1,Melhor desempenho / menor risco
3510807,35,SP,Sudeste,61.98,751.07,56.27,5.709999999999994,0.32161173143672384,3,Desempenho favorável
5007208,50,MS,Centro-Oeste,52.67,736.65,52.79,-0.11999999999999744,0.3215325008445302,3,Desempenho favorável
2615508,26,PE,Nordeste,73.31,763.16,66.05,7.260000000000005,0.32067990593650203,1,Melhor desempenho / menor risco
2305266,23,CE,Nordeste,60.53,759.68,73.33,-12.799999999999997,0.3205913543208743,0,Pressão de meta / risco intermediário
1714880,17,TO,Norte,40.7,732.87,40.82,-0.11999999999999744,0.32053004186880724,3,Desempenho favorável
3104908,31,MG,Sudeste,77.43,759.59,73.33,4.1000000000000085,0.32036800883495103,1,Melhor desempenho / menor risco
2204501,22,PI,Nordeste,68.54,758.43,59.02,9.520000000000003,0.3200696449061931,3,Desempenho favorável
4204194,42,SC,Sul,65.91,746.17,61.44,4.469999999999999,0.3200204163718201,3,Desempenho favorável
2611507,26,PE,Nordeste,58.1,747.31,58.48,-0.37999999999999545,0.3195012421608747,3,Desempenho favorável
3144672,31,MG,Sudeste,48.0,732.68,59.77,-11.770000000000003,0.31940634499631837,3,Desempenho favorável
3500204,35,SP,Sudeste,85.8,779.07,68.85,16.950000000000003,0.31925928980413004,1,Melhor desempenho / menor risco
2201960,22,PI,Nordeste,42.58,735.97,47.4,-4.82,0.3188977928846569,3,Desempenho favorável
3135308,31,MG,Sudeste,78.49,760.8,73.82,4.670000000000002,0.31863020899510636,1,Melhor desempenho / menor risco
3113503,31,MG,Sudeste,70.78,750.98,69.51,1.269999999999996,0.31860319530308484,3,Desempenho favorável
2802304,28,SE,Nordeste,37.21,725.07,34.77,2.4399999999999977,0.3185974846710544,3,Desempenho favorável
3115805,31,MG,Sudeste,89.95,770.22,78.79,11.159999999999997,0.31852542884962015,1,Melhor desempenho / menor risco
3168408,31,MG,Sudeste,77.47,759.1,73.13,4.340000000000003,0.31838179238938336,1,Melhor desempenho / menor risco
3201100,32,ES,Sudeste,67.33,750.56,71.23,-3.9000000000000057,0.318122401675714,0,Pressão de meta / risco intermediário
2602407,26,PE,Nordeste,86.18,772.38,71.15,15.030000000000001,0.31767707804508344,1,Melhor desempenho / menor risco
3122801,31,MG,Sudeste,84.85,778.54,80.0,4.849999999999994,0.31755905173045623,1,Melhor desempenho / menor risco
5201207,52,GO,Centro-Oeste,81.25,764.69,80.0,1.25,0.3172569892255206,1,Melhor desempenho / menor risco
4202073,42,SC,Sul,49.21,736.1,55.1,-5.890000000000001,0.3172157312624327,3,Desempenho favorável
4112504,41,PR,Sul,77.74,762.36,67.3,10.439999999999998,0.31715761078487026,1,Melhor desempenho / menor risco
3115359,31,MG,Sudeste,71.35,757.49,71.37,-0.020000000000010232,0.31703707436108064,0,Pressão de meta / risco intermediário
1200336,12,AC,Norte,38.07,733.44,45.65,-7.579999999999998,0.3169197026092713,3,Desempenho favorável
2504108,25,PB,Nordeste,91.67,796.37,72.43,19.239999999999995,0.316915217002954,1,Melhor desempenho / menor risco
4217550,42,SC,Sul,97.43,790.21,80.0,17.430000000000007,0.3164115396525118,1,Melhor desempenho / menor risco
3133303,31,MG,Sudeste,49.62,731.23,59.56,-9.940000000000005,0.31548735099035086,3,Desempenho favorável
4217402,42,SC,Sul,75.91,764.91,68.52,7.390000000000001,0.3154372371559542,1,Melhor desempenho / menor risco
2706208,27,AL,Nordeste,51.18,739.25,47.84,3.3399999999999963,0.314819675283369,3,Desempenho favorável
5200308,52,GO,Centro-Oeste,75.79,759.66,77.39,-1.5999999999999943,0.31480361001122986,0,Pressão de meta / risco intermediário
4110904,41,PR,Sul,76.11,759.46,66.06,10.049999999999997,0.3144123916679953,1,Melhor desempenho / menor risco
2703502,27,AL,Nordeste,77.02,773.7,62.69,14.329999999999998,0.3143627764321077,1,Melhor desempenho / menor risco
3142502,31,MG,Sudeste,95.0,771.38,80.0,15.0,0.3143204385829066,1,Melhor desempenho / menor risco
2802403,28,SE,Nordeste,36.4,726.98,34.97,1.4299999999999997,0.3142400221065541,3,Desempenho favorável
4208500,42,SC,Sul,77.25,766.82,69.26,7.989999999999995,0.31367564537597037,1,Melhor desempenho / menor risco
1714203,17,TO,Norte,43.89,740.3,43.26,0.6300000000000026,0.3130971815309556,3,Desempenho favorável
2201572,22,PI,Nordeste,100.0,811.76,80.0,20.0,0.3127849620680745,1,Melhor desempenho / menor risco
3204559,32,ES,Sudeste,79.8,773.7,80.0,-0.20000000000000284,0.31255190698495144,1,Melhor desempenho / menor risco
3120151,31,MG,Sudeste,48.66,740.48,61.81,-13.150000000000006,0.31254982343485355,3,Desempenho favorável
5105101,51,MT,Centro-Oeste,64.06,760.15,62.05,2.010000000000005,0.3118694248063574,3,Desempenho favorável
3148202,31,MG,Sudeste,80.53,764.12,74.9,5.6299999999999955,0.3115982013839453,1,Melhor desempenho / menor risco
2603504,26,PE,Nordeste,68.51,759.28,63.64,4.8700000000000045,0.311326706086795,3,Desempenho favorável
2611002,26,PE,Nordeste,66.17,751.69,61.05,5.1200000000000045,0.31111483324000627,3,Desempenho favorável
4207403,42,SC,Sul,79.52,766.93,69.66,9.86,0.31098576805109585,1,Melhor desempenho / menor risco
5003702,50,MS,Centro-Oeste,53.43,738.2,52.98,0.45000000000000284,0.31079822303006976,3,Desempenho favorável
2201002,22,PI,Nordeste,98.15,813.47,80.0,18.150000000000006,0.3103571880574622,1,Melhor desempenho / menor risco
3163201,31,MG,Sudeste,86.26,771.74,78.14,8.120000000000005,0.3102163528343963,1,Melhor desempenho / menor risco
2705507,27,AL,Nordeste,84.41,766.01,61.92,22.489999999999995,0.30972419581979455,1,Melhor desempenho / menor risco
5212303,52,GO,Centro-Oeste,75.41,764.12,78.35,-2.9399999999999977,0.3095653173692274,1,Melhor desempenho / menor risco
3205101,32,ES,Sudeste,68.8,757.88,73.22,-4.420000000000002,0.30900411196923394,0,Pressão de meta / risco intermediário
5209705,52,GO,Centro-Oeste,65.56,750.2,72.44,-6.8799999999999955,0.3088941576762364,0,Pressão de meta / risco intermediário
3129103,31,MG,Sudeste,86.09,770.98,77.84,8.25,0.3087481668555819,1,Melhor desempenho / menor risco
3203403,32,ES,Sudeste,65.32,755.5,71.83,-6.510000000000005,0.30867037222880606,0,Pressão de meta / risco intermediário
2514107,25,PB,Nordeste,48.38,749.42,50.19,-1.8099999999999952,0.30857544459623315,3,Desempenho favorável
2603207,26,PE,Nordeste,57.25,743.49,56.84,0.4099999999999966,0.3084679751879623,3,Desempenho favorável
4215109,42,SC,Sul,68.35,757.17,64.55,3.799999999999997,0.3082462363199927,3,Desempenho favorável
2510402,25,PB,Nordeste,89.36,787.8,69.26,20.099999999999994,0.3082018318150383,1,Melhor desempenho / menor risco
4214102,42,SC,Sul,58.33,751.58,60.92,-2.5900000000000034,0.3079059116609438,3,Desempenho favorável
5101258,51,MT,Centro-Oeste,60.47,751.37,58.73,1.740000000000002,0.30783257489953336,3,Desempenho favorável
3203353,32,ES,Sudeste,78.31,771.65,78.94,-0.6299999999999955,0.3075806448724985,1,Melhor desempenho / menor risco
3506706,35,SP,Sudeste,55.34,750.47,54.2,1.1400000000000006,0.30724560003954776,3,Desempenho favorável
5211602,52,GO,Centro-Oeste,73.91,771.53,80.0,-6.090000000000003,0.30720095560259036,1,Melhor desempenho / menor risco
3546108,35,SP,Sudeste,100.0,810.4,80.0,20.0,0.307180923966944,1,Melhor desempenho / menor risco
3118908,31,MG,Sudeste,79.85,757.21,72.65,7.199999999999989,0.3062635721890536,1,Melhor desempenho / menor risco
4207205,42,SC,Sul,44.91,727.85,51.51,-6.600000000000001,0.30590769471669627,3,Desempenho favorável
1100452,11,RO,Norte,72.32,753.32,59.65,12.669999999999995,0.3057252882456429,3,Desempenho favorável
2501153,25,PB,Nordeste,36.36,723.46,40.4,-4.039999999999999,0.3051625669122343,3,Desempenho favorável
2702207,27,AL,Nordeste,54.67,740.26,48.48,6.190000000000005,0.3051336509486047,3,Desempenho favorável
5100102,51,MT,Centro-Oeste,40.41,739.49,51.19,-10.780000000000001,0.30495777972953547,3,Desempenho favorável
3103801,31,MG,Sudeste,92.02,774.89,80.0,12.019999999999996,0.30482180703499956,1,Melhor desempenho / menor risco
5213400,52,GO,Centro-Oeste,84.62,763.87,80.0,4.6200000000000045,0.3046168426654233,1,Melhor desempenho / menor risco
2709202,27,AL,Nordeste,47.49,737.24,46.14,1.3500000000000014,0.3045897583076188,3,Desempenho favorável
2207108,22,PI,Nordeste,85.71,780.75,68.16,17.549999999999997,0.3044205109336242,1,Melhor desempenho / menor risco
3154507,31,MG,Sudeste,70.0,760.67,71.49,-1.4899999999999949,0.30414113533399917,0,Pressão de meta / risco intermediário
3167301,31,MG,Sudeste,86.36,779.25,80.0,6.359999999999999,0.30389284990586485,1,Melhor desempenho / menor risco
3521101,35,SP,Sudeste,62.62,750.58,55.59,7.029999999999994,0.30336612187784,3,Desempenho favorável
3200706,32,ES,Sudeste,77.52,763.01,76.22,1.2999999999999972,0.3031058891171928,1,Melhor desempenho / menor risco
3532306,35,SP,Sudeste,57.89,744.49,52.9,4.990000000000002,0.30261469168286603,3,Desempenho favorável
3200169,32,ES,Sudeste,81.68,766.88,78.13,3.5500000000000114,0.302574321968948,1,Melhor desempenho / menor risco
3530508,35,SP,Sudeste,61.52,757.65,57.28,4.240000000000002,0.30238432427716133,3,Desempenho favorável
3132800,31,MG,Sudeste,83.33,776.07,78.43,4.8999999999999915,0.3021872817077735,1,Melhor desempenho / menor risco
3113206,31,MG,Sudeste,80.43,763.51,74.34,6.090000000000003,0.3017080230179542,1,Melhor desempenho / menor risco
2112506,21,MA,Nordeste,57.61,743.03,50.89,6.719999999999999,0.30155582468414216,3,Desempenho favorável
5219407,52,GO,Centro-Oeste,83.33,762.07,79.11,4.219999999999999,0.3012871563375174,1,Melhor desempenho / menor risco
3169802,31,MG,Sudeste,67.31,749.06,67.61,-0.29999999999999716,0.30111733838056665,3,Desempenho favorável
2511608,25,PB,Nordeste,61.18,754.47,53.95,7.229999999999997,0.3010542883174384,3,Desempenho favorável
2204303,22,PI,Nordeste,96.63,815.92,80.0,16.629999999999995,0.30069195906102814,1,Melhor desempenho / menor risco
3140308,31,MG,Sudeste,70.98,746.6,67.67,3.3100000000000023,0.3006209001341921,3,Desempenho favorável
2610202,26,PE,Nordeste,94.53,792.41,77.76,16.769999999999996,0.30016119203361963,1,Melhor desempenho / menor risco
2204402,22,PI,Nordeste,39.2,735.5,45.87,-6.669999999999995,0.3000974873642587,3,Desempenho favorável
3101631,31,MG,Sudeste,78.08,766.04,74.48,3.5999999999999943,0.2997684896712282,1,Melhor desempenho / menor risco
3205069,32,ES,Sudeste,82.2,773.64,80.0,2.200000000000003,0.2997657965802276,1,Melhor desempenho / menor risco
3134608,31,MG,Sudeste,75.36,761.65,72.7,2.6599999999999966,0.2996646195731342,1,Melhor desempenho / menor risco
3140159,31,MG,Sudeste,74.09,765.12,73.37,0.7199999999999989,0.29896249998011637,1,Melhor desempenho / menor risco
5210562,52,GO,Centro-Oeste,77.71,769.84,80.0,-2.2900000000000063,0.29875888348542046,1,Melhor desempenho / menor risco
3133709,31,MG,Sudeste,80.42,765.35,74.73,5.689999999999998,0.29863411159090836,1,Melhor desempenho / menor risco
3159506,31,MG,Sudeste,87.19,779.37,80.0,7.189999999999998,0.2984834840044014,1,Melhor desempenho / menor risco
3116407,31,MG,Sudeste,84.7,768.57,76.49,8.210000000000008,0.2982351839547936,1,Melhor desempenho / menor risco
3126703,31,MG,Sudeste,35.05,723.85,53.86,-18.810000000000002,0.29822006321116007,2,Maior vulnerabilidade / maior risco
2405504,24,RN,Nordeste,31.58,718.64,31.95,-0.370000000000001,0.2981791012531613,3,Desempenho favorável
5108006,51,MT,Centro-Oeste,68.81,764.72,63.78,5.030000000000001,0.29815554349926865,3,Desempenho favorável
4213401,42,SC,Sul,66.76,750.06,61.87,4.890000000000008,0.29802318274083534,3,Desempenho favorável
3557204,35,SP,Sudeste,51.58,743.66,51.19,0.39000000000000057,0.2979797516986616,3,Desempenho favorável
3202306,32,ES,Sudeste,76.71,762.99,75.85,0.8599999999999994,0.2979097444692497,1,Melhor desempenho / menor risco
3554607,35,SP,Sudeste,58.99,741.19,52.03,6.960000000000001,0.29773325184358784,3,Desempenho favorável
2606002,26,PE,Nordeste,69.75,751.86,61.33,8.420000000000002,0.29763788570618416,3,Desempenho favorável
2202117,22,PI,Nordeste,59.33,741.37,51.56,7.769999999999996,0.29759383069065365,3,Desempenho favorável
3114204,31,MG,Sudeste,72.37,759.04,71.27,1.1000000000000085,0.29729450932905166,1,Melhor desempenho / menor risco
3120904,31,MG,Sudeste,71.71,755.08,70.03,1.6799999999999926,0.29706436334404174,3,Desempenho favorável
2207850,22,PI,Nordeste,90.0,787.7,70.68,19.319999999999993,0.296811086836241,1,Melhor desempenho / menor risco
2111573,21,MA,Nordeste,59.47,749.43,52.86,6.609999999999999,0.2967175528987604,3,Desempenho favorável
3510104,35,SP,Sudeste,92.31,791.69,72.84,19.47,0.2966683903047159,1,Melhor desempenho / menor risco
3532827,35,SP,Sudeste,61.55,755.12,56.36,5.189999999999998,0.2964147022119778,3,Desempenho favorável
5200100,52,GO,Centro-Oeste,79.39,766.23,79.26,0.12999999999999545,0.29641376728643465,1,Melhor desempenho / menor risco
3146305,31,MG,Sudeste,48.96,732.48,59.05,-10.089999999999996,0.2963310206168599,3,Desempenho favorável
2501534,25,PB,Nordeste,89.76,777.7,66.08,23.680000000000007,0.2957556264482092,1,Melhor desempenho / menor risco
3165560,31,MG,Sudeste,84.62,772.71,77.52,7.1000000000000085,0.295668531503126,1,Melhor desempenho / menor risco
2515930,25,PB,Nordeste,75.35,770.67,61.14,14.209999999999994,0.2953146920763386,1,Melhor desempenho / menor risco
2302008,23,CE,Nordeste,63.94,754.63,71.69,-7.75,0.29522206273550944,0,Pressão de meta / risco intermediário
3530904,35,SP,Sudeste,74.25,772.41,63.72,10.530000000000001,0.29521426294857367,1,Melhor desempenho / menor risco
2402105,24,RN,Nordeste,39.72,740.38,39.52,0.19999999999999574,0.294953226971302,3,Desempenho favorável
3511706,35,SP,Sudeste,62.5,753.35,56.0,6.5,0.2946610041817907,3,Desempenho favorável
3134202,31,MG,Sudeste,66.72,753.58,68.48,-1.7600000000000051,0.2943592430085148,3,Desempenho favorável
2600609,26,PE,Nordeste,53.87,740.4,54.75,-0.8800000000000026,0.294284683407613,3,Desempenho favorável
2100477,21,MA,Nordeste,56.29,740.58,49.66,6.630000000000003,0.29421349546532577,3,Desempenho favorável
2608453,26,PE,Nordeste,59.78,750.11,58.65,1.1300000000000026,0.294117953894718,3,Desempenho favorável
2202083,22,PI,Nordeste,62.75,762.59,58.0,4.75,0.29410444208372516,3,Desempenho favorável
3148707,31,MG,Sudeste,60.74,743.73,64.51,-3.770000000000003,0.29408759128144446,3,Desempenho favorável
5221304,52,GO,Centro-Oeste,84.05,764.41,79.62,4.429999999999993,0.29379164214225784,1,Melhor desempenho / menor risco
4212270,42,SC,Sul,60.0,746.31,59.27,0.7299999999999969,0.2936967079459961,3,Desempenho favorável
3204658,32,ES,Sudeste,84.74,772.71,80.0,4.739999999999995,0.2927509204612244,1,Melhor desempenho / menor risco
2616506,26,PE,Nordeste,81.33,768.96,68.26,13.069999999999993,0.2926306111978566,1,Melhor desempenho / menor risco
5105150,51,MT,Centro-Oeste,56.58,748.85,56.65,-0.07000000000000028,0.29257085697835744,3,Desempenho favorável
3113701,31,MG,Sudeste,55.83,746.29,64.14,-8.310000000000002,0.29246363911510287,3,Desempenho favorável
1702406,17,TO,Norte,61.2,748.4,48.29,12.910000000000004,0.2922166511444553,3,Desempenho favorável
2205250,22,PI,Nordeste,77.0,778.98,65.39,11.61,0.2918267787900819,1,Melhor desempenho / menor risco
3501301,35,SP,Sudeste,72.19,769.76,62.43,9.759999999999998,0.29179383267046854,1,Melhor desempenho / menor risco
5206909,52,GO,Centro-Oeste,83.12,766.76,80.0,3.1200000000000045,0.2917815182692721,1,Melhor desempenho / menor risco
3205036,32,ES,Sudeste,72.05,759.8,73.75,-1.7000000000000028,0.29127198872642684,0,Pressão de meta / risco intermediário
3121001,31,MG,Sudeste,90.32,778.05,80.0,10.319999999999993,0.29111866739272607,1,Melhor desempenho / menor risco
2603801,26,PE,Nordeste,69.34,749.86,60.43,8.910000000000004,0.29080217775381295,3,Desempenho favorável
1718451,17,TO,Norte,40.91,720.43,36.3,4.609999999999999,0.2906064740518551,3,Desempenho favorável
3513108,35,SP,Sudeste,59.0,749.52,54.06,4.939999999999998,0.2905705624487581,3,Desempenho favorável
3532900,35,SP,Sudeste,68.76,764.4,60.19,8.570000000000007,0.29052540021676154,3,Desempenho favorável
3205200,32,ES,Sudeste,67.75,756.35,71.85,-4.099999999999994,0.28979500659668544,0,Pressão de meta / risco intermediário
3543238,35,SP,Sudeste,91.67,795.68,73.53,18.14,0.2893711415093708,1,Melhor desempenho / menor risco
3143708,31,MG,Sudeste,61.85,746.55,65.33,-3.479999999999997,0.28918478719032226,3,Desempenho favorável
2616100,26,PE,Nordeste,68.84,756.49,62.08,6.760000000000005,0.28874937222530994,3,Desempenho favorável
1715754,17,TO,Norte,77.41,772.72,58.23,19.18,0.28872082129124904,1,Melhor desempenho / menor risco
3111705,31,MG,Sudeste,87.5,770.32,77.18,10.319999999999993,0.28853772615782997,1,Melhor desempenho / menor risco
3104007,31,MG,Sudeste,75.35,761.87,72.32,3.030000000000001,0.2882380897908048,1,Melhor desempenho / menor risco
2106300,21,MA,Nordeste,82.04,762.67,60.86,21.180000000000007,0.2882211505439563,1,Melhor desempenho / menor risco
3205002,32,ES,Sudeste,57.12,742.94,65.88,-8.759999999999998,0.28812571526352565,3,Desempenho favorável
4218905,42,SC,Sul,76.9,761.09,66.62,10.280000000000001,0.2877322915746712,1,Melhor desempenho / menor risco
5001904,50,MS,Centro-Oeste,52.31,734.69,50.9,1.4100000000000037,0.2876995342435014,3,Desempenho favorável
2211704,22,PI,Nordeste,54.29,744.05,50.86,3.4299999999999997,0.28724124600345324,3,Desempenho favorável
5107065,51,MT,Centro-Oeste,74.18,766.89,65.07,9.110000000000014,0.2872369003161349,1,Melhor desempenho / menor risco
3169059,31,MG,Sudeste,93.75,772.04,78.87,14.879999999999995,0.2865360619724023,1,Melhor desempenho / menor risco
3149903,31,MG,Sudeste,79.12,765.23,73.96,5.160000000000011,0.28647951107799347,1,Melhor desempenho / menor risco
3200607,32,ES,Sudeste,74.36,758.75,73.75,0.6099999999999994,0.2864414967744135,1,Melhor desempenho / menor risco
4213005,42,SC,Sul,79.31,757.32,66.02,13.290000000000006,0.2862912149895329,1,Melhor desempenho / menor risco
4115507,41,PR,Sul,75.85,759.61,64.95,10.899999999999991,0.28550273325079806,1,Melhor desempenho / menor risco
4207502,42,SC,Sul,67.83,756.2,63.3,4.530000000000001,0.28535460714277755,3,Desempenho favorável
2211100,22,PI,Nordeste,35.21,726.74,42.05,-6.839999999999996,0.2852079534311237,3,Desempenho favorável
5003256,50,MS,Centro-Oeste,54.88,736.38,51.8,3.0800000000000054,0.2851698965344975,3,Desempenho favorável
3166600,31,MG,Sudeste,90.0,779.15,80.0,10.0,0.2849954124403417,1,Melhor desempenho / menor risco
3549706,35,SP,Sudeste,63.96,761.56,58.19,5.770000000000003,0.28480779083655816,3,Desempenho favorável
3529807,35,SP,Sudeste,68.18,753.47,56.82,11.360000000000007,0.2846515036247663,3,Desempenho favorável
3513405,35,SP,Sudeste,55.99,745.77,52.17,3.8200000000000003,0.2846335746679572,3,Desempenho favorável
3145307,31,MG,Sudeste,81.88,774.17,76.92,4.959999999999994,0.28437605656221776,1,Melhor desempenho / menor risco
3117108,31,MG,Sudeste,78.53,765.08,73.71,4.820000000000007,0.2842648870025397,1,Melhor desempenho / menor risco
2305357,23,CE,Nordeste,76.34,777.01,80.0,-3.6599999999999966,0.2838383166009815,1,Melhor desempenho / menor risco
2106706,21,MA,Nordeste,55.82,739.51,48.86,6.960000000000001,0.28371963265616046,3,Desempenho favorável
3100807,31,MG,Sudeste,88.68,780.34,80.0,8.680000000000007,0.2835647627675472,1,Melhor desempenho / menor risco
3152204,31,MG,Sudeste,70.05,753.94,68.84,1.2099999999999937,0.2833247554560399,3,Desempenho favorável
3105905,31,MG,Sudeste,83.24,768.63,75.62,7.61999999999999,0.2831089935637899,1,Melhor desempenho / menor risco
2102150,21,MA,Nordeste,49.3,739.42,47.46,1.8399999999999963,0.28303342913163565,3,Desempenho favorável
2204808,22,PI,Nordeste,95.83,818.99,80.0,15.829999999999998,0.28297470404447306,1,Melhor desempenho / menor risco
5002902,50,MS,Centro-Oeste,54.38,734.06,50.95,3.4299999999999997,0.28248519232342917,3,Desempenho favorável
3167707,31,MG,Sudeste,75.93,756.86,70.83,5.1000000000000085,0.2824822523084112,1,Melhor desempenho / menor risco
2507309,25,PB,Nordeste,51.18,745.5,48.68,2.5,0.28232724690248145,3,Desempenho favorável
3105400,31,MG,Sudeste,62.71,748.17,65.68,-2.970000000000006,0.2821254279434789,3,Desempenho favorável
3145000,31,MG,Sudeste,78.86,768.74,74.7,4.159999999999997,0.2819713150446931,1,Melhor desempenho / menor risco
1200138,12,AC,Norte,26.69,708.99,35.2,-8.510000000000002,0.28174322255945383,2,Maior vulnerabilidade / maior risco
3110400,31,MG,Sudeste,86.64,782.13,80.0,6.640000000000001,0.2817068119771122,1,Melhor desempenho / menor risco
3145851,31,MG,Sudeste,82.24,769.98,75.73,6.509999999999991,0.28167389633538764,1,Melhor desempenho / menor risco
1101484,11,RO,Norte,78.36,760.85,62.05,16.310000000000002,0.28151307118819624,1,Melhor desempenho / menor risco
2510600,25,PB,Nordeste,100.0,822.42,80.0,20.0,0.2813233960246385,1,Melhor desempenho / menor risco
2603702,26,PE,Nordeste,65.49,747.39,58.57,6.919999999999995,0.2810389842430877,3,Desempenho favorável
3552601,35,SP,Sudeste,98.83,814.99,80.0,18.83,0.2804535396002488,1,Melhor desempenho / menor risco
2210508,22,PI,Nordeste,67.14,765.8,59.26,7.880000000000003,0.28035672436667985,3,Desempenho favorável
3144201,31,MG,Sudeste,62.86,748.1,65.62,-2.760000000000005,0.28030751601702986,3,Desempenho favorável
2608750,26,PE,Nordeste,67.55,761.96,62.99,4.559999999999995,0.2801813356395837,3,Desempenho favorável
2403905,24,RN,Nordeste,78.95,773.79,56.29,22.660000000000004,0.2800929640884079,1,Melhor desempenho / menor risco
2105500,21,MA,Nordeste,55.83,740.13,48.88,6.949999999999996,0.27982203421621976,3,Desempenho favorável
5106307,51,MT,Centro-Oeste,60.98,747.05,56.56,4.419999999999995,0.2796988741534246,3,Desempenho favorável
3204302,32,ES,Sudeste,69.85,756.91,72.03,-2.180000000000007,0.2793449394425081,0,Pressão de meta / risco intermediário
3166006,31,MG,Sudeste,86.42,780.8,79.49,6.930000000000007,0.2792545006332312,1,Melhor desempenho / menor risco
2412906,24,RN,Nordeste,37.72,730.14,35.66,2.0600000000000023,0.2791462678291257,3,Desempenho favorável
2614303,26,PE,Nordeste,56.94,743.68,55.7,1.2399999999999949,0.2791054334850146,3,Desempenho favorável
3131307,31,MG,Sudeste,70.92,756.58,69.58,1.3400000000000034,0.2790197804369327,3,Desempenho favorável
3142304,31,MG,Sudeste,90.58,774.19,78.51,12.069999999999993,0.27892989723101463,1,Melhor desempenho / menor risco
3202405,32,ES,Sudeste,75.99,760.8,74.35,1.6400000000000006,0.27871347779739936,1,Melhor desempenho / menor risco
5207535,52,GO,Centro-Oeste,70.81,761.93,75.57,-4.759999999999991,0.27774352488670984,0,Pressão de meta / risco intermediário
3201506,32,ES,Sudeste,77.5,764.55,75.66,1.8400000000000034,0.27773248406088646,1,Melhor desempenho / menor risco
2206670,22,PI,Nordeste,40.04,730.66,43.81,-3.770000000000003,0.2770311768039175,3,Desempenho favorável
2109205,21,MA,Nordeste,57.94,744.15,50.31,7.6299999999999955,0.2768567375699372,3,Desempenho favorável
4103206,41,PR,Sul,72.9,753.06,62.18,10.720000000000006,0.2766466432298343,3,Desempenho favorável
5106000,51,MT,Centro-Oeste,65.5,749.46,58.03,7.469999999999999,0.27640170994775354,3,Desempenho favorável
2301851,23,CE,Nordeste,76.25,778.18,80.0,-3.75,0.2761266414836705,1,Melhor desempenho / menor risco
3513702,35,SP,Sudeste,80.62,778.88,66.08,14.540000000000006,0.2761202928591123,1,Melhor desempenho / menor risco
2516201,25,PB,Nordeste,66.52,760.22,55.67,10.849999999999994,0.275980470104453,3,Desempenho favorável
4205803,42,SC,Sul,66.73,757.18,62.97,3.760000000000005,0.27589380756831666,3,Desempenho favorável
5212907,52,GO,Centro-Oeste,83.33,768.86,80.0,3.3299999999999983,0.2758677117981139,1,Melhor desempenho / menor risco
5209903,52,GO,Centro-Oeste,65.45,743.03,69.15,-3.700000000000003,0.2755650510521792,3,Desempenho favorável
3123908,31,MG,Sudeste,91.72,779.23,80.0,11.719999999999999,0.2754340121225593,1,Melhor desempenho / menor risco
3136579,31,MG,Sudeste,90.91,779.86,80.0,10.909999999999997,0.2752668962844099,1,Melhor desempenho / menor risco
2608107,26,PE,Nordeste,75.79,762.02,64.5,11.290000000000006,0.2748862073065754,1,Melhor desempenho / menor risco
3137205,31,MG,Sudeste,79.9,769.58,74.86,5.040000000000006,0.2747300515112198,1,Melhor desempenho / menor risco
3170404,31,MG,Sudeste,59.06,746.33,64.12,-5.060000000000002,0.2746486085948066,3,Desempenho favorável
5207907,52,GO,Centro-Oeste,65.41,749.8,70.97,-5.560000000000002,0.274481545270733,0,Pressão de meta / risco intermediário
3154903,31,MG,Sudeste,62.76,751.33,66.26,-3.500000000000007,0.27446528550746485,3,Desempenho favorável
1507102,15,PA,Norte,69.85,751.86,47.56,22.289999999999992,0.27446078718323635,3,Desempenho favorável
3120607,31,MG,Sudeste,90.23,780.51,80.0,10.230000000000004,0.2742894807515764,1,Melhor desempenho / menor risco
2405405,24,RN,Nordeste,31.34,716.89,30.47,0.870000000000001,0.27392963464801473,3,Desempenho favorável
2402907,24,RN,Nordeste,47.83,736.68,39.35,8.479999999999997,0.2739112334694241,3,Desempenho favorável
3148004,31,MG,Sudeste,76.9,763.63,72.56,4.340000000000003,0.27386117119239495,1,Melhor desempenho / menor risco
3112059,31,MG,Sudeste,65.99,750.39,66.62,-0.6300000000000097,0.27326664544633167,3,Desempenho favorável
3200409,32,ES,Sudeste,88.41,772.8,80.0,8.409999999999997,0.27280876749008726,1,Melhor desempenho / menor risco
3109808,31,MG,Sudeste,94.74,777.36,80.0,14.739999999999995,0.2727496740582057,1,Melhor desempenho / menor risco
3159704,31,MG,Sudeste,79.88,770.86,75.13,4.75,0.2727410804459882,1,Melhor desempenho / menor risco
5215900,52,GO,Centro-Oeste,82.81,769.71,80.0,2.8100000000000023,0.2726838655788672,1,Melhor desempenho / menor risco
3111309,31,MG,Sudeste,76.54,760.2,71.49,5.050000000000011,0.27268151429095266,1,Melhor desempenho / menor risco
2202000,22,PI,Nordeste,61.68,751.12,53.76,7.920000000000002,0.2725082107955091,3,Desempenho favorável
2211357,22,PI,Nordeste,31.25,728.78,41.29,-10.04,0.2724627984615128,2,Maior vulnerabilidade / maior risco
3128204,31,MG,Sudeste,75.0,777.32,75.89,-0.8900000000000006,0.2723231805248926,1,Melhor desempenho / menor risco
2513604,25,PB,Nordeste,52.77,739.76,47.01,5.760000000000005,0.271971209193239,3,Desempenho favorável
3117900,31,MG,Sudeste,83.44,769.53,75.46,7.980000000000004,0.27178501040813546,1,Melhor desempenho / menor risco
3204906,32,ES,Sudeste,69.53,755.46,71.26,-1.730000000000004,0.27175523750381386,3,Desempenho favorável
3141801,31,MG,Sudeste,78.82,764.98,73.23,5.589999999999989,0.27136712197114754,1,Melhor desempenho / menor risco
2504355,25,PB,Nordeste,76.68,775.59,61.82,14.860000000000007,0.2709956308122845,1,Melhor desempenho / menor risco
5106265,51,MT,Centro-Oeste,67.67,763.85,62.24,5.43,0.2709924082931149,3,Desempenho favorável
3161205,31,MG,Sudeste,90.73,777.25,79.06,11.670000000000002,0.2707526321132609,1,Melhor desempenho / menor risco
3502002,35,SP,Sudeste,68.65,752.24,56.02,12.630000000000003,0.2706309096631228,3,Desempenho favorável
2613503,26,PE,Nordeste,60.42,748.83,57.48,2.940000000000005,0.27002474499640283,3,Desempenho favorável
3104205,31,MG,Sudeste,88.86,779.19,79.17,9.689999999999998,0.2697715372650054,1,Melhor desempenho / menor risco
5207253,52,GO,Centro-Oeste,83.34,765.18,78.73,4.609999999999999,0.26952776928758954,1,Melhor desempenho / menor risco
3166402,31,MG,Sudeste,75.0,753.4,69.15,5.849999999999994,0.2691691649137522,3,Desempenho favorável
3114402,31,MG,Sudeste,68.35,756.46,68.62,-0.27000000000001023,0.2691477983073924,3,Desempenho favorável
2605905,26,PE,Nordeste,77.37,765.4,65.53,11.840000000000003,0.26914298362242967,1,Melhor desempenho / menor risco
5206305,52,GO,Centro-Oeste,82.2,770.72,80.0,2.200000000000003,0.26889049749228316,1,Melhor desempenho / menor risco
4105102,41,PR,Sul,74.15,755.06,62.67,11.480000000000004,0.2686490050034487,3,Desempenho favorável
3130408,31,MG,Sudeste,82.9,768.8,75.01,7.890000000000001,0.26840718937670754,1,Melhor desempenho / menor risco
3171154,31,MG,Sudeste,81.82,771.53,75.52,6.299999999999997,0.26788038460841557,1,Melhor desempenho / menor risco
5004106,50,MS,Centro-Oeste,64.58,752.72,57.63,6.949999999999996,0.267778557296425,3,Desempenho favorável
4202099,42,SC,Sul,66.67,746.84,59.77,6.899999999999999,0.2677200187658134,3,Desempenho favorável
3138906,31,MG,Sudeste,65.94,755.64,67.83,-1.8900000000000006,0.2675468634933096,3,Desempenho favorável
2111532,21,MA,Nordeste,55.64,736.1,47.22,8.420000000000002,0.2671908234332745,3,Desempenho favorável
2503555,25,PB,Nordeste,47.9,743.68,46.89,1.009999999999998,0.267111659118797,3,Desempenho favorável
4109658,41,PR,Sul,73.2,760.2,63.82,9.380000000000003,0.2668155778956265,3,Desempenho favorável
5212956,52,GO,Centro-Oeste,52.82,743.51,66.31,-13.490000000000002,0.26661147945829705,3,Desempenho favorável
2408706,24,RN,Nordeste,14.29,700.69,22.17,-7.880000000000003,0.26660564422315797,2,Maior vulnerabilidade / maior risco
5108402,51,MT,Centro-Oeste,61.76,754.86,58.35,3.4099999999999966,0.2664880282022863,3,Desempenho favorável
3161650,31,MG,Sudeste,76.32,770.05,73.91,2.4099999999999966,0.26631862163996217,1,Melhor desempenho / menor risco
4301750,43,RS,Sul,4.4,698.17,14.05,-9.65,0.26617134354508704,2,Maior vulnerabilidade / maior risco
3165578,31,MG,Sudeste,76.97,767.28,73.26,3.7099999999999937,0.2658618891306069,1,Melhor desempenho / menor risco
2112407,21,MA,Nordeste,64.42,750.7,53.01,11.410000000000004,0.2656775436642734,3,Desempenho favorável
2203701,22,PI,Nordeste,73.13,782.42,64.5,8.629999999999995,0.2655851171235993,1,Melhor desempenho / menor risco
4205308,42,SC,Sul,66.52,753.89,61.6,4.919999999999995,0.2655614366344832,3,Desempenho favorável
3202207,32,ES,Sudeste,62.28,747.77,67.38,-5.099999999999994,0.26546972240491373,3,Desempenho favorável
5210307,52,GO,Centro-Oeste,92.59,763.46,80.0,12.590000000000003,0.2654166054805475,1,Melhor desempenho / menor risco
5213103,52,GO,Centro-Oeste,84.01,769.88,80.0,4.010000000000005,0.26540047767098196,1,Melhor desempenho / menor risco
3145703,31,MG,Sudeste,83.33,765.66,74.09,9.239999999999995,0.2649502814947949,1,Melhor desempenho / menor risco
3156205,31,MG,Sudeste,58.33,748.66,64.21,-5.8799999999999955,0.2646844757065428,3,Desempenho favorável
3161908,31,MG,Sudeste,91.6,780.9,80.0,11.599999999999994,0.26462855597225254,1,Melhor desempenho / menor risco
5205521,52,GO,Centro-Oeste,58.9,746.5,68.3,-9.399999999999999,0.2643161517121793,3,Desempenho favorável
3132701,31,MG,Sudeste,56.95,737.67,60.87,-3.9199999999999946,0.2642828986973683,3,Desempenho favorável
2107605,21,MA,Nordeste,70.09,750.9,54.18,15.910000000000004,0.2642667174423559,3,Desempenho favorável
3158201,31,MG,Sudeste,66.73,754.53,67.55,-0.8199999999999932,0.2642034948240475,3,Desempenho favorável
3203163,32,ES,Sudeste,87.5,774.75,80.0,7.5,0.26416031232170895,1,Melhor desempenho / menor risco
3140852,31,MG,Sudeste,31.08,721.05,50.92,-19.840000000000003,0.26413569988149893,2,Maior vulnerabilidade / maior risco
2801603,28,SE,Nordeste,45.3,737.59,37.78,7.519999999999996,0.2637094771189378,3,Desempenho favorável
2508901,25,PB,Nordeste,68.65,765.69,57.11,11.540000000000006,0.26331290042508354,3,Desempenho favorável
3202900,32,ES,Sudeste,82.15,773.87,78.61,3.5400000000000063,0.26317452373985856,1,Melhor desempenho / menor risco
3117306,31,MG,Sudeste,58.64,745.84,63.42,-4.780000000000001,0.262868615932373,3,Desempenho favorável
5201108,52,GO,Centro-Oeste,73.22,758.88,74.61,-1.3900000000000006,0.26252579324001696,1,Melhor desempenho / menor risco
3154606,31,MG,Sudeste,59.36,744.44,63.16,-3.799999999999997,0.2623376626696041,3,Desempenho favorável
3205010,32,ES,Sudeste,70.81,755.93,71.27,-0.45999999999999375,0.2623089956695859,3,Desempenho favorável
2100055,21,MA,Nordeste,62.76,750.06,52.35,10.409999999999997,0.2622684112910791,3,Desempenho favorável
5100409,51,MT,Centro-Oeste,52.91,743.52,53.21,-0.30000000000000426,0.2622157794568876,3,Desempenho favorável
4107256,41,PR,Sul,68.96,750.27,59.98,8.979999999999997,0.2614954600964472,3,Desempenho favorável
5210802,52,GO,Centro-Oeste,82.86,771.36,80.0,2.8599999999999994,0.2612292084608409,1,Melhor desempenho / menor risco
2614808,26,PE,Nordeste,73.8,763.24,63.86,9.939999999999998,0.2609620512942607,3,Desempenho favorável
3112000,31,MG,Sudeste,90.37,782.39,80.0,10.370000000000005,0.2607983081972455,1,Melhor desempenho / menor risco
2502409,25,PB,Nordeste,60.93,758.09,53.3,7.630000000000003,0.2605799211113089,3,Desempenho favorável
3150604,31,MG,Sudeste,76.35,760.77,71.11,5.239999999999995,0.26045734219268046,1,Melhor desempenho / menor risco
4209409,42,SC,Sul,34.29,727.66,47.47,-13.18,0.26035100425232105,2,Maior vulnerabilidade / maior risco
2110658,21,MA,Nordeste,36.83,717.43,37.88,-1.0500000000000043,0.2601458263773961,3,Desempenho favorável
3161502,31,MG,Sudeste,92.77,780.78,80.0,12.769999999999996,0.25956196624078587,1,Melhor desempenho / menor risco
5100250,51,MT,Centro-Oeste,71.46,762.46,62.17,9.289999999999992,0.25951255928003464,3,Desempenho favorável
2604304,26,PE,Nordeste,63.12,748.99,57.65,5.469999999999999,0.25945985329916144,3,Desempenho favorável
3201704,32,ES,Sudeste,84.19,771.46,78.21,5.980000000000004,0.25940598210049026,1,Melhor desempenho / menor risco
2110906,21,MA,Nordeste,83.35,765.15,60.66,22.689999999999998,0.259384205531486,1,Melhor desempenho / menor risco
2209104,22,PI,Nordeste,98.15,820.73,80.0,18.150000000000006,0.25916305551040064,1,Melhor desempenho / menor risco
1716653,17,TO,Norte,61.79,755.47,49.03,12.759999999999998,0.25877066282366956,3,Desempenho favorável
2606309,26,PE,Nordeste,68.11,759.19,61.47,6.640000000000001,0.2586980571663398,3,Desempenho favorável
1721257,17,TO,Norte,66.67,755.05,49.91,16.760000000000005,0.2584586351138195,3,Desempenho favorável
3203346,32,ES,Sudeste,86.57,771.71,78.73,7.839999999999989,0.25841283353951683,1,Melhor desempenho / menor risco
5209804,52,GO,Centro-Oeste,72.5,750.52,71.97,0.5300000000000011,0.25817618011916144,3,Desempenho favorável
3551900,35,SP,Sudeste,61.65,752.87,54.23,7.420000000000002,0.25802300501279085,3,Desempenho favorável
5210208,52,GO,Centro-Oeste,83.04,767.52,78.84,4.200000000000003,0.25795730660893457,1,Melhor desempenho / menor risco
3147204,31,MG,Sudeste,69.21,755.69,68.12,1.0899999999999892,0.2578255604204793,3,Desempenho favorável
2514503,25,PB,Nordeste,55.77,743.79,48.14,7.630000000000003,0.2572143547029017,3,Desempenho favorável
3123700,31,MG,Sudeste,63.03,750.28,65.32,-2.289999999999992,0.2571894445714623,3,Desempenho favorável
5204854,52,GO,Centro-Oeste,84.62,770.65,80.0,4.6200000000000045,0.25718933167918584,1,Melhor desempenho / menor risco
3107703,31,MG,Sudeste,98.04,777.37,80.0,18.040000000000006,0.25603170443823775,1,Melhor desempenho / menor risco
5106505,51,MT,Centro-Oeste,38.36,729.18,45.98,-7.619999999999997,0.256022635228451,3,Desempenho favorável
3111606,31,MG,Sudeste,71.94,761.4,70.18,1.759999999999991,0.2558365087708841,1,Melhor desempenho / menor risco
3160108,31,MG,Sudeste,94.3,780.2,80.0,14.299999999999997,0.2558164781317964,1,Melhor desempenho / menor risco
3172004,31,MG,Sudeste,65.77,743.9,64.06,1.7099999999999937,0.2556863512031763,3,Desempenho favorável
5200803,52,GO,Centro-Oeste,64.99,747.7,69.53,-4.540000000000006,0.2556007560303411,3,Desempenho favorável
3110509,31,MG,Sudeste,58.56,745.22,62.93,-4.369999999999997,0.2555897564875966,3,Desempenho favorável
2614857,26,PE,Nordeste,57.18,748.81,56.21,0.9699999999999989,0.25557329505766446,3,Desempenho favorável
3522901,35,SP,Sudeste,53.04,740.26,48.86,4.18,0.25554195498613497,3,Desempenho favorável
3126307,31,MG,Sudeste,62.75,753.4,66.05,-3.299999999999997,0.2554042805943345,3,Desempenho favorável
1718881,17,TO,Norte,39.73,739.84,40.0,-0.2700000000000031,0.2552350006243584,3,Desempenho favorável
3111507,31,MG,Sudeste,65.27,749.02,65.35,-0.0799999999999983,0.25516031942628403,3,Desempenho favorável
2300408,23,CE,Nordeste,75.83,769.43,76.61,-0.7800000000000011,0.2545064030081208,1,Melhor desempenho / menor risco
2415008,24,RN,Nordeste,39.06,730.18,34.93,4.130000000000003,0.25417421514462324,3,Desempenho favorável
3203205,32,ES,Sudeste,67.59,752.3,69.25,-1.6599999999999966,0.2538832346121082,3,Desempenho favorável
5210406,52,GO,Centro-Oeste,81.22,771.02,79.26,1.9599999999999937,0.25386521532808415,1,Melhor desempenho / menor risco
2507200,25,PB,Nordeste,36.64,724.97,38.84,-2.200000000000003,0.25383571483624495,3,Desempenho favorável
3100302,31,MG,Sudeste,86.67,786.22,80.0,6.670000000000002,0.2537549566037705,1,Melhor desempenho / menor risco
1101609,11,RO,Norte,78.73,758.18,60.25,18.480000000000004,0.2535381286172554,3,Desempenho favorável
2602704,26,PE,Nordeste,85.53,772.3,68.48,17.049999999999997,0.253525492379772,1,Melhor desempenho / menor risco
5105309,51,MT,Centro-Oeste,46.43,741.29,50.89,-4.460000000000001,0.25348469292624887,3,Desempenho favorável
3138401,31,MG,Sudeste,65.18,750.35,65.62,-0.4399999999999977,0.25327902636264754,3,Desempenho favorável
5211800,52,GO,Centro-Oeste,83.96,771.74,80.0,3.9599999999999937,0.25325675936524594,1,Melhor desempenho / menor risco
5106299,51,MT,Centro-Oeste,79.7,774.57,66.96,12.740000000000009,0.25325206916687454,1,Melhor desempenho / menor risco
1302801,13,AM,Norte,48.41,738.97,36.53,11.879999999999995,0.2532199644073809,3,Desempenho favorável
3118700,31,MG,Sudeste,82.47,767.76,74.0,8.469999999999999,0.25308430100854695,1,Melhor desempenho / menor risco
5103205,51,MT,Centro-Oeste,64.22,758.37,59.26,4.960000000000001,0.2527642416132576,3,Desempenho favorável
3200805,32,ES,Sudeste,74.59,758.45,72.35,2.240000000000009,0.2527528541989672,1,Melhor desempenho / menor risco
3505302,35,SP,Sudeste,80.01,778.57,64.91,15.100000000000009,0.25274341933852457,1,Melhor desempenho / menor risco
4207684,42,SC,Sul,77.74,763.94,66.16,11.579999999999998,0.25259407757818836,1,Melhor desempenho / menor risco
5210901,52,GO,Centro-Oeste,85.28,767.91,79.18,6.099999999999994,0.2524473655426946,1,Melhor desempenho / menor risco
5200159,52,GO,Centro-Oeste,81.99,773.34,80.0,1.9899999999999949,0.25242773300579585,1,Melhor desempenho / menor risco
3125952,31,MG,Sudeste,76.31,760.08,70.55,5.760000000000005,0.2518266336485474,1,Melhor desempenho / menor risco
2805208,28,SE,Nordeste,40.26,720.46,31.5,8.759999999999998,0.2516551006520213,3,Desempenho favorável
4116505,41,PR,Sul,43.75,739.03,51.24,-7.490000000000002,0.25144979560041264,3,Desempenho favorável
4212650,42,SC,Sul,45.95,740.05,52.93,-6.979999999999997,0.25136151742576535,3,Desempenho favorável
3541307,35,SP,Sudeste,69.12,764.36,58.66,10.460000000000008,0.2510922350887579,3,Desempenho favorável
1702307,17,TO,Norte,68.32,757.65,50.64,17.679999999999993,0.25060217716751443,3,Desempenho favorável
2101707,21,MA,Nordeste,78.52,767.83,60.01,18.509999999999998,0.2500426943621011,1,Melhor desempenho / menor risco
4204509,42,SC,Sul,79.7,766.9,67.27,12.430000000000007,0.2499126059776597,1,Melhor desempenho / menor risco
3544707,35,SP,Sudeste,91.33,800.99,73.32,18.010000000000005,0.24970380749481844,1,Melhor desempenho / menor risco
3130200,31,MG,Sudeste,79.48,764.71,72.39,7.090000000000003,0.2495763616140162,1,Melhor desempenho / menor risco
2502102,25,PB,Nordeste,47.71,734.49,43.58,4.130000000000003,0.24956117633491962,3,Desempenho favorável
2500908,25,PB,Nordeste,52.9,750.67,49.12,3.780000000000001,0.24941651890372338,3,Desempenho favorável
3121308,31,MG,Sudeste,73.05,754.73,68.28,4.769999999999996,0.24907288981720277,3,Desempenho favorável
5005202,50,MS,Centro-Oeste,33.36,717.15,40.56,-7.200000000000003,0.24900288210667137,2,Maior vulnerabilidade / maior risco
5218300,52,GO,Centro-Oeste,80.95,764.93,77.31,3.6400000000000006,0.24889207908759164,1,Melhor desempenho / menor risco
3136306,31,MG,Sudeste,69.87,750.92,66.56,3.3100000000000023,0.2488577805942706,3,Desempenho favorável
2607703,26,PE,Nordeste,89.12,775.83,70.0,19.120000000000005,0.24884703131170366,1,Melhor desempenho / menor risco
1101757,11,RO,Norte,55.65,740.39,50.36,5.289999999999999,0.2488292222653195,3,Desempenho favorável
3536307,35,SP,Sudeste,67.0,756.85,56.04,10.96,0.2486111770873808,3,Desempenho favorável
5208608,52,GO,Centro-Oeste,82.28,773.25,79.85,2.430000000000007,0.24806981452915555,1,Melhor desempenho / menor risco
3155603,31,MG,Sudeste,85.31,771.48,75.39,9.920000000000002,0.24776885176514776,1,Melhor desempenho / menor risco
3506805,35,SP,Sudeste,49.59,737.54,47.06,2.530000000000001,0.24763434587119537,3,Desempenho favorável
2313351,23,CE,Nordeste,80.16,779.54,80.0,0.1599999999999966,0.24742318676992547,1,Melhor desempenho / menor risco
1718907,17,TO,Norte,36.92,730.39,36.44,0.480000000000004,0.24659103974638488,3,Desempenho favorável
4211751,42,SC,Sul,70.95,759.28,63.21,7.740000000000002,0.24653722234571074,3,Desempenho favorável
5101902,51,MT,Centro-Oeste,69.06,762.36,61.09,7.969999999999999,0.24632863313337183,3,Desempenho favorável
2301307,23,CE,Nordeste,77.22,770.55,76.85,0.37000000000000455,0.24609880728934885,1,Melhor desempenho / menor risco
2407252,24,RN,Nordeste,60.04,755.67,45.97,14.07,0.24605567834041853,3,Desempenho favorável
2202109,22,PI,Nordeste,100.0,821.35,80.0,20.0,0.2460409927327733,1,Melhor desempenho / menor risco
5107248,51,MT,Centro-Oeste,93.91,791.12,74.14,19.769999999999996,0.24541722050520035,1,Melhor desempenho / menor risco
5211206,52,GO,Centro-Oeste,85.1,772.12,80.0,5.099999999999994,0.24525459736179153,1,Melhor desempenho / menor risco
3203130,32,ES,Sudeste,77.28,764.93,74.37,2.9099999999999966,0.24506640928655646,1,Melhor desempenho / menor risco
3113305,31,MG,Sudeste,52.42,742.08,60.34,-7.920000000000002,0.24494010159051652,3,Desempenho favorável
2510808,25,PB,Nordeste,67.47,762.84,55.29,12.18,0.24458118767195858,3,Desempenho favorável
2205607,22,PI,Nordeste,100.0,821.6,80.0,20.0,0.24443559643651164,1,Melhor desempenho / menor risco
5211305,52,GO,Centro-Oeste,83.26,765.36,77.69,5.570000000000007,0.2438468418371199,1,Melhor desempenho / menor risco
3149952,31,MG,Sudeste,44.47,734.35,56.51,-12.04,0.24380120347301407,3,Desempenho favorável
5214507,52,GO,Centro-Oeste,71.18,753.31,71.85,-0.6699999999999875,0.24359505032238138,3,Desempenho favorável
3115102,31,MG,Sudeste,76.99,771.79,73.57,3.4200000000000017,0.24346006976144652,1,Melhor desempenho / menor risco
2210003,22,PI,Nordeste,65.25,760.28,55.82,9.43,0.24345229777909982,3,Desempenho favorável
3165909,31,MG,Sudeste,90.34,773.57,76.79,13.549999999999997,0.24270799430173126,1,Melhor desempenho / menor risco
3202553,32,ES,Sudeste,79.56,768.67,75.77,3.7900000000000063,0.24262795936162235,1,Melhor desempenho / menor risco
3171303,31,MG,Sudeste,72.11,756.41,68.27,3.8400000000000034,0.2425572891960602,3,Desempenho favorável
3200904,32,ES,Sudeste,87.39,774.13,78.89,8.5,0.2424321010263236,1,Melhor desempenho / menor risco
2307502,23,CE,Nordeste,74.29,773.04,76.77,-2.4799999999999898,0.2423347622136451,1,Melhor desempenho / menor risco
2106102,21,MA,Nordeste,66.12,748.49,51.76,14.360000000000007,0.24214117446854158,3,Desempenho favorável
2112308,21,MA,Nordeste,66.43,748.62,51.86,14.570000000000007,0.2421402566157396,3,Desempenho favorável
3104809,31,MG,Sudeste,48.8,738.65,58.52,-9.720000000000006,0.2420911302399873,3,Desempenho favorável
2706000,27,AL,Nordeste,80.79,770.75,59.77,21.020000000000003,0.2420024966651484,1,Melhor desempenho / menor risco
3504701,35,SP,Sudeste,100.0,819.93,80.0,20.0,0.24159424178572678,1,Melhor desempenho / menor risco
5102702,51,MT,Centro-Oeste,42.06,731.68,46.81,-4.75,0.24134298628717507,3,Desempenho favorável
5214408,52,GO,Centro-Oeste,83.94,771.05,79.29,4.6499999999999915,0.2412274477984639,1,Melhor desempenho / menor risco
3137809,31,MG,Sudeste,74.76,761.98,70.29,4.469999999999999,0.2409976239641752,1,Melhor desempenho / menor risco
2513943,25,PB,Nordeste,100.0,828.52,80.0,20.0,0.2405739228124874,1,Melhor desempenho / menor risco
5002951,50,MS,Centro-Oeste,63.42,748.52,55.08,8.340000000000003,0.24046679756897776,3,Desempenho favorável
5220280,52,GO,Centro-Oeste,86.36,771.93,80.0,6.359999999999999,0.24045465682175632,1,Melhor desempenho / menor risco
5103858,51,MT,Centro-Oeste,59.6,753.14,56.31,3.289999999999999,0.2399778233207886,3,Desempenho favorável
3129400,31,MG,Sudeste,87.87,787.48,80.0,7.8700000000000045,0.2398434311673838,1,Melhor desempenho / menor risco
3122306,31,MG,Sudeste,73.79,760.53,69.63,4.160000000000011,0.23965566469819058,1,Melhor desempenho / menor risco
5222054,52,GO,Centro-Oeste,84.21,769.19,78.75,5.459999999999994,0.23935733401134937,1,Melhor desempenho / menor risco
3530003,35,SP,Sudeste,93.03,778.79,67.08,25.950000000000003,0.23917527759383705,1,Melhor desempenho / menor risco
1703909,17,TO,Norte,31.53,721.08,32.42,-0.8900000000000006,0.2389391232200288,3,Desempenho favorável
2510006,25,PB,Nordeste,63.86,747.3,50.0,13.86,0.2388885254615289,3,Desempenho favorável
5206206,52,GO,Centro-Oeste,69.1,755.37,71.75,-2.6500000000000057,0.23810227256892488,3,Desempenho favorável
2602308,26,PE,Nordeste,79.75,764.02,64.31,15.439999999999998,0.23758552300945493,1,Melhor desempenho / menor risco
5005608,50,MS,Centro-Oeste,38.78,719.6,41.86,-3.0799999999999983,0.2374992028089209,3,Desempenho favorável
5100201,51,MT,Centro-Oeste,79.49,773.35,65.9,13.58999999999999,0.23747153825318754,1,Melhor desempenho / menor risco
3150406,31,MG,Sudeste,83.86,770.77,74.44,9.420000000000002,0.23730561292623345,1,Melhor desempenho / menor risco
3517000,35,SP,Sudeste,68.1,770.25,59.46,8.639999999999993,0.2368054482903045,3,Desempenho favorável
3168804,31,MG,Sudeste,68.34,759.2,68.0,0.3400000000000034,0.23657353958452734,3,Desempenho favorável
4208708,42,SC,Sul,70.16,756.46,61.83,8.329999999999998,0.23649100479805638,3,Desempenho favorável
5203500,52,GO,Centro-Oeste,81.51,765.43,77.02,4.490000000000009,0.23634888009992344,1,Melhor desempenho / menor risco
3512308,35,SP,Sudeste,69.48,763.76,57.93,11.550000000000004,0.23632525839206386,3,Desempenho favorável
2406205,24,RN,Nordeste,11.65,696.82,19.26,-7.610000000000001,0.2360725015442949,2,Maior vulnerabilidade / maior risco
3106002,31,MG,Sudeste,73.62,759.07,69.02,4.6000000000000085,0.23576195519663673,1,Melhor desempenho / menor risco
2401602,24,RN,Nordeste,29.29,722.39,29.96,-0.6700000000000017,0.2357011069940943,3,Desempenho favorável
3141207,31,MG,Sudeste,91.94,785.16,80.0,11.939999999999998,0.23529235135528845,1,Melhor desempenho / menor risco
5006358,50,MS,Centro-Oeste,66.43,751.2,56.21,10.220000000000006,0.23516029182028375,3,Desempenho favorável
2200251,22,PI,Nordeste,74.63,754.86,55.89,18.739999999999995,0.23497485591447642,3,Desempenho favorável
2612307,26,PE,Nordeste,78.66,768.64,65.23,13.429999999999993,0.23460210654873945,1,Melhor desempenho / menor risco
3534005,35,SP,Sudeste,74.45,759.73,57.76,16.690000000000005,0.23443728890951834,3,Desempenho favorável
3112109,31,MG,Sudeste,67.92,754.81,66.6,1.3200000000000074,0.23432502297261532,3,Desempenho favorável
4128559,41,PR,Sul,76.11,754.28,61.39,14.719999999999999,0.23398903515007385,3,Desempenho favorável
2206209,22,PI,Nordeste,60.79,751.1,51.94,8.850000000000001,0.23387722060203625,3,Desempenho favorável
3204708,32,ES,Sudeste,80.69,765.67,74.78,5.909999999999997,0.23365104140900744,1,Melhor desempenho / menor risco
5203302,52,GO,Centro-Oeste,62.27,745.14,67.31,-5.039999999999999,0.23358776826462063,3,Desempenho favorável
2505303,25,PB,Nordeste,62.5,753.67,51.24,11.259999999999998,0.23346048971314692,3,Desempenho favorável
5220058,52,GO,Centro-Oeste,87.5,772.21,80.0,7.5,0.23335101628246285,1,Melhor desempenho / menor risco
2112233,21,MA,Nordeste,90.87,782.33,65.84,25.03,0.23320914112870827,1,Melhor desempenho / menor risco
2206902,22,PI,Nordeste,89.56,803.97,72.46,17.10000000000001,0.2328674824841724,1,Melhor desempenho / menor risco
5006002,50,MS,Centro-Oeste,56.52,738.59,50.57,5.950000000000003,0.23280345745701214,3,Desempenho favorável
2413805,24,RN,Nordeste,73.08,786.47,56.6,16.479999999999997,0.23277938560841596,1,Melhor desempenho / menor risco
3104502,31,MG,Sudeste,46.89,734.2,56.48,-9.589999999999996,0.23266743251945998,3,Desempenho favorável
3144300,31,MG,Sudeste,57.67,742.99,61.12,-3.4499999999999957,0.2322403781386406,3,Desempenho favorável
5102686,51,MT,Centro-Oeste,65.76,757.73,58.51,7.250000000000007,0.23222255174506656,3,Desempenho favorável
3113107,31,MG,Sudeste,83.33,767.26,73.13,10.200000000000003,0.23211971637123377,1,Melhor desempenho / menor risco
5222302,52,GO,Centro-Oeste,79.46,764.48,76.13,3.3299999999999983,0.23177112986743406,1,Melhor desempenho / menor risco
3553609,35,SP,Sudeste,79.51,772.32,62.16,17.35000000000001,0.2315930435168824,1,Melhor desempenho / menor risco
5213004,52,GO,Centro-Oeste,83.79,771.34,78.91,4.88000000000001,0.23150749065328624,1,Melhor desempenho / menor risco
5211701,52,GO,Centro-Oeste,80.25,770.92,78.02,2.230000000000004,0.2305733971652783,1,Melhor desempenho / menor risco
4201901,42,SC,Sul,77.09,775.4,68.21,8.88000000000001,0.23000602538005518,1,Melhor desempenho / menor risco
2104206,21,MA,Nordeste,72.06,750.33,52.96,19.1,0.22999160817010003,3,Desempenho favorável
2405702,24,RN,Nordeste,56.51,746.45,41.98,14.530000000000001,0.22987587719823527,3,Desempenho favorável
3137601,31,MG,Sudeste,72.24,756.05,67.63,4.609999999999999,0.22971683728079445,3,Desempenho favorável
5002001,50,MS,Centro-Oeste,67.77,753.2,56.78,10.989999999999995,0.22934281521901678,3,Desempenho favorável
4203402,42,SC,Sul,53.29,741.79,53.96,-0.6700000000000017,0.22918113020441414,3,Desempenho favorável
2408953,24,RN,Nordeste,31.56,721.6,29.91,1.6499999999999986,0.22896453738019218,3,Desempenho favorável
5200852,52,GO,Centro-Oeste,78.87,765.04,76.03,2.8400000000000034,0.22881671196614997,1,Melhor desempenho / menor risco
2307304,23,CE,Nordeste,59.48,750.48,66.87,-7.390000000000008,0.2287594678586752,3,Desempenho favorável
5208004,52,GO,Centro-Oeste,64.02,749.57,68.67,-4.650000000000006,0.22853675957068006,3,Desempenho favorável
3123601,31,MG,Sudeste,64.98,752.56,65.11,-0.12999999999999545,0.22852042675845724,3,Desempenho favorável
5219738,52,GO,Centro-Oeste,82.91,776.46,80.0,2.9099999999999966,0.22831984376358883,1,Melhor desempenho / menor risco
3160207,31,MG,Sudeste,47.84,738.52,57.67,-9.829999999999998,0.22820087499147712,3,Desempenho favorável
2604700,26,PE,Nordeste,71.97,759.48,61.01,10.96,0.22781311356637943,3,Desempenho favorável
5104609,51,MT,Centro-Oeste,58.16,749.86,54.54,3.6199999999999974,0.22727435954891906,3,Desempenho favorável
5107743,51,MT,Centro-Oeste,73.81,765.78,62.17,11.64,0.22711619528178206,1,Melhor desempenho / menor risco
3111002,31,MG,Sudeste,81.73,769.26,73.12,8.61,0.226969540609049,1,Melhor desempenho / menor risco
3203601,32,ES,Sudeste,84.09,783.1,80.0,4.090000000000003,0.22694252260173498,1,Melhor desempenho / menor risco
3105004,31,MG,Sudeste,89.89,773.58,76.0,13.89,0.22693479652432577,1,Melhor desempenho / menor risco
3204104,32,ES,Sudeste,82.38,777.49,78.09,4.289999999999992,0.22682103156794106,1,Melhor desempenho / menor risco
3145877,31,MG,Sudeste,75.97,756.33,68.32,7.650000000000006,0.22621197618051275,1,Melhor desempenho / menor risco
5218102,52,GO,Centro-Oeste,76.08,761.28,74.26,1.8199999999999932,0.2254323311332435,1,Melhor desempenho / menor risco
3170800,31,MG,Sudeste,70.34,758.2,67.63,2.710000000000008,0.22527312967698007,3,Desempenho favorável
2202091,22,PI,Nordeste,100.0,824.8,80.0,20.0,0.22451752049507284,1,Melhor desempenho / menor risco
5204102,52,GO,Centro-Oeste,78.35,763.44,75.28,3.069999999999993,0.22441455796949203,1,Melhor desempenho / menor risco
2411403,24,RN,Nordeste,51.92,733.75,37.27,14.649999999999999,0.22436966974644315,3,Desempenho favorável
3201209,32,ES,Sudeste,71.69,756.69,70.01,1.6799999999999926,0.22420484197467755,3,Desempenho favorável
1715002,17,TO,Norte,55.38,756.92,46.59,8.79,0.22399346401486747,3,Desempenho favorável
3201001,32,ES,Sudeste,84.92,774.65,77.67,7.25,0.2233169184333581,1,Melhor desempenho / menor risco
5005004,50,MS,Centro-Oeste,53.84,736.74,49.07,4.770000000000003,0.22320885949767696,3,Desempenho favorável
4215653,42,SC,Sul,74.56,761.34,63.49,11.07,0.22318964509206607,3,Desempenho favorável
2804300,28,SE,Nordeste,22.01,710.19,23.62,-1.6099999999999994,0.22290354639410956,2,Maior vulnerabilidade / maior risco
3103405,31,MG,Sudeste,50.75,730.39,55.77,-5.020000000000003,0.22263157838698316,3,Desempenho favorável
3167806,31,MG,Sudeste,88.35,772.68,75.23,13.11999999999999,0.22250190459418015,1,Melhor desempenho / menor risco
5101001,51,MT,Centro-Oeste,91.53,817.84,80.0,11.530000000000001,0.2221730375655444,1,Melhor desempenho / menor risco
5210000,52,GO,Centro-Oeste,87.57,774.01,80.0,7.569999999999993,0.22205174102463385,1,Melhor desempenho / menor risco
2200954,22,PI,Nordeste,80.95,774.51,62.04,18.910000000000004,0.22194640668322324,1,Melhor desempenho / menor risco
5208707,52,GO,Centro-Oeste,69.49,754.44,70.84,-1.3500000000000085,0.2218067661742789,3,Desempenho favorável
3104601,31,MG,Sudeste,88.29,777.2,76.43,11.86,0.22169637899269093,1,Melhor desempenho / menor risco
1722107,17,TO,Norte,42.82,734.09,37.57,5.25,0.22157086391966796,3,Desempenho favorável
3529906,35,SP,Sudeste,65.52,759.51,55.25,10.269999999999996,0.22113696641306235,3,Desempenho favorável
3204005,32,ES,Sudeste,85.86,782.76,80.0,5.859999999999999,0.2210097327876783,1,Melhor desempenho / menor risco
3106309,31,MG,Sudeste,65.94,751.23,64.57,1.3700000000000045,0.22041980675307976,3,Desempenho favorável
2301505,23,CE,Nordeste,76.0,771.03,75.58,0.4200000000000017,0.22030303793769793,1,Melhor desempenho / menor risco
5212501,52,GO,Centro-Oeste,66.27,751.17,69.18,-2.910000000000011,0.2198594895989255,3,Desempenho favorável
3167202,31,MG,Sudeste,60.35,747.02,62.22,-1.8699999999999974,0.2197681441287299,3,Desempenho favorável
5205000,52,GO,Centro-Oeste,85.78,772.81,79.18,6.599999999999994,0.21950148688048343,1,Melhor desempenho / menor risco
3151305,31,MG,Sudeste,87.11,778.14,76.33,10.780000000000001,0.21919759713379727,1,Melhor desempenho / menor risco
5104500,51,MT,Centro-Oeste,67.61,749.75,56.08,11.530000000000001,0.21893019496740113,3,Desempenho favorável
4216503,42,SC,Sul,43.26,730.99,48.42,-5.160000000000004,0.2187062560184952,3,Desempenho favorável
3506904,35,SP,Sudeste,69.75,762.52,56.84,12.909999999999997,0.21862292331475283,3,Desempenho favorável
2304400,23,CE,Nordeste,74.81,773.18,75.85,-1.039999999999992,0.2186197426349488,1,Melhor desempenho / menor risco
2405603,24,RN,Nordeste,63.05,754.9,45.13,17.919999999999995,0.21813442801622987,3,Desempenho favorável
5210604,52,GO,Centro-Oeste,89.89,772.94,80.0,9.89,0.21809013892250037,1,Melhor desempenho / menor risco
3203056,32,ES,Sudeste,80.31,767.91,74.6,5.710000000000008,0.2178482421918793,1,Melhor desempenho / menor risco
3160900,31,MG,Sudeste,81.31,767.25,72.04,9.269999999999996,0.21748127501838252,1,Melhor desempenho / menor risco
2201903,22,PI,Nordeste,98.95,826.83,80.0,18.950000000000003,0.21708896072037967,1,Melhor desempenho / menor risco
2202802,22,PI,Nordeste,70.98,767.81,57.89,13.090000000000003,0.21686985869039857,3,Desempenho favorável
1703073,17,TO,Norte,18.26,712.35,26.26,-8.0,0.21681395534011816,2,Maior vulnerabilidade / maior risco
3106101,31,MG,Sudeste,57.69,748.69,61.99,-4.300000000000004,0.21673535360105295,3,Desempenho favorável
2506301,25,PB,Nordeste,59.62,753.13,49.72,9.899999999999999,0.21650404095110995,3,Desempenho favorável
3108107,31,MG,Sudeste,85.95,766.14,72.64,13.310000000000002,0.21636019749516838,1,Melhor desempenho / menor risco
2108405,21,MA,Nordeste,61.02,746.99,49.11,11.910000000000004,0.2159958227621834,3,Desempenho favorável
4211108,42,SC,Sul,43.19,737.41,50.04,-6.850000000000001,0.21571171603605935,3,Desempenho favorável
5003900,50,MS,Centro-Oeste,86.46,773.22,65.55,20.909999999999997,0.21568504504617067,1,Melhor desempenho / menor risco
3204351,32,ES,Sudeste,83.06,772.21,76.25,6.810000000000002,0.2155608638256376,1,Melhor desempenho / menor risco
5221908,52,GO,Centro-Oeste,84.78,777.22,80.0,4.780000000000001,0.21539354737666758,1,Melhor desempenho / menor risco
1717206,17,TO,Norte,54.55,740.32,41.39,13.159999999999997,0.21455699223609323,3,Desempenho favorável
4202578,42,SC,Sul,95.99,789.75,75.36,20.629999999999995,0.21428559970791264,1,Melhor desempenho / menor risco
2506509,25,PB,Nordeste,100.0,816.06,75.36,24.64,0.21423990674517537,1,Melhor desempenho / menor risco
5004403,50,MS,Centro-Oeste,51.7,735.22,47.77,3.9299999999999997,0.21383848265873076,3,Desempenho favorável
3544400,35,SP,Sudeste,82.14,773.11,62.1,20.04,0.21374074159887738,1,Melhor desempenho / menor risco
2200509,22,PI,Nordeste,32.94,724.38,37.82,-4.880000000000003,0.21268170452203805,3,Desempenho favorável
5106703,51,MT,Centro-Oeste,96.88,807.28,77.73,19.14999999999999,0.2124213621812967,1,Melhor desempenho / menor risco
2707008,27,AL,Nordeste,48.15,743.02,43.99,4.159999999999997,0.21198447953498153,3,Desempenho favorável
2313807,23,CE,Nordeste,82.16,783.85,80.0,2.1599999999999966,0.2118466123590579,1,Melhor desempenho / menor risco
4106100,41,PR,Sul,69.16,761.13,60.81,8.349999999999994,0.2114831875065765,3,Desempenho favorável
3150901,31,MG,Sudeste,78.97,765.14,70.65,8.319999999999993,0.2106655365459974,1,Melhor desempenho / menor risco
3133758,31,MG,Sudeste,89.46,776.87,76.05,13.409999999999997,0.2104178736256701,1,Melhor desempenho / menor risco
3142254,31,MG,Sudeste,41.67,729.92,53.18,-11.509999999999998,0.21023659265980857,3,Desempenho favorável
5213087,52,GO,Centro-Oeste,81.44,769.64,76.96,4.480000000000004,0.210058314749943,1,Melhor desempenho / menor risco
4110052,41,PR,Sul,43.48,742.66,50.31,-6.830000000000005,0.20973298770532534,3,Desempenho favorável
5205802,52,GO,Centro-Oeste,80.7,761.53,74.54,6.159999999999997,0.2095388897744563,1,Melhor desempenho / menor risco
4208807,42,SC,Sul,56.28,744.56,54.42,1.8599999999999994,0.20934090591651677,3,Desempenho favorável
2414456,24,RN,Nordeste,10.95,697.76,18.14,-7.190000000000001,0.2092693095343913,2,Maior vulnerabilidade / maior risco
3200508,32,ES,Sudeste,62.88,749.3,65.44,-2.559999999999995,0.20918556440856712,3,Desempenho favorável
3146602,31,MG,Sudeste,92.86,789.07,80.0,12.86,0.2078079994652106,1,Melhor desempenho / menor risco
3103751,31,MG,Sudeste,73.61,761.16,68.3,5.310000000000002,0.207730066348802,1,Melhor desempenho / menor risco
2100550,21,MA,Nordeste,43.0,723.54,38.5,4.5,0.20759409207049892,3,Desempenho favorável
5220009,52,GO,Centro-Oeste,89.53,775.02,80.0,9.530000000000001,0.20756743367724642,1,Melhor desempenho / menor risco
3509106,35,SP,Sudeste,81.48,777.9,62.97,18.510000000000005,0.2071163161925636,1,Melhor desempenho / menor risco
3155009,31,MG,Sudeste,90.43,791.04,80.0,10.430000000000007,0.20693880183576555,1,Melhor desempenho / menor risco
5000708,50,MS,Centro-Oeste,40.97,725.62,42.53,-1.5600000000000023,0.2061908632714367,3,Desempenho favorável
2701209,27,AL,Nordeste,54.19,744.1,45.25,8.939999999999998,0.20601992509906533,3,Desempenho favorável
5218003,52,GO,Centro-Oeste,49.92,735.89,60.91,-10.989999999999995,0.20588011201594694,3,Desempenho favorável
2300754,23,CE,Nordeste,82.28,784.82,80.0,2.280000000000001,0.20577283958641604,1,Melhor desempenho / menor risco
3128006,31,MG,Sudeste,68.68,753.01,64.93,3.75,0.20572336024580185,3,Desempenho favorável
3114600,31,MG,Sudeste,89.76,767.82,73.37,16.39,0.20545439368817375,1,Melhor desempenho / menor risco
3132008,31,MG,Sudeste,100.0,780.49,78.99,21.010000000000005,0.20545352107267612,1,Melhor desempenho / menor risco
1712454,17,TO,Norte,48.91,742.58,40.4,8.509999999999998,0.2052231519342434,3,Desempenho favorável
5221452,52,GO,Centro-Oeste,94.47,771.76,80.0,14.469999999999999,0.20509612871447003,1,Melhor desempenho / menor risco
3170602,31,MG,Sudeste,69.23,755.57,65.72,3.510000000000005,0.2050793447127033,3,Desempenho favorável
3149309,31,MG,Sudeste,69.22,756.06,65.85,3.3700000000000045,0.20500993339019535,3,Desempenho favorável
5201504,52,GO,Centro-Oeste,65.8,749.1,67.8,-2.0,0.20494700531210192,3,Desempenho favorável
5105200,51,MT,Centro-Oeste,67.06,762.63,58.84,8.219999999999999,0.2045457083746385,3,Desempenho favorável
3121605,31,MG,Sudeste,70.61,756.47,66.2,4.409999999999997,0.20397354079320706,3,Desempenho favorável
2206308,22,PI,Nordeste,84.62,759.99,57.92,26.700000000000003,0.2037712333443524,1,Melhor desempenho / menor risco
5216007,52,GO,Centro-Oeste,84.18,767.9,76.74,7.440000000000012,0.2037663520108067,1,Melhor desempenho / menor risco
5204201,52,GO,Centro-Oeste,64.29,757.71,69.81,-5.519999999999996,0.20376336059497052,3,Desempenho favorável
4213906,42,SC,Sul,61.9,753.35,57.74,4.159999999999997,0.20374507886924098,3,Desempenho favorável
2101905,21,MA,Nordeste,59.75,743.45,47.27,12.479999999999997,0.20354294831749564,3,Desempenho favorável
2806909,28,SE,Nordeste,81.25,759.88,48.68,32.57,0.20341548800226492,3,Desempenho favorável
5214606,52,GO,Centro-Oeste,80.22,764.78,75.04,5.179999999999993,0.20338726029623905,1,Melhor desempenho / menor risco
3158102,31,MG,Sudeste,60.65,734.11,57.91,2.740000000000002,0.20297600143225195,3,Desempenho favorável
5217104,52,GO,Centro-Oeste,71.69,759.42,71.77,-0.0799999999999983,0.20289148797925605,1,Melhor desempenho / menor risco
3124708,31,MG,Sudeste,100.0,784.63,80.0,20.0,0.20271168514602667,1,Melhor desempenho / menor risco
3162955,31,MG,Sudeste,75.09,760.24,68.1,6.990000000000009,0.20257955384562265,1,Melhor desempenho / menor risco
2308708,23,CE,Nordeste,76.09,770.04,74.45,1.6400000000000006,0.2020227148512498,1,Melhor desempenho / menor risco
3124906,31,MG,Sudeste,68.59,751.05,64.17,4.420000000000002,0.20166160064410335,3,Desempenho favorável
4101655,41,PR,Sul,76.31,764.64,62.76,13.550000000000004,0.20123296269875143,1,Melhor desempenho / menor risco
4116307,41,PR,Sul,80.0,759.2,61.98,18.020000000000003,0.20044504121343001,1,Melhor desempenho / menor risco
3106408,31,MG,Sudeste,97.32,787.07,80.0,17.319999999999993,0.20028114020966634,1,Melhor desempenho / menor risco
5211503,52,GO,Centro-Oeste,74.44,762.31,72.98,1.4599999999999937,0.1997119769955207,1,Melhor desempenho / menor risco
2307700,23,CE,Nordeste,81.66,785.76,79.83,1.8299999999999983,0.19965472177691362,1,Melhor desempenho / menor risco
5204409,52,GO,Centro-Oeste,84.82,771.29,77.6,7.219999999999999,0.19953378023196477,1,Melhor desempenho / menor risco
3152501,31,MG,Sudeste,70.53,755.82,65.78,4.75,0.19945189849000983,3,Desempenho favorável
3106200,31,MG,Sudeste,68.58,754.17,64.91,3.6700000000000017,0.1992388117079446,3,Desempenho favorável
5202353,52,GO,Centro-Oeste,83.64,780.94,80.0,3.6400000000000006,0.19905807558727323,1,Melhor desempenho / menor risco
3140605,31,MG,Sudeste,28.57,731.94,50.48,-21.909999999999997,0.19901265189650855,2,Maior vulnerabilidade / maior risco
5204706,52,GO,Centro-Oeste,81.71,766.78,75.68,6.029999999999987,0.198930620049677,1,Melhor desempenho / menor risco
3205309,32,ES,Sudeste,73.2,761.34,70.39,2.8100000000000023,0.19874638464708977,1,Melhor desempenho / menor risco
2201176,22,PI,Nordeste,93.18,788.31,67.24,25.940000000000012,0.19814701457723158,1,Melhor desempenho / menor risco
3131703,31,MG,Sudeste,68.15,753.65,64.62,3.530000000000001,0.1980934254508881,3,Desempenho favorável
5202502,52,GO,Centro-Oeste,90.33,775.65,79.87,10.459999999999994,0.19804122073221758,1,Melhor desempenho / menor risco
5221007,52,GO,Centro-Oeste,75.0,761.96,72.86,2.1400000000000006,0.1969378254325371,1,Melhor desempenho / menor risco
3203106,32,ES,Sudeste,77.2,768.92,73.22,3.980000000000004,0.19690205910282108,1,Melhor desempenho / menor risco
3165107,31,MG,Sudeste,82.09,769.76,71.89,10.200000000000003,0.1967787446993981,1,Melhor desempenho / menor risco
1707306,17,TO,Norte,68.54,759.86,48.81,19.730000000000004,0.1966380655944367,3,Desempenho favorável
5103007,51,MT,Centro-Oeste,69.0,760.25,58.18,10.82,0.19643585001577113,3,Desempenho favorável
3117801,31,MG,Sudeste,77.03,758.78,67.79,9.239999999999995,0.19641659662867894,1,Melhor desempenho / menor risco
3169901,31,MG,Sudeste,79.09,763.39,69.49,9.600000000000009,0.1964086304113754,1,Melhor desempenho / menor risco
3147501,31,MG,Sudeste,90.91,792.58,80.0,10.909999999999997,0.1963348994078908,1,Melhor desempenho / menor risco
5200209,52,GO,Centro-Oeste,78.26,759.56,72.84,5.420000000000002,0.19633091664589522,1,Melhor desempenho / menor risco
3102704,31,MG,Sudeste,77.96,754.22,66.71,11.25,0.19618520594373717,1,Melhor desempenho / menor risco
2607950,26,PE,Nordeste,81.67,771.93,64.94,16.730000000000004,0.19605306884226117,1,Melhor desempenho / menor risco
2208403,22,PI,Nordeste,54.59,745.76,47.39,7.200000000000003,0.19601344211658916,3,Desempenho favorável
3134806,31,MG,Sudeste,85.13,774.19,73.7,11.429999999999993,0.1959216125244381,1,Melhor desempenho / menor risco
3148905,31,MG,Sudeste,100.0,785.95,80.0,20.0,0.19541096326464721,1,Melhor desempenho / menor risco
3120409,31,MG,Sudeste,89.96,773.89,74.55,15.409999999999997,0.1946239476980942,1,Melhor desempenho / menor risco
5205471,52,GO,Centro-Oeste,87.51,778.9,80.0,7.510000000000005,0.1943728633368994,1,Melhor desempenho / menor risco
5205513,52,GO,Centro-Oeste,88.6,776.9,79.67,8.929999999999993,0.194324011839542,1,Melhor desempenho / menor risco
2301703,23,CE,Nordeste,73.84,775.3,75.05,-1.2099999999999937,0.19426952923388965,1,Melhor desempenho / menor risco
5006259,50,MS,Centro-Oeste,78.44,755.61,57.95,20.489999999999995,0.19377111025448995,3,Desempenho favorável
3508900,35,SP,Sudeste,65.71,766.51,55.89,9.819999999999993,0.19364158415024496,3,Desempenho favorável
5004304,50,MS,Centro-Oeste,60.02,745.62,51.37,8.650000000000006,0.19358686726669674,3,Desempenho favorável
3130903,31,MG,Sudeste,84.81,769.35,72.17,12.64,0.19344631582576519,1,Melhor desempenho / menor risco
2300309,23,CE,Nordeste,64.59,757.76,68.24,-3.6499999999999915,0.19332149665216777,3,Desempenho favorável
2309706,23,CE,Nordeste,78.36,779.95,77.22,1.1400000000000006,0.19328660114140067,1,Melhor desempenho / menor risco
3136702,31,MG,Sudeste,49.55,734.83,55.31,-5.760000000000005,0.19293942487471621,3,Desempenho favorável
3135704,31,MG,Sudeste,65.96,744.73,61.44,4.519999999999996,0.19293758083853443,3,Desempenho favorável
2210409,22,PI,Nordeste,45.19,743.52,44.67,0.519999999999996,0.19292634088648425,3,Desempenho favorável
3155801,31,MG,Sudeste,78.55,766.33,70.01,8.539999999999992,0.19284616682881453,1,Melhor desempenho / menor risco
2308104,23,CE,Nordeste,84.55,785.48,80.0,4.549999999999997,0.19272501571656528,1,Melhor desempenho / menor risco
3523008,35,SP,Sudeste,79.05,769.77,59.5,19.549999999999997,0.19267051648234593,1,Melhor desempenho / menor risco
3158805,31,MG,Sudeste,86.67,786.98,77.38,9.290000000000006,0.1924996317137331,1,Melhor desempenho / menor risco
3151008,31,MG,Sudeste,85.01,771.32,72.7,12.310000000000002,0.1923528759455801,1,Melhor desempenho / menor risco
3127404,31,MG,Sudeste,77.02,760.02,67.92,9.099999999999994,0.19227595384999388,1,Melhor desempenho / menor risco
2505006,25,PB,Nordeste,97.47,818.25,74.36,23.11,0.1922624384980982,1,Melhor desempenho / menor risco
3150703,31,MG,Sudeste,76.8,763.2,68.75,8.049999999999997,0.19220534965921707,1,Melhor desempenho / menor risco
2404002,24,RN,Nordeste,47.06,736.87,35.57,11.490000000000002,0.1921887417329362,3,Desempenho favorável
2303709,23,CE,Nordeste,69.01,765.26,71.16,-2.1499999999999915,0.19200697626511395,1,Melhor desempenho / menor risco
5213806,52,GO,Centro-Oeste,65.87,752.17,68.01,-2.1400000000000006,0.19191290719000406,3,Desempenho favorável
2610004,26,PE,Nordeste,64.85,748.86,54.86,9.989999999999995,0.19165496968911655,3,Desempenho favorável
3511201,35,SP,Sudeste,84.7,777.26,62.68,22.020000000000003,0.191523079723448,1,Melhor desempenho / menor risco
3138203,31,MG,Sudeste,67.11,753.4,64.0,3.1099999999999994,0.1914835068492636,3,Desempenho favorável
3126208,31,MG,Sudeste,74.9,759.23,67.22,7.680000000000007,0.1914347226683619,1,Melhor desempenho / menor risco
3138658,31,MG,Sudeste,78.07,763.89,69.16,8.909999999999997,0.1913619189806841,1,Melhor desempenho / menor risco
3106655,31,MG,Sudeste,83.33,770.25,72.0,11.329999999999998,0.19124772928955105,1,Melhor desempenho / menor risco
2207900,22,PI,Nordeste,41.98,731.14,40.49,1.4899999999999949,0.19110049771449528,3,Desempenho favorável
3107901,31,MG,Sudeste,68.27,753.38,64.21,4.060000000000002,0.19101117768883488,3,Desempenho favorável
3544103,35,SP,Sudeste,57.14,738.33,46.18,10.96,0.19076722738915408,3,Desempenho favorável
3201407,32,ES,Sudeste,82.7,770.98,74.61,8.090000000000003,0.19069150566846488,1,Melhor desempenho / menor risco
3133501,31,MG,Sudeste,84.46,779.37,74.72,9.739999999999995,0.1905713579790219,1,Melhor desempenho / menor risco
5221601,52,GO,Centro-Oeste,76.87,761.08,72.67,4.200000000000003,0.19040450638330322,1,Melhor desempenho / menor risco
3143302,31,MG,Sudeste,75.18,760.41,67.55,7.63000000000001,0.19038583148141222,1,Melhor desempenho / menor risco
3169356,31,MG,Sudeste,83.86,770.09,72.02,11.840000000000003,0.19036880687985175,1,Melhor desempenho / menor risco
3536604,35,SP,Sudeste,80.89,770.73,60.02,20.869999999999997,0.19022548081868282,1,Melhor desempenho / menor risco
2303501,23,CE,Nordeste,82.6,787.48,80.0,2.5999999999999943,0.1898193089784225,1,Melhor desempenho / menor risco
3144409,31,MG,Sudeste,86.3,772.84,73.25,13.049999999999997,0.1896970074304334,1,Melhor desempenho / menor risco
2309458,23,CE,Nordeste,84.77,785.9,80.0,4.769999999999996,0.189589442189849,1,Melhor desempenho / menor risco
3134707,31,MG,Sudeste,55.44,735.54,56.55,-1.1099999999999994,0.18955808996526302,3,Desempenho favorável
3125101,31,MG,Sudeste,69.33,755.59,64.96,4.3700000000000045,0.1894618789074444,3,Desempenho favorável
1701309,17,TO,Norte,52.57,741.47,40.05,12.520000000000003,0.18933253905415237,3,Desempenho favorável
5107883,51,MT,Centro-Oeste,94.74,785.18,70.03,24.709999999999994,0.18931754208113605,1,Melhor desempenho / menor risco
3153608,31,MG,Sudeste,60.98,750.34,61.77,-0.7900000000000063,0.1892300576707687,3,Desempenho favorável
3150802,31,MG,Sudeste,75.27,757.17,66.59,8.679999999999993,0.18878723328163574,3,Desempenho favorável
3201308,32,ES,Sudeste,64.57,748.76,64.61,-0.04000000000000625,0.1886014665973329,3,Desempenho favorável
3123304,31,MG,Sudeste,95.99,781.83,77.68,18.309999999999988,0.1885619870067947,1,Melhor desempenho / menor risco
3109501,31,MG,Sudeste,86.58,777.26,74.47,12.11,0.18854592445323878,1,Melhor desempenho / menor risco
2608255,26,PE,Nordeste,68.81,749.24,55.61,13.200000000000003,0.18829685182981112,3,Desempenho favorável
3166105,31,MG,Sudeste,56.52,738.04,57.39,-0.8699999999999974,0.1881269467541001,3,Desempenho favorável
2301406,23,CE,Nordeste,80.42,789.43,80.0,0.4200000000000017,0.18812094430608553,1,Melhor desempenho / menor risco
3204203,32,ES,Sudeste,70.65,757.12,68.14,2.510000000000005,0.1878662320279581,3,Desempenho favorável
3160801,31,MG,Sudeste,76.67,751.74,65.33,11.340000000000003,0.18785954308469263,3,Desempenho favorável
2208205,22,PI,Nordeste,58.16,750.69,49.06,9.099999999999994,0.18762748254214884,3,Desempenho favorável
5214861,52,GO,Centro-Oeste,87.68,780.09,80.0,7.680000000000007,0.18731693511774875,1,Melhor desempenho / menor risco
2302206,23,CE,Nordeste,81.6,783.86,78.66,2.9399999999999977,0.18727587472037732,1,Melhor desempenho / menor risco
3108305,31,MG,Sudeste,81.21,766.0,70.17,11.039999999999992,0.18707647378154843,1,Melhor desempenho / menor risco
2607000,26,PE,Nordeste,79.7,767.11,62.73,16.970000000000006,0.18691984004506418,1,Melhor desempenho / menor risco
3165008,31,MG,Sudeste,94.92,791.36,80.0,14.920000000000002,0.18677652153314359,1,Melhor desempenho / menor risco
2302701,23,CE,Nordeste,82.79,788.02,80.0,2.7900000000000063,0.18620663430532575,1,Melhor desempenho / menor risco
3154002,31,MG,Sudeste,84.96,767.02,71.17,13.789999999999992,0.1859834905667739,1,Melhor desempenho / menor risco
2205409,22,PI,Nordeste,81.27,786.13,63.53,17.739999999999995,0.18560702012117927,1,Melhor desempenho / menor risco
3107505,31,MG,Sudeste,60.13,738.81,58.19,1.9400000000000048,0.1850918899030624,3,Desempenho favorável
1718865,17,TO,Norte,31.33,729.11,32.01,-0.6799999999999997,0.18492125343750546,3,Desempenho favorável
3105301,31,MG,Sudeste,94.51,775.49,75.43,19.08,0.1849167507556562,1,Melhor desempenho / menor risco
4209706,42,SC,Sul,56.41,744.93,53.3,3.1099999999999994,0.18457291267200404,3,Desempenho favorável
5101704,51,MT,Centro-Oeste,72.78,767.69,60.4,12.380000000000003,0.18447329368554535,3,Desempenho favorável
3109006,31,MG,Sudeste,87.73,773.05,73.32,14.41000000000001,0.18428386850950784,1,Melhor desempenho / menor risco
2612604,26,PE,Nordeste,64.37,757.32,56.71,7.660000000000004,0.18419574440957903,3,Desempenho favorável
3169000,31,MG,Sudeste,71.46,756.76,65.42,6.039999999999992,0.18367470118018794,3,Desempenho favorável
3125200,31,MG,Sudeste,86.96,777.89,74.46,12.5,0.1835529657982887,1,Melhor desempenho / menor risco
4213302,42,SC,Sul,60.53,742.4,53.38,7.149999999999999,0.1832073880908689,3,Desempenho favorável
5200555,52,GO,Centro-Oeste,72.47,759.34,70.9,1.5699999999999932,0.18317758383465205,1,Melhor desempenho / menor risco
3162708,31,MG,Sudeste,87.33,774.11,73.45,13.879999999999995,0.18277333470693846,1,Melhor desempenho / menor risco
3166303,31,MG,Sudeste,84.85,771.34,72.16,12.689999999999998,0.18255934902807794,1,Melhor desempenho / menor risco
5209200,52,GO,Centro-Oeste,70.28,755.23,69.27,1.0100000000000051,0.18241006220975714,3,Desempenho favorável
5220603,52,GO,Centro-Oeste,91.2,778.4,80.0,11.200000000000003,0.18238818711934396,1,Melhor desempenho / menor risco
3131158,31,MG,Sudeste,77.71,763.38,68.46,9.25,0.18212799503690244,1,Melhor desempenho / menor risco
2500700,25,PB,Nordeste,72.85,765.63,54.19,18.659999999999997,0.18210162934853635,3,Desempenho favorável
2202752,22,PI,Nordeste,89.29,778.12,62.78,26.510000000000005,0.18195529823499207,1,Melhor desempenho / menor risco
3114550,31,MG,Sudeste,64.51,747.38,61.28,3.230000000000004,0.1816179921236631,3,Desempenho favorável
5106208,51,MT,Centro-Oeste,81.37,773.41,63.6,17.770000000000003,0.18151779254561776,1,Melhor desempenho / menor risco
2308302,23,CE,Nordeste,79.33,779.58,76.7,2.6299999999999955,0.18147492247630254,1,Melhor desempenho / menor risco
3117009,31,MG,Sudeste,68.38,759.25,65.35,3.030000000000001,0.1813997634046052,3,Desempenho favorável
2303600,23,CE,Nordeste,81.25,788.16,79.46,1.7900000000000063,0.1813078855160035,1,Melhor desempenho / menor risco
3127800,31,MG,Sudeste,86.04,778.02,74.18,11.86,0.1812006818562605,1,Melhor desempenho / menor risco
3123205,31,MG,Sudeste,85.44,764.55,70.33,15.11,0.18116088029547991,1,Melhor desempenho / menor risco
3145901,31,MG,Sudeste,81.33,766.63,70.05,11.280000000000001,0.18106484101115067,1,Melhor desempenho / menor risco
3134004,31,MG,Sudeste,64.84,747.49,61.32,3.520000000000003,0.1805266398056244,3,Desempenho favorável
2310001,23,CE,Nordeste,74.59,771.72,73.49,1.1000000000000085,0.1804154096456994,1,Melhor desempenho / menor risco
4206751,42,SC,Sul,96.17,777.17,70.21,25.960000000000008,0.18037432547359245,1,Melhor desempenho / menor risco
5219258,52,GO,Centro-Oeste,92.78,769.69,77.81,14.969999999999999,0.180360516246749,1,Melhor desempenho / menor risco
5211909,52,GO,Centro-Oeste,69.92,755.5,69.15,0.769999999999996,0.1801711450147389,3,Desempenho favorável
2303204,23,CE,Nordeste,82.61,789.33,80.0,2.6099999999999994,0.18010640691648183,1,Melhor desempenho / menor risco
3148103,31,MG,Sudeste,76.21,762.24,67.71,8.5,0.17980890451534667,1,Melhor desempenho / menor risco
3127370,31,MG,Sudeste,91.43,765.09,71.64,19.790000000000006,0.17971548408215757,1,Melhor desempenho / menor risco
3110707,31,MG,Sudeste,85.08,773.64,72.66,12.420000000000002,0.17914979484503585,1,Melhor desempenho / menor risco
3120201,31,MG,Sudeste,86.07,768.02,71.31,14.759999999999991,0.17913031482778746,1,Melhor desempenho / menor risco
5103353,51,MT,Centro-Oeste,54.24,742.53,49.32,4.920000000000002,0.1790456533969611,3,Desempenho favorável
2503100,25,PB,Nordeste,89.73,800.17,67.06,22.67,0.1789634513830544,1,Melhor desempenho / menor risco
5222005,52,GO,Centro-Oeste,89.5,780.45,80.0,9.5,0.1783953528549146,1,Melhor desempenho / menor risco
5204508,52,GO,Centro-Oeste,62.94,748.71,65.72,-2.780000000000001,0.17814869231685704,3,Desempenho favorável
5220405,52,GO,Centro-Oeste,82.29,767.83,75.0,7.290000000000006,0.1780219375556127,1,Melhor desempenho / menor risco
5200829,52,GO,Centro-Oeste,89.83,780.31,80.0,9.829999999999998,0.17785276172997766,1,Melhor desempenho / menor risco
2206951,22,PI,Nordeste,82.08,769.75,58.73,23.35,0.17741915924451782,1,Melhor desempenho / menor risco
5216403,52,GO,Centro-Oeste,67.88,752.46,67.71,0.1700000000000017,0.1768994882290854,3,Desempenho favorável
3124500,31,MG,Sudeste,91.03,777.35,74.78,16.25,0.17665435453238923,1,Melhor desempenho / menor risco
3151909,31,MG,Sudeste,95.65,792.8,80.0,15.650000000000006,0.17653604596776504,1,Melhor desempenho / menor risco
2300150,23,CE,Nordeste,81.21,786.34,78.68,2.529999999999987,0.17635828616419538,1,Melhor desempenho / menor risco
3145109,31,MG,Sudeste,86.57,773.09,72.66,13.909999999999997,0.17628798492980458,1,Melhor desempenho / menor risco
2502052,25,PB,Nordeste,93.94,798.87,67.42,26.519999999999996,0.17619324946081835,1,Melhor desempenho / menor risco
3200300,32,ES,Sudeste,87.55,775.8,76.17,11.379999999999995,0.176124520658658,1,Melhor desempenho / menor risco
3147956,31,MG,Sudeste,97.25,783.86,77.83,19.42,0.17600082460477232,1,Melhor desempenho / menor risco
3160702,31,MG,Sudeste,69.94,753.6,63.81,6.1299999999999955,0.1758647109564212,3,Desempenho favorável
1720309,17,TO,Norte,58.96,745.66,41.81,17.15,0.17585819823846677,3,Desempenho favorável
3156908,31,MG,Sudeste,79.62,765.72,69.15,10.469999999999999,0.1756429398165458,1,Melhor desempenho / menor risco
2206506,22,PI,Nordeste,97.7,835.49,80.0,17.700000000000003,0.17498251281401567,1,Melhor desempenho / menor risco
3134301,31,MG,Sudeste,73.75,758.79,65.98,7.769999999999996,0.17490992571044411,3,Desempenho favorável
5221080,52,GO,Centro-Oeste,62.3,745.05,64.39,-2.0900000000000034,0.17475946262237133,3,Desempenho favorável
4315057,43,RS,Sul,95.2,788.29,53.45,41.75,0.17473817759351642,1,Melhor desempenho / menor risco
3106705,31,MG,Sudeste,66.62,751.44,62.45,4.170000000000002,0.17448008169949084,3,Desempenho favorável
3166709,31,MG,Sudeste,65.83,746.88,61.01,4.82,0.17419053955505615,3,Desempenho favorável
2313104,23,CE,Nordeste,84.32,789.25,80.0,4.319999999999993,0.17404517281119725,1,Melhor desempenho / menor risco
3144003,31,MG,Sudeste,76.73,762.13,67.47,9.260000000000005,0.1740144233024748,1,Melhor desempenho / menor risco
3140001,31,MG,Sudeste,65.6,751.93,62.34,3.259999999999991,0.17385648832804168,3,Desempenho favorável
2306256,23,CE,Nordeste,85.11,788.72,80.0,5.109999999999999,0.17374165997995472,1,Melhor desempenho / menor risco
3134400,31,MG,Sudeste,69.61,753.99,63.73,5.880000000000003,0.17370027776779465,3,Desempenho favorável
3133402,31,MG,Sudeste,77.3,767.52,69.06,8.239999999999995,0.1736911597475275,1,Melhor desempenho / menor risco
5107263,51,MT,Centro-Oeste,76.83,769.68,61.2,15.629999999999995,0.17363673697617515,1,Melhor desempenho / menor risco
3131802,31,MG,Sudeste,83.44,765.11,69.66,13.780000000000001,0.17363045541894367,1,Melhor desempenho / menor risco
3110608,31,MG,Sudeste,81.94,767.19,69.92,12.019999999999996,0.1735431250183094,1,Melhor desempenho / menor risco
3104304,31,MG,Sudeste,88.09,776.23,73.63,14.460000000000008,0.17245144415647964,1,Melhor desempenho / menor risco
3156700,31,MG,Sudeste,71.68,756.14,64.61,7.070000000000007,0.17115027882474615,3,Desempenho favorável
5218789,52,GO,Centro-Oeste,96.08,775.06,79.47,16.61,0.1711467666030521,1,Melhor desempenho / menor risco
3127602,31,MG,Sudeste,91.11,782.88,75.99,15.120000000000005,0.17061687290576863,1,Melhor desempenho / menor risco
5204250,52,GO,Centro-Oeste,79.19,771.04,74.82,4.3700000000000045,0.17032615399322065,1,Melhor desempenho / menor risco
4210704,42,SC,Sul,37.3,732.17,45.04,-7.740000000000002,0.1702758533409472,3,Desempenho favorável
2209872,22,PI,Nordeste,43.37,740.18,42.15,1.2199999999999989,0.17019435695577942,3,Desempenho favorável
2307205,23,CE,Nordeste,77.45,781.01,76.08,1.3700000000000045,0.17008575856884497,1,Melhor desempenho / menor risco
3105103,31,MG,Sudeste,80.48,770.9,70.44,10.040000000000006,0.16990655730166537,1,Melhor desempenho / menor risco
2210656,22,PI,Nordeste,75.67,767.64,56.4,19.270000000000003,0.16983524541209022,3,Desempenho favorável
1718303,17,TO,Norte,38.49,732.28,33.54,4.950000000000003,0.1697888761175398,3,Desempenho favorável
5213707,52,GO,Centro-Oeste,75.02,759.92,70.85,4.170000000000002,0.16973111092340493,1,Melhor desempenho / menor risco
1717503,17,TO,Norte,43.07,743.04,37.45,5.619999999999997,0.16958276684442133,3,Desempenho favorável
5214903,52,GO,Centro-Oeste,71.43,750.04,67.36,4.070000000000007,0.1694425022110603,3,Desempenho favorável
3109303,31,MG,Sudeste,62.9,750.94,61.24,1.6599999999999966,0.16907844598309857,3,Desempenho favorável
3170529,31,MG,Sudeste,67.15,759.42,64.46,2.690000000000012,0.1690235897562884,3,Desempenho favorável
3157278,31,MG,Sudeste,67.82,746.88,61.13,6.689999999999991,0.1689910625068804,3,Desempenho favorável
3143906,31,MG,Sudeste,73.13,758.72,65.5,7.6299999999999955,0.16897040804687544,3,Desempenho favorável
5007935,50,MS,Centro-Oeste,78.58,760.66,58.04,20.54,0.16893001447701025,3,Desempenho favorável
2410603,24,RN,Nordeste,67.22,759.47,44.73,22.490000000000002,0.16888814499931878,3,Desempenho favorável
3129806,31,MG,Sudeste,63.66,749.09,60.87,2.789999999999999,0.1688015215628228,3,Desempenho favorável
3114303,31,MG,Sudeste,86.19,777.61,73.41,12.780000000000001,0.16874703860119117,1,Melhor desempenho / menor risco
3149606,31,MG,Sudeste,81.37,766.24,69.27,12.100000000000009,0.1687456085213169,1,Melhor desempenho / menor risco
2506202,25,PB,Nordeste,71.43,760.33,51.69,19.74000000000001,0.16865519603138102,3,Desempenho favorável
2609709,26,PE,Nordeste,91.54,778.47,67.32,24.220000000000013,0.16861338293235298,1,Melhor desempenho / menor risco
5200050,52,GO,Centro-Oeste,64.46,751.96,66.39,-1.9300000000000068,0.1683935112931712,3,Desempenho favorável
3144706,31,MG,Sudeste,72.22,763.92,66.71,5.510000000000005,0.16827763887605005,1,Melhor desempenho / menor risco
5209937,52,GO,Centro-Oeste,87.01,774.7,77.33,9.680000000000007,0.16822937655842402,1,Melhor desempenho / menor risco
3166808,31,MG,Sudeste,72.87,762.48,66.42,6.450000000000003,0.16781591635640866,1,Melhor desempenho / menor risco
3161007,31,MG,Sudeste,84.25,776.05,72.5,11.75,0.1673856487754064,1,Melhor desempenho / menor risco
3164704,31,MG,Sudeste,81.09,769.86,70.13,10.960000000000008,0.1672921114135253,1,Melhor desempenho / menor risco
3170206,31,MG,Sudeste,62.63,748.55,60.41,2.220000000000006,0.1670875953634167,3,Desempenho favorável
3122207,31,MG,Sudeste,87.1,770.35,71.49,15.61,0.16697421950583166,1,Melhor desempenho / menor risco
5205059,52,GO,Centro-Oeste,91.3,781.43,80.0,11.299999999999997,0.16687120634779165,1,Melhor desempenho / menor risco
3126901,31,MG,Sudeste,64.71,752.42,61.89,2.819999999999993,0.16673921343198217,3,Desempenho favorável
2301000,23,CE,Nordeste,83.99,791.02,80.0,3.989999999999995,0.1665790459882979,1,Melhor desempenho / menor risco
3141108,31,MG,Sudeste,57.88,743.64,58.03,-0.14999999999999858,0.1663826860756868,3,Desempenho favorável
4206207,42,SC,Sul,76.93,763.15,61.57,15.360000000000007,0.1662527988976512,1,Melhor desempenho / menor risco
5214051,52,GO,Centro-Oeste,94.04,779.6,80.0,14.040000000000006,0.1658154370618701,1,Melhor desempenho / menor risco
3503000,35,SP,Sudeste,72.03,764.24,55.06,16.97,0.1657671407932761,3,Desempenho favorável
2310852,23,CE,Nordeste,88.62,787.9,80.0,8.620000000000005,0.1649329719346789,1,Melhor desempenho / menor risco
3166956,31,MG,Sudeste,95.99,794.95,80.0,15.989999999999995,0.16473538431166238,1,Melhor desempenho / menor risco
2807303,28,SE,Nordeste,42.47,739.05,32.81,9.659999999999997,0.16414533657988928,3,Desempenho favorável
5219456,52,GO,Centro-Oeste,95.83,778.65,80.0,15.829999999999998,0.16395771720054628,1,Melhor desempenho / menor risco
3141702,31,MG,Sudeste,63.47,754.08,61.93,1.5399999999999991,0.16392502758897382,3,Desempenho favorável
3103900,31,MG,Sudeste,88.5,785.67,75.83,12.670000000000002,0.16377467946410168,1,Melhor desempenho / menor risco
5213509,52,GO,Centro-Oeste,81.87,773.77,75.75,6.1200000000000045,0.16371193737549314,1,Melhor desempenho / menor risco
3115474,31,MG,Sudeste,75.75,764.52,67.33,8.420000000000002,0.16348889732941208,1,Melhor desempenho / menor risco
2400604,24,RN,Nordeste,21.43,724.13,25.17,-3.740000000000002,0.1632942897460308,3,Desempenho favorável
3111200,31,MG,Sudeste,85.57,777.06,72.79,12.779999999999987,0.16285046762272803,1,Melhor desempenho / menor risco
2207207,22,PI,Nordeste,100.0,836.28,80.0,20.0,0.16276321458593596,1,Melhor desempenho / menor risco
3152131,31,MG,Sudeste,76.36,764.45,67.38,8.980000000000004,0.16251667832182343,1,Melhor desempenho / menor risco
3146552,31,MG,Sudeste,76.4,767.41,68.17,8.230000000000004,0.16189307603331146,1,Melhor desempenho / menor risco
3147808,31,MG,Sudeste,77.27,763.4,67.24,10.030000000000001,0.16187045821002122,1,Melhor desempenho / menor risco
3131505,31,MG,Sudeste,63.82,753.52,61.72,2.1000000000000014,0.16174284088128307,3,Desempenho favorável
5220157,52,GO,Centro-Oeste,85.76,774.94,76.76,9.0,0.16169774571791268,1,Melhor desempenho / menor risco
5207352,52,GO,Centro-Oeste,90.91,774.36,77.65,13.259999999999991,0.1614501188105718,1,Melhor desempenho / menor risco
3156106,31,MG,Sudeste,81.94,767.63,69.35,12.590000000000003,0.16144455726397194,1,Melhor desempenho / menor risco
2210623,22,PI,Nordeste,50.0,734.01,41.31,8.689999999999998,0.1614261119544594,3,Desempenho favorável
2307650,23,CE,Nordeste,84.92,791.45,80.0,4.920000000000002,0.16122789118021602,1,Melhor desempenho / menor risco
3152709,31,MG,Sudeste,93.22,780.73,75.29,17.929999999999993,0.16120742517028988,1,Melhor desempenho / menor risco
3204054,32,ES,Sudeste,80.91,771.14,72.65,8.259999999999991,0.16102857410872354,1,Melhor desempenho / menor risco
3168002,31,MG,Sudeste,86.34,776.4,72.65,13.689999999999998,0.16086267619199696,1,Melhor desempenho / menor risco
5000609,50,MS,Centro-Oeste,69.72,754.91,54.14,15.579999999999998,0.16066878185327063,3,Desempenho favorável
2516300,25,PB,Nordeste,64.53,751.72,47.42,17.11,0.16066466038804209,3,Desempenho favorável
2201556,22,PI,Nordeste,89.26,798.46,67.2,22.060000000000002,0.16065671361649717,1,Melhor desempenho / menor risco
2310308,23,CE,Nordeste,88.35,789.04,80.0,8.349999999999994,0.16049943059959368,1,Melhor desempenho / menor risco
3515129,35,SP,Sudeste,88.58,764.9,58.34,30.239999999999995,0.16020968139348155,1,Melhor desempenho / menor risco
5200902,52,GO,Centro-Oeste,80.65,767.77,73.63,7.02000000000001,0.160152169675805,1,Melhor desempenho / menor risco
5209101,52,GO,Centro-Oeste,77.63,763.85,71.92,5.709999999999994,0.1601210797957769,1,Melhor desempenho / menor risco
3118304,31,MG,Sudeste,82.19,769.38,69.8,12.39,0.15999749365850247,1,Melhor desempenho / menor risco
3160959,31,MG,Sudeste,93.62,797.8,80.0,13.620000000000005,0.1596568817060885,1,Melhor desempenho / menor risco
5103452,51,MT,Centro-Oeste,83.58,782.35,65.29,18.289999999999992,0.1595583637720776,1,Melhor desempenho / menor risco
5218805,52,GO,Centro-Oeste,89.88,784.04,80.0,9.879999999999995,0.15953836529937637,1,Melhor desempenho / menor risco
3101102,31,MG,Sudeste,57.63,748.58,58.93,-1.2999999999999972,0.15930133973119875,3,Desempenho favorável
4207577,42,SC,Sul,97.09,802.26,76.14,20.950000000000003,0.1592318094184469,1,Melhor desempenho / menor risco
2513208,25,PB,Nordeste,86.28,787.36,61.68,24.6,0.1591450681058391,1,Melhor desempenho / menor risco
1721307,17,TO,Norte,53.85,747.87,40.4,13.450000000000003,0.1590007007998606,3,Desempenho favorável
3128709,31,MG,Sudeste,66.93,753.27,62.12,4.810000000000009,0.1588046201928642,3,Desempenho favorável
5006408,50,MS,Centro-Oeste,55.86,742.73,47.79,8.07,0.15870056052020542,3,Desempenho favorável
1703826,17,TO,Norte,64.0,748.65,42.68,21.32,0.15842377847184835,3,Desempenho favorável
3202702,32,ES,Sudeste,87.99,777.78,75.79,12.199999999999989,0.1583406190774931,1,Melhor desempenho / menor risco
5220108,52,GO,Centro-Oeste,76.27,761.3,70.81,5.459999999999994,0.15804220971483354,1,Melhor desempenho / menor risco
2606705,26,PE,Nordeste,62.42,747.73,52.17,10.25,0.15781007982919834,3,Desempenho favorável
5201702,52,GO,Centro-Oeste,72.16,757.41,68.86,3.299999999999997,0.15762939201005777,3,Desempenho favorável
3133600,31,MG,Sudeste,67.89,749.3,61.14,6.75,0.15745147068931203,3,Desempenho favorável
3130705,31,MG,Sudeste,53.9,737.36,54.94,-1.0399999999999991,0.15734580578848684,3,Desempenho favorável
5108501,51,MT,Centro-Oeste,52.77,745.73,48.66,4.1100000000000065,0.15729075068297835,3,Desempenho favorável
5100805,51,MT,Centro-Oeste,74.17,766.66,58.87,15.300000000000004,0.1572712550697509,3,Desempenho favorável
3127503,31,MG,Sudeste,82.31,773.35,70.75,11.560000000000002,0.15711234579596428,1,Melhor desempenho / menor risco
2311900,23,CE,Nordeste,81.55,783.2,76.77,4.780000000000001,0.15698959019172115,1,Melhor desempenho / menor risco
3200136,32,ES,Sudeste,94.55,788.41,80.0,14.549999999999997,0.156921896235108,1,Melhor desempenho / menor risco
3171071,31,MG,Sudeste,77.02,767.1,67.91,9.11,0.15680804519589234,1,Melhor desempenho / menor risco
3133808,31,MG,Sudeste,88.76,776.74,73.0,15.760000000000005,0.15676551901863367,1,Melhor desempenho / menor risco
3122355,31,MG,Sudeste,62.69,750.74,60.41,2.280000000000001,0.15657372133734107,3,Desempenho favorável
3130309,31,MG,Sudeste,94.08,798.13,80.0,14.079999999999998,0.15654422850748773,1,Melhor desempenho / menor risco
2805901,28,SE,Nordeste,31.48,722.38,25.46,6.02,0.15622764732931474,3,Desempenho favorável
3142700,31,MG,Sudeste,60.75,746.25,58.73,2.020000000000003,0.15595183988736686,3,Desempenho favorável
3165552,31,MG,Sudeste,60.0,747.4,58.89,1.1099999999999994,0.1559050129091892,3,Desempenho favorável
2605707,26,PE,Nordeste,51.67,739.67,47.6,4.07,0.1558363922994887,3,Desempenho favorável
3166907,31,MG,Sudeste,80.88,768.49,69.02,11.86,0.1556099593740114,1,Melhor desempenho / menor risco
2104107,21,MA,Nordeste,78.25,771.92,56.35,21.9,0.15543604316338683,1,Melhor desempenho / menor risco
3204955,32,ES,Sudeste,89.65,778.71,76.21,13.440000000000012,0.1553475899227354,1,Melhor desempenho / menor risco
5203807,52,GO,Centro-Oeste,92.82,782.77,80.0,12.819999999999993,0.15526384666279572,1,Melhor desempenho / menor risco
3202504,32,ES,Sudeste,81.16,768.48,71.61,9.549999999999997,0.15507838926140974,1,Melhor desempenho / menor risco
3149804,31,MG,Sudeste,83.41,776.55,71.73,11.679999999999993,0.15492943584653335,1,Melhor desempenho / menor risco
5204656,52,GO,Centro-Oeste,81.73,767.48,73.43,8.299999999999997,0.15444437929779548,1,Melhor desempenho / menor risco
2504074,25,PB,Nordeste,87.82,776.4,58.68,29.139999999999993,0.15435914411805937,1,Melhor desempenho / menor risco
3148400,31,MG,Sudeste,90.14,777.62,73.38,16.760000000000005,0.1543156066342031,1,Melhor desempenho / menor risco
2313401,23,CE,Nordeste,86.1,792.13,80.0,6.099999999999994,0.15403055623280773,1,Melhor desempenho / menor risco
2102309,21,MA,Nordeste,57.18,750.45,45.96,11.219999999999999,0.15383195294051671,3,Desempenho favorável
2612406,26,PE,Nordeste,65.85,752.59,53.98,11.869999999999997,0.15380248053507067,3,Desempenho favorável
3142601,31,MG,Sudeste,78.89,767.72,68.28,10.61,0.15371256013979157,1,Melhor desempenho / menor risco
5215256,52,GO,Centro-Oeste,94.54,781.95,80.0,14.540000000000006,0.15315290358943248,1,Melhor desempenho / menor risco
3119203,31,MG,Sudeste,73.42,756.42,63.99,9.43,0.153141612473888,3,Desempenho favorável
3145372,31,MG,Sudeste,92.71,770.39,71.83,20.879999999999995,0.1529663914372166,1,Melhor desempenho / menor risco
5219605,52,GO,Centro-Oeste,91.67,784.14,80.0,11.670000000000002,0.15295810405217128,1,Melhor desempenho / menor risco
5215231,52,GO,Centro-Oeste,57.35,742.43,61.34,-3.990000000000002,0.15242876530873234,3,Desempenho favorável
3110103,31,MG,Sudeste,76.5,759.86,65.53,10.969999999999999,0.15236416189527302,1,Melhor desempenho / menor risco
3118601,31,MG,Sudeste,69.05,753.81,62.31,6.739999999999995,0.152251161352834,3,Desempenho favorável
3168705,31,MG,Sudeste,70.28,758.25,63.78,6.5,0.15206045542919244,3,Desempenho favorável
5221858,52,GO,Centro-Oeste,64.23,748.08,64.3,-0.06999999999999318,0.1520306403746847,3,Desempenho favorável
5217708,52,GO,Centro-Oeste,86.03,772.03,75.41,10.620000000000005,0.15172729282754344,1,Melhor desempenho / menor risco
3140555,31,MG,Sudeste,70.1,756.01,63.08,7.019999999999996,0.1513574355217736,3,Desempenho favorável
4209151,42,SC,Sul,52.77,744.34,50.48,2.2900000000000063,0.15127471293001615,3,Desempenho favorável
3161403,31,MG,Sudeste,78.59,760.64,66.11,12.480000000000004,0.15126856313385956,1,Melhor desempenho / menor risco
3161106,31,MG,Sudeste,58.24,743.48,57.15,1.0900000000000034,0.15113705118750054,3,Desempenho favorável
3163904,31,MG,Sudeste,97.05,789.42,77.87,19.179999999999993,0.15105303400312253,1,Melhor desempenho / menor risco
3170107,31,MG,Sudeste,57.68,742.78,56.83,0.8500000000000014,0.15096504256036647,3,Desempenho favorável
5218904,52,GO,Centro-Oeste,87.69,781.32,78.26,9.429999999999993,0.1507369063325062,1,Melhor desempenho / menor risco
3114105,31,MG,Sudeste,71.02,759.5,64.19,6.829999999999998,0.15063267630629185,3,Desempenho favorável
3119708,31,MG,Sudeste,92.31,781.99,74.8,17.510000000000005,0.15047715711575058,1,Melhor desempenho / menor risco
3135803,31,MG,Sudeste,55.65,739.79,55.55,0.10000000000000142,0.15042454055621238,3,Desempenho favorável
3203809,32,ES,Sudeste,75.56,763.73,68.8,6.760000000000005,0.1495870623823003,1,Melhor desempenho / menor risco
3202652,32,ES,Sudeste,81.49,768.78,71.41,10.079999999999998,0.14939125332278552,1,Melhor desempenho / menor risco
3114709,31,MG,Sudeste,100.0,787.65,77.86,22.14,0.1489620578750598,1,Melhor desempenho / menor risco
5213772,52,GO,Centro-Oeste,65.74,754.13,66.08,-0.3400000000000034,0.14874740847999726,3,Desempenho favorável
3135100,31,MG,Sudeste,61.68,750.16,59.53,2.1499999999999986,0.14829331232238077,3,Desempenho favorável
3147105,31,MG,Sudeste,69.52,753.81,62.16,7.359999999999999,0.14829035099125895,3,Desempenho favorável
3146107,31,MG,Sudeste,71.36,757.27,63.49,7.869999999999997,0.148179556419485,3,Desempenho favorável
3136207,31,MG,Sudeste,79.74,764.11,67.1,12.64,0.14796226746269445,1,Melhor desempenho / menor risco
3105202,31,MG,Sudeste,77.5,770.18,68.31,9.189999999999998,0.1478851611244252,1,Melhor desempenho / menor risco
2515708,25,PB,Nordeste,70.82,768.82,52.66,18.159999999999997,0.1477731345505727,3,Desempenho favorável
2509107,25,PB,Nordeste,70.06,763.94,51.15,18.910000000000004,0.14771359951908244,3,Desempenho favorável
5213855,52,GO,Centro-Oeste,96.88,781.46,80.0,16.879999999999995,0.1475678093576649,1,Melhor desempenho / menor risco
3127354,31,MG,Sudeste,71.43,761.4,64.6,6.8300000000000125,0.147448954939627,3,Desempenho favorável
3116308,31,MG,Sudeste,92.31,784.2,75.22,17.090000000000003,0.14743931867408086,1,Melhor desempenho / menor risco
3120706,31,MG,Sudeste,80.92,766.98,68.1,12.820000000000007,0.14737133582442768,1,Melhor desempenho / menor risco
5204607,52,GO,Centro-Oeste,93.62,782.29,79.54,14.079999999999998,0.14732553494929887,1,Melhor desempenho / menor risco
2305803,23,CE,Nordeste,86.66,793.27,80.0,6.659999999999997,0.1471144653792589,1,Melhor desempenho / menor risco
5201405,52,GO,Centro-Oeste,69.22,755.12,66.95,2.269999999999996,0.1467991535171264,3,Desempenho favorável
4215208,42,SC,Sul,78.04,765.22,61.19,16.85000000000001,0.14669917270084637,1,Melhor desempenho / menor risco
3158607,31,MG,Sudeste,80.09,758.02,65.39,14.700000000000003,0.14640618060622515,1,Melhor desempenho / menor risco
5217609,52,GO,Centro-Oeste,75.11,762.44,70.15,4.959999999999994,0.14614734833678392,1,Melhor desempenho / menor risco
3203304,32,ES,Sudeste,95.06,790.49,80.0,15.060000000000002,0.14595223143063626,1,Melhor desempenho / menor risco
3109105,31,MG,Sudeste,82.56,767.5,68.49,14.070000000000007,0.14591288241018574,1,Melhor desempenho / menor risco
3149200,31,MG,Sudeste,79.95,761.6,66.3,13.650000000000006,0.14561211033068014,1,Melhor desempenho / menor risco
5206701,52,GO,Centro-Oeste,83.93,768.18,73.5,10.430000000000007,0.14520069609082942,1,Melhor desempenho / menor risco
3135001,31,MG,Sudeste,84.51,764.74,68.06,16.450000000000003,0.14481821563900762,1,Melhor desempenho / menor risco
5200258,52,GO,Centro-Oeste,53.9,738.37,59.02,-5.1200000000000045,0.14474261835348637,3,Desempenho favorável
3171709,31,MG,Sudeste,74.66,761.58,65.13,9.530000000000001,0.14451307969506025,1,Melhor desempenho / menor risco
3117207,31,MG,Sudeste,76.67,760.05,65.12,11.549999999999997,0.14447190831499898,1,Melhor desempenho / menor risco
2111763,21,MA,Nordeste,64.13,749.86,46.64,17.489999999999995,0.14437704280649008,3,Desempenho favorável
3101607,31,MG,Sudeste,76.61,762.84,65.87,10.739999999999995,0.14433404277535594,1,Melhor desempenho / menor risco
3551405,35,SP,Sudeste,44.65,732.87,39.42,5.229999999999997,0.1443224492723545,3,Desempenho favorável
2303402,23,CE,Nordeste,83.8,796.08,80.0,3.799999999999997,0.14421839139971163,1,Melhor desempenho / menor risco
3171204,31,MG,Sudeste,70.35,755.55,62.54,7.809999999999995,0.1440206149791647,3,Desempenho favorável
5210109,52,GO,Centro-Oeste,74.13,760.28,69.21,4.920000000000002,0.143965051337826,1,Melhor desempenho / menor risco
1703842,17,TO,Norte,38.52,730.27,31.43,7.090000000000003,0.14393750748131248,3,Desempenho favorável
3150570,31,MG,Sudeste,64.82,744.63,58.37,6.449999999999996,0.14390196733875193,3,Desempenho favorável
3108008,31,MG,Sudeste,83.73,777.4,71.32,12.41000000000001,0.14360114620012154,1,Melhor desempenho / menor risco
3136405,31,MG,Sudeste,71.38,750.82,61.4,9.979999999999997,0.14332015140908577,3,Desempenho favorável
3171501,31,MG,Sudeste,67.61,751.62,60.84,6.769999999999996,0.14329538843149187,3,Desempenho favorável
3156403,31,MG,Sudeste,70.69,764.37,64.99,5.700000000000003,0.14311635255620075,3,Desempenho favorável
5214879,52,GO,Centro-Oeste,95.12,783.84,80.0,15.120000000000005,0.14298637642010276,1,Melhor desempenho / menor risco
5201801,52,GO,Centro-Oeste,62.84,747.12,63.15,-0.30999999999999517,0.14261891841650734,3,Desempenho favorável
5220207,52,GO,Centro-Oeste,91.4,786.72,80.0,11.400000000000006,0.14257221129532918,1,Melhor desempenho / menor risco
3202256,32,ES,Sudeste,77.12,765.79,69.23,7.890000000000001,0.14235941660892606,1,Melhor desempenho / menor risco
2308401,23,CE,Nordeste,82.37,784.36,76.34,6.030000000000001,0.142303809850854,1,Melhor desempenho / menor risco
3200102,32,ES,Sudeste,95.4,791.12,80.0,15.400000000000006,0.1421693937805832,1,Melhor desempenho / menor risco
2300101,23,CE,Nordeste,91.49,790.96,80.0,11.489999999999995,0.1415336732842063,1,Melhor desempenho / menor risco
3151503,31,MG,Sudeste,73.46,761.65,64.69,8.769999999999996,0.14126684541739265,3,Desempenho favorável
3126109,31,MG,Sudeste,86.89,774.87,71.09,15.799999999999997,0.14078474045827816,1,Melhor desempenho / menor risco
2304954,23,CE,Nordeste,79.83,781.67,74.97,4.859999999999999,0.14076180609088362,1,Melhor desempenho / menor risco
5205109,52,GO,Centro-Oeste,76.88,760.89,69.73,7.1499999999999915,0.1406372070010962,1,Melhor desempenho / menor risco
3145059,31,MG,Sudeste,51.93,738.62,53.81,-1.8800000000000026,0.14033468556494372,3,Desempenho favorável
1600055,16,AP,Norte,73.61,768.57,47.19,26.42,0.1402749921295652,3,Desempenho favorável
2309607,23,CE,Nordeste,87.91,793.96,80.0,7.909999999999997,0.14018071435911592,1,Melhor desempenho / menor risco
3157401,31,MG,Sudeste,78.33,751.71,62.87,15.46,0.14006712496329915,3,Desempenho favorável
5219209,52,GO,Centro-Oeste,85.78,773.0,74.87,10.909999999999997,0.13990853398605432,1,Melhor desempenho / menor risco
2200608,22,PI,Nordeste,95.88,799.31,67.49,28.39,0.13964611113080558,1,Melhor desempenho / menor risco
5208806,52,GO,Centro-Oeste,81.01,768.35,72.54,8.469999999999999,0.13903237967076523,1,Melhor desempenho / menor risco
3134905,31,MG,Sudeste,79.14,764.09,66.39,12.75,0.13901306017316764,1,Melhor desempenho / menor risco
2302107,23,CE,Nordeste,86.78,789.67,78.49,8.290000000000006,0.13881941529356256,1,Melhor desempenho / menor risco
3112901,31,MG,Sudeste,83.3,759.98,66.1,17.200000000000003,0.13880315885675223,1,Melhor desempenho / menor risco
3548203,35,SP,Sudeste,73.68,768.04,54.76,18.92000000000001,0.13844944592579084,3,Desempenho favorável
3129608,31,MG,Sudeste,76.41,759.34,64.47,11.939999999999998,0.13837811932628943,1,Melhor desempenho / menor risco
3109709,31,MG,Sudeste,81.11,767.31,67.62,13.489999999999995,0.13800190864135076,1,Melhor desempenho / menor risco
3127701,31,MG,Sudeste,68.07,753.79,61.18,6.8899999999999935,0.13791243243934756,3,Desempenho favorável
2501575,25,PB,Nordeste,49.18,752.88,43.12,6.060000000000002,0.1376630327597756,3,Desempenho favorável
2111003,21,MA,Nordeste,58.4,747.69,44.4,14.0,0.13746162627241945,3,Desempenho favorável
5214838,52,GO,Centro-Oeste,71.87,764.34,69.39,2.480000000000004,0.1367724234552419,1,Melhor desempenho / menor risco
2302909,23,CE,Nordeste,87.35,789.18,78.33,9.019999999999996,0.13669673980123476,1,Melhor desempenho / menor risco
5206404,52,GO,Centro-Oeste,78.62,764.99,70.96,7.660000000000011,0.1366917578833203,1,Melhor desempenho / menor risco
2200103,22,PI,Nordeste,60.23,752.37,46.94,13.29,0.1366318856605952,3,Desempenho favorável
3202801,32,ES,Sudeste,75.42,760.8,67.11,8.310000000000002,0.13650273322956064,1,Melhor desempenho / menor risco
5105002,51,MT,Centro-Oeste,74.68,766.1,57.48,17.20000000000001,0.13623522429357907,3,Desempenho favorável
3163706,31,MG,Sudeste,85.37,770.39,69.23,16.14,0.13618561672367074,1,Melhor desempenho / menor risco
5106455,51,MT,Centro-Oeste,90.32,783.72,65.58,24.739999999999995,0.1361602646731918,1,Melhor desempenho / menor risco
5215603,52,GO,Centro-Oeste,69.56,751.54,65.33,4.230000000000004,0.13612519911964033,3,Desempenho favorável
3109907,31,MG,Sudeste,72.48,758.53,63.24,9.240000000000002,0.1355091036155073,3,Desempenho favorável
2312403,23,CE,Nordeste,85.78,796.69,80.0,5.780000000000001,0.13549414039594992,1,Melhor desempenho / menor risco
2305506,23,CE,Nordeste,63.35,756.37,64.21,-0.8599999999999923,0.13541388250752254,3,Desempenho favorável
3200201,32,ES,Sudeste,83.48,769.3,71.05,12.430000000000007,0.13537558943814365,1,Melhor desempenho / menor risco
3131901,31,MG,Sudeste,80.44,764.39,66.49,13.950000000000003,0.1352746864311721,1,Melhor desempenho / menor risco
2503902,25,PB,Nordeste,68.64,763.52,49.89,18.75,0.13477864461165562,3,Desempenho favorável
3147907,31,MG,Sudeste,86.17,773.33,70.11,16.060000000000002,0.13474253329544555,1,Melhor desempenho / menor risco
1200328,12,AC,Norte,19.59,715.42,28.13,-8.54,0.13447973744223518,2,Maior vulnerabilidade / maior risco
5106778,51,MT,Centro-Oeste,53.25,740.04,45.7,7.549999999999997,0.13411634568625508,3,Desempenho favorável
2506905,25,PB,Nordeste,54.38,741.2,40.71,13.670000000000002,0.13388906541403842,3,Desempenho favorável
3164902,31,MG,Sudeste,91.3,776.85,72.08,19.22,0.1338106399660875,1,Melhor desempenho / menor risco
3145208,31,MG,Sudeste,72.47,758.58,63.13,9.339999999999996,0.13372909711363407,3,Desempenho favorável
5221403,52,GO,Centro-Oeste,77.21,765.85,70.7,6.509999999999991,0.1336668183126103,1,Melhor desempenho / menor risco
3132404,31,MG,Sudeste,79.1,765.31,66.34,12.759999999999991,0.1334174984512693,1,Melhor desempenho / menor risco
5203939,52,GO,Centro-Oeste,96.46,785.16,80.0,16.459999999999994,0.13339459474351165,1,Melhor desempenho / menor risco
3143104,31,MG,Sudeste,84.51,770.6,68.91,15.600000000000009,0.13325658943125646,1,Melhor desempenho / menor risco
2202251,22,PI,Nordeste,86.82,781.47,60.25,26.569999999999993,0.13321973427710646,1,Melhor desempenho / menor risco
5205901,52,GO,Centro-Oeste,82.63,774.33,74.1,8.530000000000001,0.13272442606910081,1,Melhor desempenho / menor risco
2308377,23,CE,Nordeste,85.6,797.64,80.0,5.599999999999994,0.13221468352111052,1,Melhor desempenho / menor risco
3168606,31,MG,Sudeste,67.28,752.58,60.29,6.990000000000002,0.1321651052798481,3,Desempenho favorável
3146503,31,MG,Sudeste,86.83,778.49,71.49,15.340000000000003,0.13208799265758048,1,Melhor desempenho / menor risco
5212105,52,GO,Centro-Oeste,67.17,753.59,65.11,2.0600000000000023,0.13186560538641348,3,Desempenho favorável
5212055,52,GO,Centro-Oeste,100.0,782.91,80.0,20.0,0.1318071417200431,1,Melhor desempenho / menor risco
3101409,31,MG,Sudeste,92.62,779.15,72.84,19.78,0.1316612440783608,1,Melhor desempenho / menor risco
1200435,12,AC,Norte,15.62,702.78,23.62,-8.000000000000002,0.1316603521303854,2,Maior vulnerabilidade / maior risco
3140506,31,MG,Sudeste,70.72,763.02,63.85,6.869999999999997,0.13162675979437316,3,Desempenho favorável
3144375,31,MG,Sudeste,64.21,751.32,59.24,4.969999999999992,0.13120564974450177,3,Desempenho favorável
3124104,31,MG,Sudeste,67.38,752.73,60.28,7.099999999999994,0.13113009855016017,3,Desempenho favorável
3109451,31,MG,Sudeste,54.59,736.1,53.02,1.5700000000000003,0.13087398422321728,3,Desempenho favorável
2301208,23,CE,Nordeste,90.87,794.04,80.0,10.870000000000005,0.13085998571535568,1,Melhor desempenho / menor risco
3127305,31,MG,Sudeste,62.07,748.14,57.88,4.189999999999998,0.13065757976626713,3,Desempenho favorável
3128105,31,MG,Sudeste,80.4,762.42,65.54,14.86,0.12955025254354535,1,Melhor desempenho / menor risco
2414704,24,RN,Nordeste,45.68,740.88,32.65,13.030000000000001,0.12947529994664553,3,Desempenho favorável
3132909,31,MG,Sudeste,80.11,768.91,67.25,12.86,0.12920814520864518,1,Melhor desempenho / menor risco
3102605,31,MG,Sudeste,75.04,761.14,64.03,11.010000000000005,0.12887513516525131,1,Melhor desempenho / menor risco
3161809,31,MG,Sudeste,78.82,769.95,67.24,11.579999999999998,0.12877436449883423,1,Melhor desempenho / menor risco
3164100,31,MG,Sudeste,90.0,775.81,71.15,18.849999999999994,0.12846798790268815,1,Melhor desempenho / menor risco
3117876,31,MG,Sudeste,69.15,756.48,61.49,7.660000000000004,0.12839946931115204,3,Desempenho favorável
2301901,23,CE,Nordeste,87.92,796.9,80.0,7.920000000000002,0.12830296381623238,1,Melhor desempenho / menor risco
3130556,31,MG,Sudeste,88.46,773.6,70.2,18.25999999999999,0.1281787476396837,1,Melhor desempenho / menor risco
5213053,52,GO,Centro-Oeste,80.0,765.95,70.92,9.079999999999998,0.12817644770820175,1,Melhor desempenho / menor risco
3162500,31,MG,Sudeste,74.0,760.51,63.59,10.409999999999997,0.12816129954456132,3,Desempenho favorável
2313708,23,CE,Nordeste,88.49,796.54,80.0,8.489999999999995,0.1280457556180753,1,Melhor desempenho / menor risco
4202602,42,SC,Sul,47.34,740.92,46.81,0.5300000000000011,0.1272330869952485,3,Desempenho favorável
5217401,52,GO,Centro-Oeste,80.88,767.25,71.37,9.509999999999991,0.12690081501104483,1,Melhor desempenho / menor risco
4210209,42,SC,Sul,76.42,769.63,60.73,15.690000000000005,0.12681536768521418,1,Melhor desempenho / menor risco
5006309,50,MS,Centro-Oeste,55.2,741.91,45.33,9.870000000000005,0.12663203820538504,3,Desempenho favorável
5200506,52,GO,Centro-Oeste,90.91,791.08,80.0,10.909999999999997,0.12645913531974512,1,Melhor desempenho / menor risco
3113404,31,MG,Sudeste,67.42,752.76,59.95,7.469999999999999,0.12625381355850065,3,Desempenho favorável
4107520,41,PR,Sul,71.04,753.75,54.21,16.830000000000005,0.12597499753507235,3,Desempenho favorável
5204904,52,GO,Centro-Oeste,75.75,766.2,69.95,5.799999999999997,0.12594512812983713,1,Melhor desempenho / menor risco
3168101,31,MG,Sudeste,79.68,757.98,63.9,15.780000000000008,0.12586428782309123,1,Melhor desempenho / menor risco
2309508,23,CE,Nordeste,90.75,795.48,80.0,10.75,0.12562361765610722,1,Melhor desempenho / menor risco
3118007,31,MG,Sudeste,74.01,762.44,63.94,10.070000000000007,0.12558096595932994,3,Desempenho favorável
3125606,31,MG,Sudeste,70.2,755.73,61.28,8.920000000000002,0.1253442821570843,3,Desempenho favorável
5215702,52,GO,Centro-Oeste,81.01,769.05,71.78,9.230000000000004,0.12531736389783546,1,Melhor desempenho / menor risco
5219001,52,GO,Centro-Oeste,91.82,785.85,78.65,13.169999999999987,0.12518469537556748,1,Melhor desempenho / menor risco
2203107,22,PI,Nordeste,85.0,784.75,60.21,24.79,0.12516844525789855,1,Melhor desempenho / menor risco
3145505,31,MG,Sudeste,94.29,762.11,68.0,26.290000000000006,0.12500013734407286,1,Melhor desempenho / menor risco
5219704,52,GO,Centro-Oeste,96.08,787.63,80.0,16.08,0.12486951888451212,1,Melhor desempenho / menor risco
3169406,31,MG,Sudeste,81.66,768.99,67.27,14.39,0.12472073479612668,1,Melhor desempenho / menor risco
5215405,52,GO,Centro-Oeste,96.61,787.36,80.0,16.61,0.12439100255430867,1,Melhor desempenho / menor risco
2306405,23,CE,Nordeste,88.96,797.15,80.0,8.959999999999994,0.12436718039684705,1,Melhor desempenho / menor risco
3164407,31,MG,Sudeste,90.92,776.07,71.11,19.810000000000002,0.12428247337849446,1,Melhor desempenho / menor risco
3513850,35,SP,Sudeste,84.62,773.29,57.46,27.160000000000004,0.12396351300693555,1,Melhor desempenho / menor risco
5211404,52,GO,Centro-Oeste,94.51,789.08,80.0,14.510000000000005,0.12382810638581257,1,Melhor desempenho / menor risco
5213756,52,GO,Centro-Oeste,78.69,766.42,70.45,8.239999999999995,0.12363231592605585,1,Melhor desempenho / menor risco
3140803,31,MG,Sudeste,78.82,765.92,65.73,13.08999999999999,0.12330230950239786,1,Melhor desempenho / menor risco
2305704,23,CE,Nordeste,88.89,797.56,80.0,8.89,0.12302226038809339,1,Melhor desempenho / menor risco
3163300,31,MG,Sudeste,54.62,750.88,56.54,-1.9200000000000017,0.12292099610911875,3,Desempenho favorável
5219712,52,GO,Centro-Oeste,91.64,791.63,80.0,11.64,0.12231798688931896,1,Melhor desempenho / menor risco
3146008,31,MG,Sudeste,84.81,773.7,69.04,15.769999999999996,0.12222934943459064,1,Melhor desempenho / menor risco
5212006,52,GO,Centro-Oeste,100.0,785.48,80.0,20.0,0.12193464846190284,1,Melhor desempenho / menor risco
3126802,31,MG,Sudeste,69.89,756.06,61.02,8.869999999999997,0.12144689436828084,3,Desempenho favorável
5202601,52,GO,Centro-Oeste,93.75,780.13,77.18,16.569999999999993,0.12128282995890093,1,Melhor desempenho / menor risco
5218508,52,GO,Centro-Oeste,80.29,768.26,71.11,9.180000000000007,0.12121206191990037,1,Melhor desempenho / menor risco
3157104,31,MG,Sudeste,59.15,743.85,55.39,3.759999999999998,0.12099589438714643,3,Desempenho favorável
3140704,31,MG,Sudeste,75.26,764.24,64.35,10.91000000000001,0.12088872881588668,1,Melhor desempenho / menor risco
5210158,52,GO,Centro-Oeste,96.55,788.41,80.0,16.549999999999997,0.12064240979022278,1,Melhor desempenho / menor risco
3168903,31,MG,Sudeste,81.76,765.5,66.01,15.75,0.1204574607855551,1,Melhor desempenho / menor risco
2201150,22,PI,Nordeste,81.06,783.95,58.82,22.240000000000002,0.12038249810750458,1,Melhor desempenho / menor risco
2306900,23,CE,Nordeste,89.25,798.03,80.0,9.25,0.12028183124346886,1,Melhor desempenho / menor risco
3151800,31,MG,Sudeste,79.39,764.59,65.24,14.150000000000006,0.12008082680637872,1,Melhor desempenho / menor risco
3145455,31,MG,Sudeste,90.16,780.86,71.95,18.209999999999994,0.11988394005256568,1,Melhor desempenho / menor risco
2311355,23,CE,Nordeste,88.46,797.02,79.5,8.959999999999994,0.11952129702786295,1,Melhor desempenho / menor risco
4211850,42,SC,Sul,66.67,761.68,55.97,10.700000000000003,0.11941820321561447,3,Desempenho favorável
2306306,23,CE,Nordeste,89.55,798.05,80.0,9.549999999999997,0.11938754285219694,1,Melhor desempenho / menor risco
5221502,52,GO,Centro-Oeste,80.7,782.06,74.86,5.840000000000003,0.11922375397585563,1,Melhor desempenho / menor risco
2501401,25,PB,Nordeste,44.76,739.9,37.3,7.460000000000001,0.1191816078490471,3,Desempenho favorável
3130002,31,MG,Sudeste,83.33,767.86,66.89,16.439999999999998,0.1191728351009457,1,Melhor desempenho / menor risco
3150505,31,MG,Sudeste,94.39,789.05,75.02,19.370000000000005,0.1189758585721803,1,Melhor desempenho / menor risco
3119401,31,MG,Sudeste,64.1,750.04,57.97,6.1299999999999955,0.11894513590515382,3,Desempenho favorável
3165305,31,MG,Sudeste,81.64,768.03,66.57,15.070000000000007,0.11894194744113744,1,Melhor desempenho / menor risco
5205497,52,GO,Centro-Oeste,61.82,744.96,60.66,1.1600000000000037,0.1187016271294093,3,Desempenho favorável
3169109,31,MG,Sudeste,89.2,769.64,68.56,20.64,0.11870111134453737,1,Melhor desempenho / menor risco
3155306,31,MG,Sudeste,98.05,782.59,73.96,24.090000000000003,0.1185695344916606,1,Melhor desempenho / menor risco
5204953,52,GO,Centro-Oeste,82.8,759.35,68.96,13.840000000000003,0.11848733757059449,1,Melhor desempenho / menor risco
3146255,31,MG,Sudeste,64.75,748.99,57.76,6.990000000000002,0.11823505456179874,3,Desempenho favorável
3147303,31,MG,Sudeste,81.68,769.8,67.01,14.670000000000002,0.11818665830596349,1,Melhor desempenho / menor risco
3101300,31,MG,Sudeste,89.66,778.83,71.13,18.53,0.117841259515874,1,Melhor desempenho / menor risco
3149408,31,MG,Sudeste,100.0,803.39,80.0,20.0,0.11709029706562775,1,Melhor desempenho / menor risco
3103504,31,MG,Sudeste,64.76,751.42,58.34,6.420000000000002,0.1170127528497979,3,Desempenho favorável
3137403,31,MG,Sudeste,87.23,773.54,69.09,18.14,0.11686500048273585,1,Melhor desempenho / menor risco
3139904,31,MG,Sudeste,78.16,773.42,67.16,11.0,0.1165887814715691,1,Melhor desempenho / menor risco
5002605,50,MS,Centro-Oeste,60.41,745.45,46.61,13.799999999999997,0.11624811672924926,3,Desempenho favorável
2309102,23,CE,Nordeste,88.89,799.44,80.0,8.89,0.11615669914573801,1,Melhor desempenho / menor risco
3172202,31,MG,Sudeste,70.34,749.4,58.85,11.490000000000002,0.11591008776882887,3,Desempenho favorável
3203502,32,ES,Sudeste,80.21,767.77,68.52,11.689999999999998,0.11569865460895552,1,Melhor desempenho / menor risco
3100203,31,MG,Sudeste,73.11,756.47,61.36,11.75,0.11568799640889618,3,Desempenho favorável
2514008,25,PB,Nordeste,60.71,754.79,44.44,16.270000000000003,0.1156129006172487,3,Desempenho favorável
3108404,31,MG,Sudeste,87.53,777.43,70.13,17.400000000000006,0.1156090080108356,1,Melhor desempenho / menor risco
5209952,52,GO,Centro-Oeste,82.75,768.5,71.23,11.519999999999996,0.11525981750750199,1,Melhor desempenho / menor risco
5219506,52,GO,Centro-Oeste,100.0,787.38,80.0,20.0,0.11505115198366447,1,Melhor desempenho / menor risco
3137502,31,MG,Sudeste,82.01,769.89,66.85,15.16000000000001,0.1149160951234035,1,Melhor desempenho / menor risco
3105608,31,MG,Sudeste,81.97,766.97,66.02,15.950000000000003,0.11473124781239766,1,Melhor desempenho / menor risco
2412302,24,RN,Nordeste,49.42,745.36,33.52,15.899999999999999,0.11416329415923733,3,Desempenho favorável
3160504,31,MG,Sudeste,91.67,761.66,66.5,25.17,0.11399665710566119,1,Melhor desempenho / menor risco
1713809,17,TO,Norte,49.53,737.58,33.59,15.939999999999998,0.11393035997416141,3,Desempenho favorável
3132503,31,MG,Sudeste,81.25,767.36,65.91,15.340000000000003,0.11385549813823398,1,Melhor desempenho / menor risco
3127107,31,MG,Sudeste,73.59,760.54,62.44,11.150000000000006,0.11384684444009698,3,Desempenho favorável
3169307,31,MG,Sudeste,70.26,755.12,60.25,10.010000000000005,0.11380805466552683,3,Desempenho favorável
2307007,23,CE,Nordeste,88.24,800.61,80.0,8.239999999999995,0.11374319713747195,1,Melhor desempenho / menor risco
2400802,24,RN,Nordeste,51.81,748.65,34.89,16.92,0.11373599486727755,3,Desempenho favorável
3128907,31,MG,Sudeste,85.1,768.08,66.89,18.209999999999994,0.11366393625317105,1,Melhor desempenho / menor risco
3150158,31,MG,Sudeste,74.09,757.63,61.71,12.380000000000003,0.11348125357227502,3,Desempenho favorável
5103254,51,MT,Centro-Oeste,69.19,763.53,53.92,15.269999999999996,0.11283994271642565,3,Desempenho favorável
2513984,25,PB,Nordeste,97.5,799.67,64.23,33.269999999999996,0.11276341868364502,1,Melhor desempenho / menor risco
2406601,24,RN,Nordeste,64.22,752.31,38.36,25.86,0.11237784653274155,3,Desempenho favorável
3159001,31,MG,Sudeste,80.15,772.89,67.09,13.060000000000002,0.11232843292866153,1,Melhor desempenho / menor risco
3533205,35,SP,Sudeste,88.79,781.3,59.63,29.160000000000004,0.11212674416406064,1,Melhor desempenho / menor risco
5107206,51,MT,Centro-Oeste,81.6,771.09,58.5,23.099999999999994,0.11188759994923593,1,Melhor desempenho / menor risco
2804706,28,SE,Nordeste,58.77,746.49,34.69,24.080000000000005,0.11176190891370076,3,Desempenho favorável
3139003,31,MG,Sudeste,87.02,765.81,66.46,20.560000000000002,0.11116633034462846,1,Melhor desempenho / menor risco
2206100,22,PI,Nordeste,52.06,739.75,39.88,12.18,0.11108469654092672,3,Desempenho favorável
3536570,35,SP,Sudeste,73.68,762.98,51.35,22.330000000000005,0.11099485844707006,3,Desempenho favorável
2609303,26,PE,Nordeste,57.83,752.33,49.2,8.629999999999995,0.11028687829636047,3,Desempenho favorável
5216304,52,GO,Centro-Oeste,97.01,791.01,80.0,17.010000000000005,0.11021958403857532,1,Melhor desempenho / menor risco
2111078,21,MA,Nordeste,53.45,742.23,39.83,13.620000000000005,0.10986001427555696,3,Desempenho favorável
3135407,31,MG,Sudeste,88.66,783.24,71.51,17.14999999999999,0.1098383763575271,1,Melhor desempenho / menor risco
3116159,31,MG,Sudeste,69.39,753.13,59.2,10.189999999999998,0.10982064757707273,3,Desempenho favorável
3164472,31,MG,Sudeste,81.32,766.3,65.3,16.019999999999996,0.1097259324448437,1,Melhor desempenho / menor risco
2201739,22,PI,Nordeste,82.76,770.13,54.51,28.250000000000007,0.10964712126787661,1,Melhor desempenho / menor risco
3158300,31,MG,Sudeste,87.45,777.79,69.72,17.730000000000004,0.10943239814183509,1,Melhor desempenho / menor risco
3158508,31,MG,Sudeste,64.47,745.32,55.99,8.479999999999997,0.10940948458530504,3,Desempenho favorável
3156452,31,MG,Sudeste,78.18,763.31,63.79,14.390000000000008,0.10930825012453099,1,Melhor desempenho / menor risco
2307403,23,CE,Nordeste,90.28,800.4,80.0,10.280000000000001,0.10922175689280175,1,Melhor desempenho / menor risco
3159407,31,MG,Sudeste,88.22,778.54,70.06,18.159999999999997,0.10910801321274895,1,Melhor desempenho / menor risco
3151206,31,MG,Sudeste,69.81,753.91,59.44,10.370000000000005,0.10905647543575142,3,Desempenho favorável
3122702,31,MG,Sudeste,92.48,778.9,71.02,21.460000000000008,0.10885944505097052,1,Melhor desempenho / menor risco
5221197,52,GO,Centro-Oeste,71.39,756.73,65.07,6.320000000000007,0.10831903095314682,3,Desempenho favorável
3135902,31,MG,Sudeste,81.14,776.14,67.86,13.280000000000001,0.10822641421889291,1,Melhor desempenho / menor risco
3165404,31,MG,Sudeste,75.07,758.71,61.77,13.29999999999999,0.1080289613862055,3,Desempenho favorável
1703602,17,TO,Norte,68.9,764.6,44.56,24.340000000000003,0.10768747666640743,3,Desempenho favorável
3122009,31,MG,Sudeste,67.15,755.48,59.2,7.950000000000003,0.10755367404778667,3,Desempenho favorável
3125705,31,MG,Sudeste,75.1,756.68,61.16,13.939999999999998,0.10736557462378205,3,Desempenho favorável
2205573,22,PI,Nordeste,76.74,772.39,53.68,23.059999999999995,0.10710096713680994,1,Melhor desempenho / menor risco
5001508,50,MS,Centro-Oeste,52.42,734.88,41.27,11.149999999999999,0.10673366869681479,3,Desempenho favorável
3127339,31,MG,Sudeste,53.85,746.5,53.89,-0.03999999999999915,0.10662582886805563,3,Desempenho favorável
3522802,35,SP,Sudeste,70.1,761.77,49.91,20.189999999999998,0.1065521370610634,3,Desempenho favorável
3120003,31,MG,Sudeste,62.81,752.81,57.48,5.330000000000005,0.10654052855514745,3,Desempenho favorável
3101706,31,MG,Sudeste,55.06,739.22,52.09,2.969999999999999,0.10617672837015026,3,Desempenho favorável
5219902,52,GO,Centro-Oeste,75.57,756.95,65.8,9.769999999999996,0.10597617059848988,3,Desempenho favorável
2403400,24,RN,Nordeste,59.19,749.83,36.1,23.089999999999996,0.1058611881126868,3,Desempenho favorável
3129202,31,MG,Sudeste,67.59,753.64,58.64,8.950000000000003,0.10585138725155213,3,Desempenho favorável
3123007,31,MG,Sudeste,76.43,762.68,62.95,13.480000000000004,0.10564920887589568,1,Melhor desempenho / menor risco
5206800,52,GO,Centro-Oeste,97.08,792.37,80.0,17.08,0.10550514361712807,1,Melhor desempenho / menor risco
3151602,31,MG,Sudeste,65.98,748.77,56.93,9.050000000000004,0.1054864569768526,3,Desempenho favorável
5214705,52,GO,Centro-Oeste,95.24,793.79,80.0,15.239999999999995,0.10536205746783257,1,Melhor desempenho / menor risco
3154200,31,MG,Sudeste,82.11,766.26,65.07,17.040000000000006,0.10512630797871167,1,Melhor desempenho / menor risco
3127206,31,MG,Sudeste,69.2,760.27,60.73,8.470000000000006,0.10495462463856664,3,Desempenho favorável
3134103,31,MG,Sudeste,79.92,762.4,63.53,16.39,0.10488977606349643,1,Melhor desempenho / menor risco
5214002,52,GO,Centro-Oeste,66.57,745.25,60.6,5.969999999999992,0.10473983046380037,3,Desempenho favorável
3144805,31,MG,Sudeste,79.6,765.7,64.35,15.25,0.10458242333594847,1,Melhor desempenho / menor risco
3147402,31,MG,Sudeste,71.27,752.51,58.98,12.29,0.10456891972472174,3,Desempenho favorável
3105509,31,MG,Sudeste,89.21,774.78,68.84,20.36999999999999,0.10449650993672308,1,Melhor desempenho / menor risco
3162104,31,MG,Sudeste,75.49,759.81,61.85,13.639999999999993,0.10432597542732687,3,Desempenho favorável
2505238,25,PB,Nordeste,22.16,713.38,24.09,-1.9299999999999997,0.10419426197987224,3,Desempenho favorável
3143401,31,MG,Sudeste,74.18,763.04,62.45,11.730000000000004,0.10406760125340493,3,Desempenho favorável
3135050,31,MG,Sudeste,63.5,743.08,54.72,8.780000000000001,0.10402493521887943,3,Desempenho favorável
3157807,31,MG,Sudeste,72.16,758.67,60.8,11.36,0.10378458001316943,3,Desempenho favorável
2501351,25,PB,Nordeste,93.96,784.89,58.65,35.309999999999995,0.10354382423288175,1,Melhor desempenho / menor risco
3138500,31,MG,Sudeste,71.21,770.9,63.95,7.259999999999991,0.10338190056092354,1,Melhor desempenho / menor risco
3165701,31,MG,Sudeste,91.79,779.97,70.7,21.090000000000003,0.10323187920645102,1,Melhor desempenho / menor risco
4219358,42,SC,Sul,76.12,759.35,55.97,20.150000000000006,0.1031836990283143,3,Desempenho favorável
3139607,31,MG,Sudeste,71.17,755.81,59.73,11.440000000000005,0.10291655877698509,3,Desempenho favorável
3170701,31,MG,Sudeste,71.53,757.55,60.24,11.29,0.1023909803320234,3,Desempenho favorável
3116605,31,MG,Sudeste,82.99,774.26,67.2,15.789999999999992,0.10205497928450387,1,Melhor desempenho / menor risco
2307601,23,CE,Nordeste,89.65,803.11,80.0,9.650000000000006,0.10189119290223904,1,Melhor desempenho / menor risco
3133006,31,MG,Sudeste,81.86,766.85,64.9,16.959999999999994,0.10185001160317941,1,Melhor desempenho / menor risco
3145356,31,MG,Sudeste,62.37,750.18,56.26,6.109999999999999,0.10183330339738024,3,Desempenho favorável
3107208,31,MG,Sudeste,73.33,754.68,59.77,13.559999999999995,0.10182965349618839,3,Desempenho favorável
3158003,31,MG,Sudeste,77.79,762.83,62.93,14.860000000000007,0.10165410418129422,1,Melhor desempenho / menor risco
5108857,51,MT,Centro-Oeste,80.62,764.78,55.67,24.950000000000003,0.10134126395001136,1,Melhor desempenho / menor risco
3114907,31,MG,Sudeste,94.12,784.64,72.3,21.820000000000007,0.10124131857995093,1,Melhor desempenho / menor risco
3126604,31,MG,Sudeste,37.5,731.95,46.02,-8.520000000000003,0.10117262622048948,3,Desempenho favorável
5204300,52,GO,Centro-Oeste,91.38,781.06,75.3,16.08,0.10092100253070305,1,Melhor desempenho / menor risco
5208103,52,GO,Centro-Oeste,86.67,778.7,73.67,13.0,0.10087944149629408,1,Melhor desempenho / menor risco
3117504,31,MG,Sudeste,82.33,769.59,65.66,16.67,0.10076843771950582,1,Melhor desempenho / menor risco
2202653,22,PI,Nordeste,46.21,733.08,35.94,10.270000000000003,0.10056609324741485,3,Desempenho favorável
5220454,52,GO,Centro-Oeste,60.34,744.54,58.75,1.5900000000000034,0.10051617722133573,3,Desempenho favorável
3144607,31,MG,Sudeste,77.99,760.76,62.27,15.719999999999992,0.10018407721629687,1,Melhor desempenho / menor risco
2306009,23,CE,Nordeste,84.18,807.76,80.0,4.180000000000007,0.10013145718197031,1,Melhor desempenho / menor risco
2311504,23,CE,Nordeste,93.13,801.08,80.0,13.129999999999995,0.10008655746507338,1,Melhor desempenho / menor risco
3170651,31,MG,Sudeste,89.89,771.18,67.59,22.299999999999997,0.09994359819431829,1,Melhor desempenho / menor risco
2210938,22,PI,Nordeste,55.84,749.05,42.28,13.560000000000002,0.09981716443928194,3,Desempenho favorável
3124807,31,MG,Sudeste,69.36,750.38,57.58,11.780000000000001,0.09977818459277116,3,Desempenho favorável
3170503,31,MG,Sudeste,81.15,763.26,63.54,17.610000000000007,0.0993438784460728,1,Melhor desempenho / menor risco
3130101,31,MG,Sudeste,73.84,759.75,61.05,12.790000000000006,0.09925286560569634,3,Desempenho favorável
4204178,42,SC,Sul,49.84,736.52,43.88,5.960000000000001,0.0992511947173628,3,Desempenho favorável
3201159,32,ES,Sudeste,87.96,777.25,71.37,16.58999999999999,0.09919959988084646,1,Melhor desempenho / menor risco
3200359,32,ES,Sudeste,83.48,774.17,69.58,13.900000000000006,0.09906326575888842,1,Melhor desempenho / menor risco
3156007,31,MG,Sudeste,59.95,750.07,55.47,4.480000000000004,0.09889659155464237,3,Desempenho favorável
5221551,52,GO,Centro-Oeste,86.88,772.82,71.9,14.97999999999999,0.09876075548813515,1,Melhor desempenho / menor risco
3168200,31,MG,Sudeste,100.0,799.92,77.52,22.480000000000004,0.09875634870244177,1,Melhor desempenho / menor risco
1718709,17,TO,Norte,46.58,742.42,32.95,13.629999999999995,0.09771379347397946,3,Desempenho favorável
1713957,17,TO,Norte,49.28,741.87,33.35,15.93,0.09764463073159656,3,Desempenho favorável
3110301,31,MG,Sudeste,72.95,759.78,60.72,12.230000000000004,0.09753551320026975,3,Desempenho favorável
5205208,52,GO,Centro-Oeste,87.17,773.64,72.06,15.11,0.09735501345305102,1,Melhor desempenho / menor risco
5212808,52,GO,Centro-Oeste,87.78,776.18,72.86,14.920000000000002,0.09704314014589187,1,Melhor desempenho / menor risco
3127008,31,MG,Sudeste,76.16,761.26,61.73,14.43,0.09684284125921137,3,Desempenho favorável
3159605,31,MG,Sudeste,72.16,756.47,59.56,12.599999999999994,0.09663791951514021,3,Desempenho favorável
2514602,25,PB,Nordeste,29.62,718.43,26.33,3.2900000000000027,0.09629010734605367,3,Desempenho favorável
3130051,31,MG,Sudeste,77.42,763.37,62.49,14.93,0.09592634770943427,1,Melhor desempenho / menor risco
3138609,31,MG,Sudeste,69.51,750.66,57.34,12.170000000000002,0.09591881197964186,3,Desempenho favorável
3119906,31,MG,Sudeste,100.0,794.25,75.69,24.310000000000002,0.09586261160756433,1,Melhor desempenho / menor risco
3172103,31,MG,Sudeste,76.28,756.38,60.3,15.980000000000004,0.09568847774955037,3,Desempenho favorável
3115003,31,MG,Sudeste,85.84,781.04,69.08,16.760000000000005,0.09553567354128109,1,Melhor desempenho / menor risco
2306504,23,CE,Nordeste,92.57,802.99,80.0,12.569999999999993,0.09552250548536514,1,Melhor desempenho / menor risco
3112307,31,MG,Sudeste,80.94,766.73,64.07,16.870000000000005,0.09509445094806296,1,Melhor desempenho / menor risco
3512704,35,SP,Sudeste,84.16,774.56,55.31,28.849999999999994,0.09471660046718787,1,Melhor desempenho / menor risco
2202539,22,PI,Nordeste,68.17,775.11,51.55,16.620000000000005,0.09449179176476279,3,Desempenho favorável
2302404,23,CE,Nordeste,90.36,805.01,80.0,10.36,0.09442816620043992,1,Melhor desempenho / menor risco
5205406,52,GO,Centro-Oeste,94.51,797.86,80.0,14.510000000000005,0.09438134260776575,1,Melhor desempenho / menor risco
3102001,31,MG,Sudeste,85.54,776.06,67.53,18.010000000000005,0.09433618916663986,1,Melhor desempenho / menor risco
3107109,31,MG,Sudeste,74.5,765.86,62.38,12.119999999999997,0.0938295267927738,1,Melhor desempenho / menor risco
1700400,17,TO,Norte,48.18,736.05,31.16,17.02,0.09380394730594757,3,Desempenho favorável
2205359,22,PI,Nordeste,97.14,786.09,60.49,36.65,0.09357456074066972,1,Melhor desempenho / menor risco
2301950,23,CE,Nordeste,91.15,804.79,80.0,11.150000000000006,0.09333355651958156,1,Melhor desempenho / menor risco
3169703,31,MG,Sudeste,73.78,766.83,62.45,11.329999999999998,0.09330504308341302,1,Melhor desempenho / menor risco
3119302,31,MG,Sudeste,63.22,744.31,54.04,9.18,0.09329712519599384,3,Desempenho favorável
3112604,31,MG,Sudeste,73.04,760.73,60.59,12.450000000000003,0.09308621801541984,3,Desempenho favorável
3130507,31,MG,Sudeste,65.15,753.57,56.97,8.180000000000007,0.09298952339544346,3,Desempenho favorável
2404705,24,RN,Nordeste,43.03,738.67,28.51,14.52,0.09281674750642811,3,Desempenho favorável
3155108,31,MG,Sudeste,76.19,762.83,61.78,14.409999999999997,0.09264327739755503,1,Melhor desempenho / menor risco
5220504,52,GO,Centro-Oeste,66.65,757.2,62.81,3.8400000000000034,0.09237699428405304,3,Desempenho favorável
5103361,51,MT,Centro-Oeste,69.46,767.63,53.29,16.169999999999995,0.09192400619296603,3,Desempenho favorável
1100346,11,RO,Norte,65.35,744.77,44.11,21.239999999999995,0.0917143971818608,3,Desempenho favorável
2209955,22,PI,Nordeste,86.96,800.71,62.25,24.709999999999994,0.09171045783031681,1,Melhor desempenho / menor risco
2209351,22,PI,Nordeste,68.1,760.98,47.35,20.749999999999993,0.09153535025506082,3,Desempenho favorável
3136652,31,MG,Sudeste,68.53,755.66,58.1,10.43,0.0914484335331446,3,Desempenho favorável
3143203,31,MG,Sudeste,61.59,746.9,54.24,7.350000000000001,0.09141456485322526,3,Desempenho favorável
5218706,52,GO,Centro-Oeste,100.0,786.1,77.58,22.42,0.09116901888843804,1,Melhor desempenho / menor risco
2706109,27,AL,Nordeste,52.43,739.36,35.99,16.439999999999998,0.09103574944083895,3,Desempenho favorável
3102852,31,MG,Sudeste,84.97,773.26,66.32,18.650000000000006,0.09098061197858688,1,Melhor desempenho / menor risco
3547007,35,SP,Sudeste,86.98,790.84,60.01,26.970000000000006,0.09066716436831014,1,Melhor desempenho / menor risco
1704105,17,TO,Norte,66.67,751.13,38.85,27.82,0.09062935929184193,3,Desempenho favorável
3139409,31,MG,Sudeste,71.73,755.77,58.68,13.050000000000004,0.09028628631219186,3,Desempenho favorável
3169604,31,MG,Sudeste,58.34,741.44,51.94,6.400000000000006,0.09018637833712455,3,Desempenho favorável
2703759,27,AL,Nordeste,95.65,794.05,59.93,35.720000000000006,0.08983770595511655,1,Melhor desempenho / menor risco
3153707,31,MG,Sudeste,63.55,746.91,54.49,9.059999999999995,0.0897804508626131,3,Desempenho favorável
3119005,31,MG,Sudeste,73.53,751.54,57.79,15.740000000000002,0.08933417195560121,3,Desempenho favorável
3129509,31,MG,Sudeste,78.1,761.52,61.49,16.609999999999992,0.08929377816891208,1,Melhor desempenho / menor risco
3153905,31,MG,Sudeste,69.66,757.96,58.67,10.989999999999995,0.08837321185252182,3,Desempenho favorável
5005152,50,MS,Centro-Oeste,47.67,733.5,38.18,9.490000000000002,0.08776853692055613,3,Desempenho favorável
1718550,17,TO,Norte,54.32,754.37,36.89,17.43,0.08755401250825193,3,Desempenho favorável
2209906,22,PI,Nordeste,93.97,786.41,59.26,34.71,0.08675225957570254,1,Melhor desempenho / menor risco
5219753,52,GO,Centro-Oeste,53.64,739.39,54.64,-1.0,0.08668859777230839,3,Desempenho favorável
3101805,31,MG,Sudeste,70.83,752.0,57.08,13.75,0.08652770946706034,3,Desempenho favorável
3163102,31,MG,Sudeste,82.68,765.61,63.26,19.42000000000001,0.08620272079969528,1,Melhor desempenho / menor risco
2314102,23,CE,Nordeste,90.22,808.1,80.0,10.219999999999999,0.08593610067773991,1,Melhor desempenho / menor risco
5201603,52,GO,Centro-Oeste,93.21,794.87,78.08,15.129999999999995,0.08589983701017449,1,Melhor desempenho / menor risco
5208905,52,GO,Centro-Oeste,87.52,775.17,71.44,16.08,0.0857290511452105,1,Melhor desempenho / menor risco
3122470,31,MG,Sudeste,84.62,765.49,63.54,21.080000000000005,0.08533700458991161,1,Melhor desempenho / menor risco
1715259,17,TO,Norte,61.24,753.64,37.88,23.36,0.08518641528860668,3,Desempenho favorável
3138708,31,MG,Sudeste,97.5,784.08,71.31,26.189999999999998,0.08501892653281627,1,Melhor desempenho / menor risco
2314003,23,CE,Nordeste,90.9,807.95,80.0,10.900000000000006,0.0849638068522213,1,Melhor desempenho / menor risco
3156809,31,MG,Sudeste,60.64,745.85,53.09,7.549999999999997,0.08473200939414298,3,Desempenho favorável
3168309,31,MG,Sudeste,94.4,783.74,70.52,23.88000000000001,0.08448358645920342,1,Melhor desempenho / menor risco
2209609,22,PI,Nordeste,64.29,773.46,49.29,15.000000000000007,0.08427167540826891,3,Desempenho favorável
3141900,31,MG,Sudeste,76.32,763.27,61.07,15.249999999999993,0.0839753962293698,1,Melhor desempenho / menor risco
3148756,31,MG,Sudeste,91.18,775.1,67.41,23.77000000000001,0.08394510136499835,1,Melhor desempenho / menor risco
1715705,17,TO,Norte,31.27,719.71,22.17,9.099999999999998,0.08389587116703923,3,Desempenho favorável
3149002,31,MG,Sudeste,80.0,765.09,62.32,17.68,0.08383953186400235,1,Melhor desempenho / menor risco
3154408,31,MG,Sudeste,82.0,768.14,63.56,18.439999999999998,0.08367838821966032,1,Melhor desempenho / menor risco
3164803,31,MG,Sudeste,100.0,781.3,70.92,29.08,0.08367740728981847,1,Melhor desempenho / menor risco
2306553,23,CE,Nordeste,92.49,807.25,80.0,12.489999999999995,0.08365337530774448,1,Melhor desempenho / menor risco
2306801,23,CE,Nordeste,93.88,806.39,80.0,13.879999999999995,0.08317675777070964,1,Melhor desempenho / menor risco
2313757,23,CE,Nordeste,82.27,785.25,71.75,10.519999999999996,0.08312766518639443,1,Melhor desempenho / menor risco
2310100,23,CE,Nordeste,94.31,806.13,80.0,14.310000000000002,0.08301385469632884,1,Melhor desempenho / menor risco
3120508,31,MG,Sudeste,81.73,769.23,63.72,18.010000000000005,0.08285931581644623,1,Melhor desempenho / menor risco
2311603,23,CE,Nordeste,92.45,807.65,80.0,12.450000000000003,0.08267441723796409,1,Melhor desempenho / menor risco
3102308,31,MG,Sudeste,72.33,759.66,59.11,13.219999999999999,0.08266260036309804,3,Desempenho favorável
2204154,22,PI,Nordeste,95.24,811.69,66.09,29.14999999999999,0.08265406716546733,1,Melhor desempenho / menor risco
3135506,31,MG,Sudeste,84.89,770.93,64.81,20.08,0.08254147819087802,1,Melhor desempenho / menor risco
3171402,31,MG,Sudeste,74.62,761.63,60.08,14.540000000000006,0.08220573260921443,3,Desempenho favorável
2311207,23,CE,Nordeste,91.04,808.96,80.0,11.040000000000006,0.08200502298207747,1,Melhor desempenho / menor risco
3132107,31,MG,Sudeste,72.78,760.79,59.42,13.36,0.08175890037054227,3,Desempenho favorável
2300804,23,CE,Nordeste,94.51,806.46,80.0,14.510000000000005,0.08175602924533173,1,Melhor desempenho / menor risco
3106606,31,MG,Sudeste,85.02,776.01,66.15,18.86999999999999,0.08167839250327552,1,Melhor desempenho / menor risco
5212709,52,GO,Centro-Oeste,68.27,750.14,60.06,8.209999999999994,0.08112440859443835,3,Desempenho favorável
3144656,31,MG,Sudeste,77.17,757.25,59.27,17.9,0.08101656779627292,3,Desempenho favorável
5106281,51,MT,Centro-Oeste,94.16,798.14,65.72,28.439999999999998,0.08092022924816339,1,Melhor desempenho / menor risco
2515609,25,PB,Nordeste,48.92,733.23,32.81,16.11,0.08015647504740846,3,Desempenho favorável
3532108,35,SP,Sudeste,100.0,802.73,64.91,35.09,0.08010235795812722,1,Melhor desempenho / menor risco
5201306,52,GO,Centro-Oeste,98.09,800.4,80.0,18.090000000000003,0.08000378464106694,1,Melhor desempenho / menor risco
3164209,31,MG,Sudeste,77.76,761.42,60.42,17.340000000000003,0.0798581281715083,1,Melhor desempenho / menor risco
2311306,23,CE,Nordeste,92.49,808.78,80.0,12.489999999999995,0.07967334049666937,1,Melhor desempenho / menor risco
3134509,31,MG,Sudeste,76.33,763.63,60.71,15.619999999999997,0.07962546635858199,1,Melhor desempenho / menor risco
3115904,31,MG,Sudeste,44.9,726.03,43.78,1.1199999999999974,0.07929129701902736,3,Desempenho favorável
3162252,31,MG,Sudeste,77.83,759.25,59.75,18.08,0.0790816835827659,3,Desempenho favorável
3171808,31,MG,Sudeste,65.62,753.75,55.67,9.950000000000003,0.07876459143016223,3,Desempenho favorável
3163508,31,MG,Sudeste,81.45,769.76,63.35,18.1,0.07858921702961179,1,Melhor desempenho / menor risco
3121100,31,MG,Sudeste,93.02,780.93,68.79,24.22999999999999,0.07822303852443788,1,Melhor desempenho / menor risco
2301109,23,CE,Nordeste,91.16,810.37,80.0,11.159999999999997,0.07817230490495815,1,Melhor desempenho / menor risco
3152105,31,MG,Sudeste,81.27,763.67,61.58,19.689999999999998,0.07814333631903876,1,Melhor desempenho / menor risco
5205703,52,GO,Centro-Oeste,100.0,793.11,78.17,21.83,0.07808884056467828,1,Melhor desempenho / menor risco
3106903,31,MG,Sudeste,70.71,752.9,56.41,14.299999999999997,0.07806160289995812,3,Desempenho favorável
3110905,31,MG,Sudeste,64.8,749.02,54.1,10.699999999999996,0.07792342942903166,3,Desempenho favorável
3107406,31,MG,Sudeste,65.88,750.77,54.75,11.129999999999995,0.07741002659531798,3,Desempenho favorável
3169208,31,MG,Sudeste,80.55,774.72,64.39,16.159999999999997,0.07728073025096689,1,Melhor desempenho / menor risco
3153806,31,MG,Sudeste,95.0,775.28,67.52,27.480000000000004,0.07716664989489974,1,Melhor desempenho / menor risco
2303303,23,CE,Nordeste,95.26,807.71,80.0,15.260000000000005,0.07716158658848458,1,Melhor desempenho / menor risco
5206503,52,GO,Centro-Oeste,72.38,762.06,63.76,8.619999999999997,0.07705632309082713,3,Desempenho favorável
3153103,31,MG,Sudeste,88.0,770.02,64.6,23.400000000000006,0.07700218977193199,1,Melhor desempenho / menor risco
2507002,25,PB,Nordeste,48.7,737.01,33.43,15.270000000000003,0.07671451550669035,3,Desempenho favorável
2301802,23,CE,Nordeste,91.67,810.73,80.0,11.670000000000002,0.0763386029243593,1,Melhor desempenho / menor risco
2508109,25,PB,Nordeste,59.38,754.46,40.4,18.980000000000004,0.07616115533863495,3,Desempenho favorável
3119955,31,MG,Sudeste,96.07,794.22,72.83,23.239999999999995,0.07586108353251327,1,Melhor desempenho / menor risco
3202108,32,ES,Sudeste,94.7,785.19,72.6,22.10000000000001,0.07570717656260391,1,Melhor desempenho / menor risco
1709005,17,TO,Norte,38.49,735.29,27.07,11.420000000000002,0.07561283329740294,3,Desempenho favorável
5203575,52,GO,Centro-Oeste,61.76,753.48,59.02,2.739999999999995,0.07553457907306887,3,Desempenho favorável
3136009,31,MG,Sudeste,64.1,753.28,54.86,9.239999999999995,0.07549766562001194,3,Desempenho favorável
3160603,31,MG,Sudeste,93.33,770.88,65.72,27.61,0.07506380281403499,1,Melhor desempenho / menor risco
3104452,31,MG,Sudeste,84.87,771.7,64.15,20.72,0.0746523086939353,1,Melhor desempenho / menor risco
3121506,31,MG,Sudeste,96.43,791.19,71.92,24.510000000000005,0.07457964438208535,1,Melhor desempenho / menor risco
2304806,23,CE,Nordeste,91.59,811.76,80.0,11.590000000000003,0.07399891974872691,1,Melhor desempenho / menor risco
2313500,23,CE,Nordeste,91.78,811.72,80.0,11.780000000000001,0.07375652876005533,1,Melhor desempenho / menor risco
3159100,31,MG,Sudeste,94.44,776.76,67.4,27.039999999999992,0.07355270325946255,1,Melhor desempenho / menor risco
3126406,31,MG,Sudeste,90.83,774.74,66.0,24.83,0.07274357665462343,1,Melhor desempenho / menor risco
4215687,42,SC,Sul,95.83,779.62,62.58,33.25,0.07259344078131152,1,Melhor desempenho / menor risco
2311801,23,CE,Nordeste,94.59,810.17,80.0,14.590000000000003,0.07245930421064635,1,Melhor desempenho / menor risco
3116100,31,MG,Sudeste,66.15,748.08,53.49,12.660000000000004,0.07243494823259766,3,Desempenho favorável
2400505,24,RN,Nordeste,58.98,751.63,33.21,25.769999999999996,0.07219760251745135,3,Desempenho favorável
5221700,52,GO,Centro-Oeste,97.73,792.72,76.91,20.820000000000007,0.07213883830273389,1,Melhor desempenho / menor risco
3108701,31,MG,Sudeste,81.16,768.85,62.28,18.879999999999995,0.07196730585750281,1,Melhor desempenho / menor risco
3116803,31,MG,Sudeste,91.21,786.36,69.19,22.019999999999996,0.07189376955344096,1,Melhor desempenho / menor risco
3152907,31,MG,Sudeste,88.36,785.06,68.22,20.14,0.0717156478732804,1,Melhor desempenho / menor risco
2302503,23,CE,Nordeste,95.4,810.02,80.0,15.400000000000006,0.07140353947588751,1,Melhor desempenho / menor risco
2309805,23,CE,Nordeste,91.18,813.18,80.0,11.180000000000007,0.07139537291071711,1,Melhor desempenho / menor risco
5007802,50,MS,Centro-Oeste,59.83,744.49,41.91,17.92,0.0710995485125245,3,Desempenho favorável
3157658,31,MG,Sudeste,90.81,775.72,66.05,24.760000000000005,0.07092969806400598,1,Melhor desempenho / menor risco
2308500,23,CE,Nordeste,93.51,811.7,80.0,13.510000000000005,0.0707933121348244,1,Melhor desempenho / menor risco
2517209,25,PB,Nordeste,64.36,763.52,43.25,21.11,0.07033366542042885,3,Desempenho favorável
3113008,31,MG,Sudeste,71.52,747.48,54.16,17.36,0.07015401149645456,3,Desempenho favorável
3132602,31,MG,Sudeste,73.68,761.3,58.41,15.27000000000001,0.07001338639319458,3,Desempenho favorável
3127057,31,MG,Sudeste,58.66,744.3,50.6,8.059999999999995,0.06997642101570649,3,Desempenho favorável
2304285,23,CE,Nordeste,93.91,811.79,80.0,13.909999999999997,0.0699102426273082,1,Melhor desempenho / menor risco
2306207,23,CE,Nordeste,96.74,809.7,80.0,16.739999999999995,0.06984988654363544,1,Melhor desempenho / menor risco
4112603,41,PR,Sul,92.31,776.79,59.77,32.54,0.0697487865822241,1,Melhor desempenho / menor risco
2311108,23,CE,Nordeste,92.09,813.34,80.0,12.090000000000003,0.06948578752652133,1,Melhor desempenho / menor risco
3115300,31,MG,Sudeste,60.22,740.01,49.63,10.589999999999996,0.0691107990138995,3,Desempenho favorável
3106804,31,MG,Sudeste,100.0,792.28,72.3,27.700000000000003,0.06906455680398248,1,Melhor desempenho / menor risco
2209203,22,PI,Nordeste,62.47,757.79,42.85,19.619999999999997,0.06894617408137133,3,Desempenho favorável
3170479,31,MG,Sudeste,80.0,772.45,62.66,17.340000000000003,0.06888392910832734,1,Melhor desempenho / menor risco
2513653,25,PB,Nordeste,90.09,778.2,52.44,37.650000000000006,0.06880089047318434,1,Melhor desempenho / menor risco
3146206,31,MG,Sudeste,78.41,766.36,60.63,17.779999999999994,0.06874210983834267,1,Melhor desempenho / menor risco
3139250,31,MG,Sudeste,65.94,747.21,52.75,13.189999999999998,0.06868236638969341,3,Desempenho favorável
2513307,25,PB,Nordeste,96.58,806.9,61.7,34.879999999999995,0.06867128008096132,1,Melhor desempenho / menor risco
2108702,21,MA,Nordeste,63.6,751.15,40.27,23.33,0.06850991918940712,3,Desempenho favorável
2303907,23,CE,Nordeste,91.5,802.34,76.71,14.790000000000006,0.06846201006159751,1,Melhor desempenho / menor risco
3556958,35,SP,Sudeste,100.0,829.44,70.92,29.08,0.06828172191584803,1,Melhor desempenho / menor risco
3153509,31,MG,Sudeste,78.73,765.34,60.34,18.39,0.06814847986821265,1,Melhor desempenho / menor risco
5200134,52,GO,Centro-Oeste,81.48,765.37,65.5,15.980000000000004,0.06813819372930512,1,Melhor desempenho / menor risco
2304277,23,CE,Nordeste,95.0,811.88,80.0,15.0,0.06789541916182354,1,Melhor desempenho / menor risco
2612901,26,PE,Nordeste,71.07,755.39,48.5,22.569999999999993,0.06752177072160631,3,Desempenho favorável
5212204,52,GO,Centro-Oeste,79.77,768.18,65.82,13.950000000000003,0.06732015392850495,1,Melhor desempenho / menor risco
5204003,52,GO,Centro-Oeste,93.81,783.5,72.9,20.909999999999997,0.0668614825499128,1,Melhor desempenho / menor risco
5215504,52,GO,Centro-Oeste,90.09,776.14,70.09,20.0,0.06681369141745501,1,Melhor desempenho / menor risco
5219100,52,GO,Centro-Oeste,100.0,800.23,78.78,21.22,0.06666614224128568,1,Melhor desempenho / menor risco
5207600,52,GO,Centro-Oeste,100.0,804.74,80.0,20.0,0.0664572241031511,1,Melhor desempenho / menor risco
3131000,31,MG,Sudeste,77.62,757.49,57.68,19.940000000000005,0.06610278400070657,3,Desempenho favorável
5220702,52,GO,Centro-Oeste,79.41,765.83,64.93,14.47999999999999,0.06602464372533587,1,Melhor desempenho / menor risco
2313252,23,CE,Nordeste,91.6,815.36,80.0,11.599999999999994,0.06586706594307504,1,Melhor desempenho / menor risco
3109600,31,MG,Sudeste,80.0,769.32,61.41,18.590000000000003,0.06585107717502571,1,Melhor desempenho / menor risco
2201988,22,PI,Nordeste,95.35,796.92,60.0,35.349999999999994,0.0652824505960491,1,Melhor desempenho / menor risco
2310407,23,CE,Nordeste,94.2,813.79,80.0,14.200000000000003,0.06507165281131434,1,Melhor desempenho / menor risco
5205307,52,GO,Centro-Oeste,84.5,768.65,66.63,17.870000000000005,0.0650097417556094,1,Melhor desempenho / menor risco
3142106,31,MG,Sudeste,75.29,760.51,57.88,17.410000000000004,0.06492661021184179,3,Desempenho favorável
3171006,31,MG,Sudeste,71.85,754.48,55.46,16.389999999999993,0.06460974701165065,3,Desempenho favorável
2310704,23,CE,Nordeste,91.29,816.23,80.0,11.290000000000006,0.06451792141227052,1,Melhor desempenho / menor risco
5203104,52,GO,Centro-Oeste,89.49,775.0,69.34,20.14999999999999,0.06442267603972948,1,Melhor desempenho / menor risco
2313302,23,CE,Nordeste,92.01,815.8,80.0,12.010000000000005,0.0642910166815967,1,Melhor desempenho / menor risco
5006903,50,MS,Centro-Oeste,67.46,753.76,45.19,22.269999999999996,0.06429015407404379,3,Desempenho favorável
3100104,31,MG,Sudeste,96.07,779.94,67.44,28.629999999999995,0.06410639222424762,1,Melhor desempenho / menor risco
3108909,31,MG,Sudeste,79.14,767.01,60.36,18.78,0.06407075470584302,1,Melhor desempenho / menor risco
3143005,31,MG,Sudeste,80.85,764.15,59.92,20.929999999999993,0.06404862840161443,1,Melhor desempenho / menor risco
3555604,35,SP,Sudeste,87.56,787.49,56.14,31.42,0.06356538345202875,1,Melhor desempenho / menor risco
3126000,31,MG,Sudeste,85.73,777.72,64.61,21.120000000000005,0.0635201670084192,1,Melhor desempenho / menor risco
2517001,25,PB,Nordeste,79.38,784.97,51.38,27.999999999999993,0.0632551775250946,1,Melhor desempenho / menor risco
3124005,31,MG,Sudeste,85.0,772.12,62.82,22.18,0.06284476245855206,1,Melhor desempenho / menor risco
5219803,52,GO,Centro-Oeste,65.94,747.93,56.77,9.169999999999995,0.06280179103381445,3,Desempenho favorável
3123809,31,MG,Sudeste,76.22,754.27,56.04,20.18,0.06262459419149943,3,Desempenho favorável
3145604,31,MG,Sudeste,80.67,764.36,59.6,21.07,0.06153184832561576,1,Melhor desempenho / menor risco
3109402,31,MG,Sudeste,62.63,746.51,50.93,11.700000000000003,0.06149510545218111,3,Desempenho favorável
5201454,52,GO,Centro-Oeste,87.09,767.16,66.23,20.86,0.06112773734700413,1,Melhor desempenho / menor risco
5106174,51,MT,Centro-Oeste,85.25,781.98,56.85,28.4,0.06001910373726878,1,Melhor desempenho / menor risco
2302800,23,CE,Nordeste,95.0,815.7,80.0,15.0,0.05997352826099723,1,Melhor desempenho / menor risco
2202307,22,PI,Nordeste,36.45,729.75,28.48,7.970000000000002,0.05961695481171744,3,Desempenho favorável
3138807,31,MG,Sudeste,87.21,772.06,62.79,24.419999999999995,0.05945647680348869,1,Melhor desempenho / menor risco
3143153,31,MG,Sudeste,82.61,764.46,59.68,22.93,0.059052188185660125,1,Melhor desempenho / menor risco
3101201,31,MG,Sudeste,85.71,775.77,63.37,22.339999999999996,0.05851288335094505,1,Melhor desempenho / menor risco
3170909,31,MG,Sudeste,73.78,763.6,57.53,16.25,0.05845257311988693,3,Desempenho favorável
3143450,31,MG,Sudeste,88.98,770.73,62.64,26.340000000000003,0.05842409980104049,1,Melhor desempenho / menor risco
3169505,31,MG,Sudeste,74.58,759.47,56.54,18.04,0.05835816204746468,3,Desempenho favorável
2308005,23,CE,Nordeste,95.03,817.19,80.0,15.030000000000001,0.05708276716366692,1,Melhor desempenho / menor risco
2310803,23,CE,Nordeste,93.44,818.44,80.0,13.439999999999998,0.05696948494795955,1,Melhor desempenho / menor risco
2300606,23,CE,Nordeste,88.52,822.19,80.0,8.519999999999996,0.0568392133297869,1,Melhor desempenho / menor risco
2304459,23,CE,Nordeste,93.28,818.63,80.0,13.280000000000001,0.05683855208503413,1,Melhor desempenho / menor risco
5216809,52,GO,Centro-Oeste,85.41,769.91,66.02,19.39,0.05679267432780149,1,Melhor desempenho / menor risco
2313559,23,CE,Nordeste,95.29,817.19,80.0,15.290000000000006,0.05672070249296937,1,Melhor desempenho / menor risco
5209606,52,GO,Centro-Oeste,83.54,757.62,62.21,21.330000000000005,0.056619874302400196,1,Melhor desempenho / menor risco
2306702,23,CE,Nordeste,93.66,818.47,80.0,13.659999999999997,0.056607945509770684,1,Melhor desempenho / menor risco
2502201,25,PB,Nordeste,68.42,758.75,40.92,27.5,0.05658044354839626,3,Desempenho favorável
2310258,23,CE,Nordeste,93.78,818.52,80.0,13.780000000000001,0.05634956809270453,1,Melhor desempenho / menor risco
3122454,31,MG,Sudeste,72.43,754.65,54.46,17.970000000000006,0.056303792554750695,3,Desempenho favorável
2313609,23,CE,Nordeste,95.13,817.54,80.0,15.129999999999995,0.05629468360508993,1,Melhor desempenho / menor risco
3149150,31,MG,Sudeste,46.09,735.43,43.65,2.440000000000005,0.05597081964036514,3,Desempenho favorável
3139300,31,MG,Sudeste,41.04,724.2,39.5,1.5399999999999991,0.05596269458593271,3,Desempenho favorável
2505709,25,PB,Nordeste,96.29,803.71,59.0,37.290000000000006,0.05583387756106548,1,Melhor desempenho / menor risco
2300705,23,CE,Nordeste,94.16,818.68,80.0,14.159999999999997,0.055535638016367225,1,Melhor desempenho / menor risco
3167400,31,MG,Sudeste,87.91,772.78,62.53,25.379999999999995,0.055357937216738866,1,Melhor desempenho / menor risco
1703867,17,TO,Norte,52.01,749.32,30.99,21.02,0.0547252760875389,3,Desempenho favorável
2306108,23,CE,Nordeste,96.76,817.47,80.0,16.760000000000005,0.05421368601146515,1,Melhor desempenho / menor risco
2303956,23,CE,Nordeste,97.15,817.35,80.0,17.150000000000006,0.05390904435529042,1,Melhor desempenho / menor risco
4210852,42,SC,Sul,74.06,767.05,52.06,22.0,0.0538240418698899,3,Desempenho favorável
2305308,23,CE,Nordeste,97.38,817.33,80.0,17.379999999999995,0.05364065897761467,1,Melhor desempenho / menor risco
2204352,22,PI,Nordeste,53.59,743.93,35.05,18.540000000000006,0.053627629421344566,3,Desempenho favorável
2312205,23,CE,Nordeste,95.08,819.2,80.0,15.079999999999998,0.05337769557343215,1,Melhor desempenho / menor risco
2302057,23,CE,Nordeste,95.7,818.8,80.0,15.700000000000003,0.05326606302916109,1,Melhor desempenho / menor risco
2312304,23,CE,Nordeste,95.11,819.28,80.0,15.11,0.053198404421387194,1,Melhor desempenho / menor risco
3137304,31,MG,Sudeste,69.48,754.87,53.43,16.050000000000004,0.0531821723661549,3,Desempenho favorável
5214101,52,GO,Centro-Oeste,100.0,811.58,80.0,20.0,0.05316471095450375,1,Melhor desempenho / menor risco
5209291,52,GO,Centro-Oeste,95.32,796.62,74.87,20.44999999999999,0.052997106350673055,1,Melhor desempenho / menor risco
3536901,35,SP,Sudeste,72.73,789.41,52.01,20.720000000000006,0.05264595782126141,1,Melhor desempenho / menor risco
3132206,31,MG,Sudeste,90.91,779.4,64.5,26.409999999999997,0.05228823713814521,1,Melhor desempenho / menor risco
2310209,23,CE,Nordeste,95.08,819.87,80.0,15.079999999999998,0.05221530540557872,1,Melhor desempenho / menor risco
2304269,23,CE,Nordeste,98.82,817.13,80.0,18.819999999999993,0.05211680334201649,1,Melhor desempenho / menor risco
2302602,23,CE,Nordeste,94.08,820.77,80.0,14.079999999999998,0.051954902616893624,1,Melhor desempenho / menor risco
5003504,50,MS,Centro-Oeste,68.7,754.32,43.76,24.940000000000005,0.05171226963630025,3,Desempenho favorável
3120102,31,MG,Sudeste,77.52,769.25,58.72,18.799999999999997,0.051026368872361366,1,Melhor desempenho / menor risco
3170750,31,MG,Sudeste,93.29,779.07,64.65,28.64,0.05074973355503279,1,Melhor desempenho / menor risco
3121902,31,MG,Sudeste,75.0,757.32,54.85,20.15,0.05071819609974261,3,Desempenho favorável
2202059,22,PI,Nordeste,52.34,747.92,35.42,16.92,0.05068418614047451,3,Desempenho favorável
3135605,31,MG,Sudeste,70.71,752.78,52.61,18.099999999999994,0.050130325098878985,3,Desempenho favorável
2312106,23,CE,Nordeste,96.45,820.21,80.0,16.450000000000003,0.04992123373334194,1,Melhor desempenho / menor risco
2308807,23,CE,Nordeste,92.86,823.03,80.0,12.86,0.049699933357074934,1,Melhor desempenho / menor risco
2311959,23,CE,Nordeste,98.39,819.12,80.0,18.39,0.049330443306239945,1,Melhor desempenho / menor risco
2307809,23,CE,Nordeste,96.66,820.55,80.0,16.659999999999997,0.049109631541882824,1,Melhor desempenho / menor risco
3146750,31,MG,Sudeste,69.41,751.8,51.7,17.709999999999994,0.04796339666597846,3,Desempenho favorável
3557154,35,SP,Sudeste,80.0,784.64,51.41,28.590000000000003,0.04794594130467531,1,Melhor desempenho / menor risco
3104403,31,MG,Sudeste,89.33,778.79,63.26,26.07,0.047846437921037675,1,Melhor desempenho / menor risco
2203271,22,PI,Nordeste,48.34,738.31,31.38,16.960000000000004,0.04742916471384959,3,Desempenho favorável
3138682,31,MG,Sudeste,85.0,769.69,59.77,25.229999999999997,0.047397102048209704,1,Melhor desempenho / menor risco
3125002,31,MG,Sudeste,64.41,747.48,49.36,15.049999999999997,0.0473265461233636,3,Desempenho favorável
2304202,23,CE,Nordeste,95.37,822.97,80.0,15.370000000000005,0.04680514294243193,1,Melhor desempenho / menor risco
3154804,31,MG,Sudeste,72.91,755.5,53.21,19.699999999999996,0.04662566305358842,3,Desempenho favorável
2505600,25,PB,Nordeste,72.15,760.06,40.4,31.750000000000007,0.04647081128832434,3,Desempenho favorável
3101003,31,MG,Sudeste,74.46,759.8,54.69,19.769999999999996,0.04646278884361415,3,Desempenho favorável
3123106,31,MG,Sudeste,72.49,760.83,54.53,17.959999999999994,0.046255335576810754,3,Desempenho favorável
3130655,31,MG,Sudeste,89.58,782.08,63.93,25.65,0.04620872763511528,1,Melhor desempenho / menor risco
2304905,23,CE,Nordeste,96.95,822.2,80.0,16.950000000000003,0.046171863537101406,1,Melhor desempenho / menor risco
2104081,21,MA,Nordeste,77.76,768.66,44.7,33.06,0.0461420635540207,3,Desempenho favorável
3171600,31,MG,Sudeste,85.1,771.03,59.86,25.239999999999995,0.045719775743502264,1,Melhor desempenho / menor risco
3149101,31,MG,Sudeste,85.5,770.8,59.84,25.659999999999997,0.04550601847645461,1,Melhor desempenho / menor risco
2303931,23,CE,Nordeste,95.42,823.83,80.0,15.420000000000002,0.045435565751262716,1,Melhor desempenho / menor risco
5203559,52,GO,Centro-Oeste,86.32,773.03,65.19,21.129999999999995,0.045394942490518286,1,Melhor desempenho / menor risco
3157500,31,MG,Sudeste,75.81,761.08,55.1,20.71,0.045238498762136224,3,Desempenho favorável
1717800,17,TO,Norte,44.56,731.62,22.93,21.630000000000003,0.045077574162285514,3,Desempenho favorável
2305001,23,CE,Nordeste,95.65,824.01,80.0,15.650000000000006,0.04490879539518714,1,Melhor desempenho / menor risco
2307635,23,CE,Nordeste,95.31,824.45,80.0,15.310000000000002,0.0446332871498432,1,Melhor desempenho / menor risco
3162922,31,MG,Sudeste,82.15,769.22,58.52,23.630000000000003,0.04447882633568825,1,Melhor desempenho / menor risco
2205557,22,PI,Nordeste,58.86,753.71,37.22,21.64,0.04417980228675124,3,Desempenho favorável
2308351,23,CE,Nordeste,97.92,822.83,80.0,17.92,0.04414439716249021,1,Melhor desempenho / menor risco
2502607,25,PB,Nordeste,79.06,769.53,43.91,35.150000000000006,0.04357515820029513,3,Desempenho favorável
3148301,31,MG,Sudeste,89.89,778.15,62.35,27.54,0.04322048502071931,1,Melhor desempenho / menor risco
3144102,31,MG,Sudeste,75.51,762.85,55.11,20.400000000000006,0.0430297588056805,3,Desempenho favorável
2303808,23,CE,Nordeste,98.77,822.97,80.0,18.769999999999996,0.04302256294008814,1,Melhor desempenho / menor risco
2304103,23,CE,Nordeste,97.31,824.12,80.0,17.310000000000002,0.04293985275878962,1,Melhor desempenho / menor risco
1706258,17,TO,Norte,82.61,780.8,43.97,38.64,0.042842954720209304,1,Melhor desempenho / menor risco
2300200,23,CE,Nordeste,97.71,824.07,80.0,17.709999999999994,0.04258596989469262,1,Melhor desempenho / menor risco
5107578,51,MT,Centro-Oeste,71.43,756.45,43.98,27.45000000000001,0.042209806868158374,3,Desempenho favorável
2305332,23,CE,Nordeste,96.67,825.26,80.0,16.67,0.042006829931211784,1,Melhor desempenho / menor risco
2312502,23,CE,Nordeste,95.98,825.43,79.87,16.11,0.041833849422979505,1,Melhor desempenho / menor risco
5202155,52,GO,Centro-Oeste,68.98,751.88,55.06,13.920000000000002,0.041749033500768966,3,Desempenho favorável
1718006,17,TO,Norte,37.89,728.2,19.92,17.97,0.04151693329191802,3,Desempenho favorável
2312007,23,CE,Nordeste,98.26,824.73,80.0,18.260000000000005,0.0410959691751194,1,Melhor desempenho / menor risco
3168051,31,MG,Sudeste,80.0,762.91,55.66,24.340000000000003,0.04103404130513021,1,Melhor desempenho / menor risco
2305233,23,CE,Nordeste,96.2,826.45,80.0,16.200000000000003,0.04085170721203581,1,Melhor desempenho / menor risco
5202809,52,GO,Centro-Oeste,100.0,798.27,74.1,25.900000000000006,0.04076217502481355,1,Melhor desempenho / menor risco
2307254,23,CE,Nordeste,98.03,825.15,80.0,18.03,0.04075829485857619,1,Melhor desempenho / menor risco
3154705,31,MG,Sudeste,80.2,759.6,54.72,25.480000000000004,0.04070786816386766,3,Desempenho favorável
5208509,52,GO,Centro-Oeste,72.17,754.01,56.04,16.130000000000003,0.040421813502836676,3,Desempenho favorável
3163607,31,MG,Sudeste,87.17,767.37,58.21,28.96,0.0402241609936114,1,Melhor desempenho / menor risco
2304301,23,CE,Nordeste,96.0,827.22,80.0,16.0,0.040016625031129044,1,Melhor desempenho / menor risco
4200556,42,SC,Sul,88.24,774.98,54.69,33.55,0.03993530714091773,1,Melhor desempenho / menor risco
2304509,23,CE,Nordeste,98.18,825.69,80.0,18.180000000000007,0.039882787758330505,1,Melhor desempenho / menor risco
2500403,25,PB,Nordeste,89.39,793.65,51.87,37.52,0.03936811525188881,1,Melhor desempenho / menor risco
3107604,31,MG,Sudeste,87.21,776.89,60.63,26.57999999999999,0.03917131089266547,1,Melhor desempenho / menor risco
3111804,31,MG,Sudeste,76.49,770.47,56.63,19.859999999999992,0.039131075404634445,1,Melhor desempenho / menor risco
2102754,21,MA,Nordeste,91.14,780.61,49.37,41.77,0.038996043251805,1,Melhor desempenho / menor risco
5213905,52,GO,Centro-Oeste,100.0,821.18,80.0,20.0,0.038687397174615466,1,Melhor desempenho / menor risco
3155405,31,MG,Sudeste,65.4,762.47,51.94,13.460000000000008,0.03826638789385495,3,Desempenho favorável
3131109,31,MG,Sudeste,77.8,757.65,53.14,24.659999999999997,0.03812091798219033,3,Desempenho favorável
2312700,23,CE,Nordeste,98.44,826.89,80.0,18.439999999999998,0.03807094269192946,1,Melhor desempenho / menor risco
2208601,22,PI,Nordeste,47.93,737.47,29.23,18.7,0.03805370734813261,3,Desempenho favorável
3130804,31,MG,Sudeste,87.27,780.23,61.32,25.949999999999996,0.03802691216243058,1,Melhor desempenho / menor risco
3138351,31,MG,Sudeste,92.39,778.32,61.78,30.61,0.03770375425878869,1,Melhor desempenho / menor risco
2313203,23,CE,Nordeste,98.31,827.39,80.0,18.310000000000002,0.037562513160302555,1,Melhor desempenho / menor risco
2305902,23,CE,Nordeste,99.54,826.71,80.0,19.540000000000006,0.03726264776746267,1,Melhor desempenho / menor risco
3535903,35,SP,Sudeste,82.89,773.67,46.79,36.1,0.03687161272772221,1,Melhor desempenho / menor risco
3123403,31,MG,Sudeste,66.67,761.29,51.51,15.160000000000004,0.03660965976193117,3,Desempenho favorável
2313955,23,CE,Nordeste,98.06,828.36,80.0,18.060000000000002,0.036592696114341114,1,Melhor desempenho / menor risco
5207501,52,GO,Centro-Oeste,98.0,792.73,71.25,26.75,0.03654625685929636,1,Melhor desempenho / menor risco
2205524,22,PI,Nordeste,100.0,793.31,55.06,44.94,0.03637254119708332,1,Melhor desempenho / menor risco
3128253,31,MG,Sudeste,80.7,760.79,54.13,26.57,0.03598251685166666,3,Desempenho favorável
3146909,31,MG,Sudeste,88.48,768.15,57.77,30.71,0.03596766058256213,1,Melhor desempenho / menor risco
3112653,31,MG,Sudeste,77.02,759.51,52.99,24.029999999999994,0.03587298203536597,3,Desempenho favorável
3164431,31,MG,Sudeste,93.1,780.69,62.08,31.019999999999996,0.03548342110141836,1,Melhor desempenho / menor risco
3125903,31,MG,Sudeste,70.78,758.31,51.24,19.54,0.03532169252298525,3,Desempenho favorável
5102694,51,MT,Centro-Oeste,78.89,772.93,48.6,30.29,0.03531417533190649,3,Desempenho favorável
2513158,25,PB,Nordeste,48.11,741.92,28.13,19.98,0.03529756256120968,3,Desempenho favorável
2302305,23,CE,Nordeste,97.83,829.71,80.0,17.83,0.035178937654550706,1,Melhor desempenho / menor risco
3159308,31,MG,Sudeste,77.68,762.72,53.85,23.830000000000005,0.03516842300682803,3,Desempenho favorável
2304251,23,CE,Nordeste,98.93,829.21,80.0,18.930000000000007,0.03480083436471987,1,Melhor desempenho / menor risco
5218607,52,GO,Centro-Oeste,97.03,797.68,71.94,25.090000000000003,0.03449241328497737,1,Melhor desempenho / menor risco
2311231,23,CE,Nordeste,97.47,830.85,80.0,17.47,0.03416789444248786,1,Melhor desempenho / menor risco
2305209,23,CE,Nordeste,96.11,832.08,80.0,16.11,0.03392514770063353,1,Melhor desempenho / menor risco
5200175,52,GO,Centro-Oeste,87.44,775.67,63.71,23.729999999999997,0.03382045874697004,1,Melhor desempenho / menor risco
2311009,23,CE,Nordeste,100.0,829.49,80.0,20.0,0.03356359940074975,1,Melhor desempenho / menor risco
3157302,31,MG,Sudeste,90.92,777.16,60.19,30.730000000000004,0.0335462020471619,1,Melhor desempenho / menor risco
3113800,31,MG,Sudeste,62.5,742.48,44.58,17.92,0.03295705226908699,3,Desempenho favorável
3115458,31,MG,Sudeste,66.72,757.32,49.55,17.17,0.032936512564396093,3,Desempenho favorável
3156304,31,MG,Sudeste,81.95,769.78,56.09,25.86,0.032722095300005034,1,Melhor desempenho / menor risco
2304608,23,CE,Nordeste,97.65,832.05,80.0,17.650000000000006,0.032672402872909685,1,Melhor desempenho / menor risco
3129301,31,MG,Sudeste,67.68,760.36,50.47,17.210000000000008,0.03246446789669833,3,Desempenho favorável
2309003,23,CE,Nordeste,98.82,831.47,80.0,18.819999999999993,0.03235034379330536,1,Melhor desempenho / menor risco
2309300,23,CE,Nordeste,99.64,831.23,80.0,19.64,0.03194733314737134,1,Melhor desempenho / menor risco
3101904,31,MG,Sudeste,78.56,766.79,54.32,24.240000000000002,0.03177269693657657,3,Desempenho favorável
3152402,31,MG,Sudeste,79.91,764.49,53.94,25.97,0.031682816684915585,3,Desempenho favorável
1716307,17,TO,Norte,37.96,730.42,18.14,19.82,0.031024337305693175,3,Desempenho favorável
2313906,23,CE,Nordeste,99.01,832.89,80.0,19.010000000000005,0.030696166583514123,1,Melhor desempenho / menor risco
3165602,31,MG,Sudeste,81.82,765.57,54.21,27.609999999999992,0.03009222605723636,1,Melhor desempenho / menor risco
5205455,52,GO,Centro-Oeste,69.63,756.19,53.59,16.039999999999992,0.029762067400688732,3,Desempenho favorável
3158706,31,MG,Sudeste,87.26,775.27,57.92,29.340000000000003,0.029740959593884696,1,Melhor desempenho / menor risco
2308609,23,CE,Nordeste,99.36,833.64,80.0,19.36,0.02966876522350434,1,Melhor desempenho / menor risco
3111903,31,MG,Sudeste,93.33,779.62,60.31,33.019999999999996,0.029496752836593733,1,Melhor desempenho / menor risco
3150307,31,MG,Sudeste,63.16,744.19,44.27,18.889999999999993,0.02947217622121704,3,Desempenho favorável
3129905,31,MG,Sudeste,78.04,758.28,51.24,26.800000000000004,0.029464805470934465,3,Desempenho favorável
3122108,31,MG,Sudeste,85.71,761.51,53.68,32.029999999999994,0.029325433970807276,1,Melhor desempenho / menor risco
2308906,23,CE,Nordeste,97.77,835.21,80.0,17.769999999999996,0.029290865683859187,1,Melhor desempenho / menor risco
2205300,22,PI,Nordeste,75.31,769.67,41.6,33.71,0.029164359799519764,3,Desempenho favorável
3131604,31,MG,Sudeste,77.81,760.3,51.47,26.340000000000003,0.028473374577342097,3,Desempenho favorável
2209971,22,PI,Nordeste,87.8,783.23,47.73,40.07,0.02845741537944888,1,Melhor desempenho / menor risco
3509809,35,SP,Sudeste,86.59,777.86,46.51,40.080000000000005,0.028215516197439377,1,Melhor desempenho / menor risco
2311405,23,CE,Nordeste,98.76,835.83,80.0,18.760000000000005,0.027978239266494502,1,Melhor desempenho / menor risco
3120300,31,MG,Sudeste,54.17,743.28,41.64,12.530000000000001,0.027663517038678656,3,Desempenho favorável
2311702,23,CE,Nordeste,98.5,836.37,80.0,18.5,0.02765407302418578,1,Melhor desempenho / menor risco
3129004,31,MG,Sudeste,82.89,774.18,56.09,26.799999999999997,0.027559049561231033,1,Melhor desempenho / menor risco
2310902,23,CE,Nordeste,100.0,836.13,80.0,20.0,0.026843094773283598,1,Melhor desempenho / menor risco
3116902,31,MG,Sudeste,74.3,757.22,49.4,24.9,0.026811792034139317,3,Desempenho favorável
5004809,50,MS,Centro-Oeste,41.76,734.44,27.25,14.509999999999998,0.026802226453138088,3,Desempenho favorável
3165503,31,MG,Sudeste,85.12,776.7,56.85,28.270000000000003,0.026252345542141252,1,Melhor desempenho / menor risco
2312908,23,CE,Nordeste,98.58,838.01,80.0,18.58,0.026111739923981088,1,Melhor desempenho / menor risco
1600709,16,AP,Norte,94.21,802.78,46.5,47.709999999999994,0.026058186295459064,1,Melhor desempenho / menor risco
2111250,21,MA,Nordeste,56.16,740.0,27.58,28.58,0.026022021073836478,3,Desempenho favorável
2309904,23,CE,Nordeste,100.0,837.17,80.0,20.0,0.025916486662586353,1,Melhor desempenho / menor risco
2308203,23,CE,Nordeste,98.21,838.53,80.0,18.209999999999994,0.02589798969494904,1,Melhor desempenho / menor risco
2309409,23,CE,Nordeste,100.0,837.56,80.0,20.0,0.025577096883074867,1,Melhor desempenho / menor risco
2311264,23,CE,Nordeste,99.49,838.02,80.0,19.489999999999995,0.02550928015821365,1,Melhor desempenho / menor risco
2304707,23,CE,Nordeste,97.78,839.31,80.0,17.78,0.02549982562523809,1,Melhor desempenho / menor risco
2303659,23,CE,Nordeste,100.0,837.66,80.0,20.0,0.0254907733153829,1,Melhor desempenho / menor risco
3136603,31,MG,Sudeste,92.79,777.46,58.39,34.400000000000006,0.025443181033033627,1,Melhor desempenho / menor risco
2307908,23,CE,Nordeste,99.24,838.98,80.0,19.239999999999995,0.0248510357478667,1,Melhor desempenho / menor risco
5203962,52,GO,Centro-Oeste,85.08,770.61,59.29,25.79,0.024839102242146197,1,Melhor desempenho / menor risco
5221577,52,GO,Centro-Oeste,66.67,757.26,51.79,14.880000000000003,0.02483122036797078,3,Desempenho favorável
2303006,23,CE,Nordeste,98.73,839.69,80.0,18.730000000000004,0.02457631600191127,1,Melhor desempenho / menor risco
3201803,32,ES,Sudeste,82.15,772.5,57.06,25.090000000000003,0.024448706914106475,1,Melhor desempenho / menor risco
2305605,23,CE,Nordeste,98.62,840.43,80.0,18.620000000000005,0.024035195941114317,1,Melhor desempenho / menor risco
2306603,23,CE,Nordeste,99.06,840.19,80.0,19.060000000000002,0.023962784475567784,1,Melhor desempenho / menor risco
3157609,31,MG,Sudeste,72.51,755.29,47.56,24.950000000000003,0.023910444978723095,3,Desempenho favorável
2210383,22,PI,Nordeste,80.0,764.96,39.61,40.39,0.02381715447741827,3,Desempenho favorável
2310506,23,CE,Nordeste,99.7,840.09,80.0,19.700000000000003,0.02365740909239874,1,Melhor desempenho / menor risco
3137007,31,MG,Sudeste,54.47,739.38,39.29,15.18,0.0234998173345682,3,Desempenho favorável
3102407,31,MG,Sudeste,83.33,771.36,54.0,29.33,0.023217761448379566,1,Melhor desempenho / menor risco
3503356,35,SP,Sudeste,77.27,780.01,43.57,33.699999999999996,0.023181245045924562,3,Desempenho favorável
3138005,31,MG,Sudeste,82.11,768.4,52.84,29.269999999999996,0.02296457907262262,1,Melhor desempenho / menor risco
2301604,23,CE,Nordeste,98.08,843.03,80.0,18.08,0.022311323328228477,1,Melhor desempenho / menor risco
3154150,31,MG,Sudeste,83.87,766.0,52.24,31.630000000000003,0.022133635877116406,1,Melhor desempenho / menor risco
2303105,23,CE,Nordeste,98.77,844.23,80.0,18.769999999999996,0.02104888392993212,1,Melhor desempenho / menor risco
2301257,23,CE,Nordeste,99.34,844.75,80.0,19.340000000000003,0.020382889719598344,1,Melhor desempenho / menor risco
2516151,25,PB,Nordeste,66.62,765.59,33.95,32.67,0.02025001578119711,3,Desempenho favorável
2313005,23,CE,Nordeste,98.96,846.47,80.0,18.959999999999994,0.019411684310135437,1,Melhor desempenho / menor risco
3119104,31,MG,Sudeste,85.75,770.86,52.68,33.07,0.018882597756557845,1,Melhor desempenho / menor risco
3135209,31,MG,Sudeste,47.12,739.42,35.71,11.409999999999997,0.018218829310210138,3,Desempenho favorável
3150208,31,MG,Sudeste,80.01,763.19,49.01,31.000000000000007,0.01805752436722092,3,Desempenho favorável
2304657,23,CE,Nordeste,100.0,847.89,80.0,20.0,0.018012198786099772,1,Melhor desempenho / menor risco
3122900,31,MG,Sudeste,95.71,783.31,57.77,37.93999999999999,0.017949671243618202,1,Melhor desempenho / menor risco
2406908,24,RN,Nordeste,42.86,736.44,14.05,28.81,0.017764997350250195,3,Desempenho favorável
3129707,31,MG,Sudeste,73.86,761.39,47.1,26.759999999999998,0.01774708114834423,3,Desempenho favorável
3149507,31,MG,Sudeste,69.05,762.93,46.46,22.589999999999996,0.017592138018989522,3,Desempenho favorável
2305654,23,CE,Nordeste,99.16,849.55,80.0,19.159999999999997,0.01738990089148525,1,Melhor desempenho / menor risco
2304236,23,CE,Nordeste,99.14,849.74,80.0,19.14,0.017286436724747053,1,Melhor desempenho / menor risco
5101852,51,MT,Centro-Oeste,82.63,781.77,45.89,36.739999999999995,0.017101321156512528,1,Melhor desempenho / menor risco
2312809,23,CE,Nordeste,99.12,850.15,80.0,19.120000000000005,0.017055150942919477,1,Melhor desempenho / menor risco
2512036,25,PB,Nordeste,81.67,776.82,38.76,42.910000000000004,0.017029066565755858,3,Desempenho favorável
3133204,31,MG,Sudeste,85.64,776.8,53.45,32.19,0.017005884897162264,1,Melhor desempenho / menor risco
5203609,52,GO,Centro-Oeste,90.96,777.13,59.04,31.919999999999995,0.016620776012265946,1,Melhor desempenho / menor risco
5209408,52,GO,Centro-Oeste,64.58,751.75,46.54,18.04,0.01656167129607437,3,Desempenho favorável
3103702,31,MG,Sudeste,91.67,788.59,57.74,33.93,0.016558159933429906,1,Melhor desempenho / menor risco
2300507,23,CE,Nordeste,99.05,851.62,80.0,19.049999999999997,0.016249928121765234,1,Melhor desempenho / menor risco
3150109,31,MG,Sudeste,75.58,753.28,44.48,31.1,0.01621140312225917,3,Desempenho favorável
2508406,25,PB,Nordeste,82.76,769.92,36.35,46.410000000000004,0.015565616650070075,3,Desempenho favorável
2205102,22,PI,Nordeste,85.9,777.78,40.54,45.36000000000001,0.014855705907735533,1,Melhor desempenho / menor risco
5209150,52,GO,Centro-Oeste,81.36,764.19,52.5,28.86,0.014729960798840779,3,Desempenho favorável
2506608,25,PB,Nordeste,58.62,758.87,27.74,30.88,0.014518152984172838,3,Desempenho favorável
3167004,31,MG,Sudeste,82.14,777.06,51.51,30.630000000000003,0.014504283010754793,1,Melhor desempenho / menor risco
2309201,23,CE,Nordeste,99.53,856.11,80.0,19.53,0.013768441658910101,1,Melhor desempenho / menor risco
3150539,31,MG,Sudeste,81.43,768.7,48.61,32.82000000000001,0.013732303727012628,3,Desempenho favorável
5211008,52,GO,Centro-Oeste,73.21,757.5,48.34,24.86999999999999,0.01363341328579296,3,Desempenho favorável
2205581,22,PI,Nordeste,44.87,734.11,19.26,25.609999999999996,0.01358418329721937,3,Desempenho favorável
3146701,31,MG,Sudeste,75.61,750.78,42.2,33.41,0.013309603119519012,3,Desempenho favorável
3102209,31,MG,Sudeste,87.5,779.06,52.3,35.2,0.01302162957696085,1,Melhor desempenho / menor risco
2206001,22,PI,Nordeste,80.95,776.04,37.75,43.2,0.012670610114266597,3,Desempenho favorável
5103437,51,MT,Centro-Oeste,92.97,788.93,47.45,45.519999999999996,0.012464828084545678,1,Melhor desempenho / menor risco
2505808,25,PB,Nordeste,60.0,752.96,25.09,34.91,0.012357392152370708,3,Desempenho favorável
2202174,22,PI,Nordeste,64.31,774.79,33.1,31.21,0.011383942376564059,3,Desempenho favorável
2205599,22,PI,Nordeste,62.96,755.45,27.27,35.69,0.011098999611972938,3,Desempenho favorável
2304350,23,CE,Nordeste,100.0,862.16,80.0,20.0,0.011056675079640354,1,Melhor desempenho / menor risco
1718501,17,TO,Norte,50.29,738.3,14.48,35.81,0.011050994756629955,3,Desempenho favorável
2515807,25,PB,Nordeste,85.71,756.68,29.56,56.14999999999999,0.009792208852490509,3,Desempenho favorável
2310951,23,CE,Nordeste,100.0,866.18,80.0,20.0,0.009631199050660615,1,Melhor desempenho / menor risco
2504207,25,PB,Nordeste,96.08,814.4,47.09,48.989999999999995,0.009121200171776206,1,Melhor desempenho / menor risco
2304004,23,CE,Nordeste,100.0,868.01,80.0,20.0,0.009044091539405998,1,Melhor desempenho / menor risco
5209457,52,GO,Centro-Oeste,95.65,801.67,61.4,34.25000000000001,0.008516054580004177,1,Melhor desempenho / menor risco
5215801,52,GO,Centro-Oeste,64.71,763.67,43.57,21.139999999999993,0.00758776188209145,3,Desempenho favorável
5102793,51,MT,Centro-Oeste,98.95,828.37,54.51,44.440000000000005,0.006628100280982607,1,Melhor desempenho / menor risco
2305100,23,CE,Nordeste,95.86,825.84,63.58,32.28,0.005559110930695372,1,Melhor desempenho / menor risco
3167509,31,MG,Sudeste,48.25,731.14,21.89,26.36,0.004221563384520254,3,Desempenho favorável
3125309,31,MG,Sudeste,69.23,746.74,29.78,39.45,0.0038386015179464822,3,Desempenho favorável
2206753,22,PI,Nordeste,95.24,800.11,37.31,57.92999999999999,0.0036229963360956755,1,Melhor desempenho / menor risco
2101939,21,MA,Nordeste,87.88,779.44,27.45,60.42999999999999,0.0029289265384900946,3,Desempenho favorável
2515005,25,PB,Nordeste,100.0,787.3,23.72,76.28,0.0011323258389815023,1,Melhor desempenho / menor risco
5101209,51,MT,Centro-Oeste,100.0,832.7,37.78,62.22,0.0006840531856075136,1,Melhor desempenho / menor risco
5214804,52,GO,Centro-Oeste,84.21,773.26,29.25,54.959999999999994,0.0005475986829221254,3,Desempenho favorável
