id_municipio,id_uf,meta_alvo,taxa_base,media_portugues_base,gap_base_meta,uf,regiao,prob_risco_abaixo_meta_2025,pred_risco_abaixo_meta_2025,faixa_risco
4320453,43,80.0,11.1,712.17,-68.9,RS,Sul,0.9986451441681365,1,Muito alto
4301073,43,80.0,18.2,713.54,-61.8,RS,Sul,0.998292356888396,1,Muito alto
4310850,43,80.0,25.0,713.77,-55.0,RS,Sul,0.9979471984311632,1,Muito alto
4313334,43,80.0,28.0,714.96,-52.0,RS,Sul,0.9976880766899424,1,Muito alto
4306700,43,80.0,26.7,718.83,-53.3,RS,Sul,0.9974442039805753,1,Muito alto
4319752,43,80.0,25.0,723.18,-55.0,RS,Sul,0.9971569511299553,1,Muito alto
4320354,43,75.7,23.5,709.41,-52.2,RS,Sul,0.9970910581609457,1,Muito alto
4321493,43,80.0,38.7,715.07,-41.3,RS,Sul,0.9969388025984377,1,Muito alto
4302584,43,80.0,27.3,727.09,-52.7,RS,Sul,0.9965457724793725,1,Muito alto
4305900,43,79.43,36.0,720.74,-43.43000000000001,RS,Sul,0.9962703497398192,1,Muito alto
4318614,43,80.0,37.5,726.25,-42.5,RS,Sul,0.9956323458739058,1,Muito alto
4313102,43,80.0,35.9,729.18,-44.1,RS,Sul,0.9953629089810003,1,Muito alto
4312203,43,80.0,33.3,732.07,-46.7,RS,Sul,0.9952090577811669,1,Muito alto
4310702,43,80.0,36.8,729.61,-43.2,RS,Sul,0.9951828660168108,1,Muito alto
4306973,43,75.37,38.5,711.61,-36.870000000000005,RS,Sul,0.9951796135520062,1,Muito alto
2910206,29,80.0,52.38,741.14,-27.619999999999997,BA,Nordeste,0.9951314153014148,1,Muito alto
4307203,43,80.0,38.8,728.52,-41.2,RS,Sul,0.9951148769366107,1,Muito alto
2924504,29,73.83,38.33,730.67,-35.5,BA,Nordeste,0.9949009935526656,1,Muito alto
4319000,43,80.0,38.3,730.19,-41.7,RS,Sul,0.9948913622695599,1,Muito alto
4313953,43,74.82,25.7,721.29,-49.11999999999999,RS,Sul,0.9948180145972181,1,Muito alto
4323507,43,80.0,33.3,734.39,-46.7,RS,Sul,0.9948095831075245,1,Muito alto
2933257,29,71.69,35.85,726.94,-35.839999999999996,BA,Nordeste,0.9945071436649379,1,Muito alto
4305124,43,76.56,39.8,719.89,-36.760000000000005,RS,Sul,0.994282066850003,1,Muito alto
4320230,43,80.0,36.1,735.29,-43.9,RS,Sul,0.9942446549925726,1,Muito alto
4307500,43,80.0,39.1,733.47,-40.9,RS,Sul,0.99415988230324,1,Muito alto
4302238,43,74.0,26.6,721.82,-47.4,RS,Sul,0.9940163526940173,1,Muito alto
4319208,43,65.1,7.1,704.48,-57.99999999999999,RS,Sul,0.9939607382837378,1,Muito alto
4314209,43,71.61,22.3,717.16,-49.31,RS,Sul,0.9938555586364461,1,Muito alto
4318903,43,80.0,42.3,733.31,-37.7,RS,Sul,0.9936923162956897,1,Muito alto
4322541,43,77.4,35.0,729.53,-42.400000000000006,RS,Sul,0.9936563978560674,1,Muito alto
4308409,43,80.0,40.0,735.23,-40.0,RS,Sul,0.9936487506153442,1,Muito alto
4321634,43,80.0,40.0,735.39,-40.0,RS,Sul,0.9936136230600893,1,Muito alto
4304408,43,79.06,42.2,730.64,-36.86,RS,Sul,0.9935481756684247,1,Muito alto
4322855,43,80.0,46.7,731.34,-33.3,RS,Sul,0.9933984431427049,1,Muito alto
4304952,43,80.0,40.0,736.44,-40.0,RS,Sul,0.9933782601354448,1,Muito alto
4311122,43,72.13,25.6,719.93,-46.529999999999994,RS,Sul,0.993101763167085,1,Muito alto
4300901,43,80.0,39.2,738.87,-40.8,RS,Sul,0.9929468893617946,1,Muito alto
4312617,43,72.3,29.4,718.65,-42.9,RS,Sul,0.992872913499448,1,Muito alto
4307401,43,80.0,48.4,732.44,-31.6,RS,Sul,0.9928363718756897,1,Muito alto
2900504,29,71.83,37.21,734.63,-34.62,BA,Nordeste,0.9927125349345377,1,Muito alto
4301552,43,80.0,37.5,742.0,-42.5,RS,Sul,0.9924806879703699,1,Muito alto
4305587,43,80.0,39.9,740.23,-40.1,RS,Sul,0.9924741769400746,1,Muito alto
4311254,43,80.0,42.9,738.15,-37.1,RS,Sul,0.9924315806808708,1,Muito alto
4312138,43,77.53,38.7,732.68,-38.83,RS,Sul,0.9923468966098976,1,Muito alto
4311643,43,80.0,41.2,740.18,-38.8,RS,Sul,0.9922313578794131,1,Muito alto
4305801,43,80.0,45.7,738.29,-34.3,RS,Sul,0.9918265546488481,1,Muito alto
4305850,43,80.0,41.7,742.23,-38.3,RS,Sul,0.9915555442566136,1,Muito alto
4306924,43,77.83,41.2,734.92,-36.629999999999995,RS,Sul,0.9915073305284317,1,Muito alto
4318481,43,79.12,43.8,737.65,-35.32000000000001,RS,Sul,0.9915048632699678,1,Muito alto
4319158,43,77.4,47.5,729.77,-29.900000000000006,RS,Sul,0.9911745190431465,1,Muito alto
4303905,43,78.12,45.4,734.58,-32.720000000000006,RS,Sul,0.9909797647460835,1,Muito alto
4320677,43,72.89,36.3,723.19,-36.59,RS,Sul,0.9907531472943915,1,Muito alto
2913002,29,67.94,37.36,727.64,-30.58,BA,Nordeste,0.9906660814009821,1,Muito alto
4316733,43,76.51,40.9,733.3,-35.61000000000001,RS,Sul,0.9906070386451437,1,Muito alto
4310108,43,80.0,49.6,739.42,-30.4,RS,Sul,0.990606045980055,1,Muito alto
4315750,43,77.2,42.1,735.1,-35.1,RS,Sul,0.9905417206153486,1,Muito alto
4317558,43,74.62,34.6,731.77,-40.02,RS,Sul,0.9904131990290491,1,Muito alto
4315909,43,80.0,48.8,740.71,-31.200000000000003,RS,Sul,0.9903801104392754,1,Muito alto
4321667,43,80.0,53.5,737.36,-26.5,RS,Sul,0.9903252602157525,1,Muito alto
4301651,43,80.0,53.5,737.94,-26.5,RS,Sul,0.9901305530889274,1,Muito alto
4319604,43,80.0,49.7,740.97,-30.299999999999997,RS,Sul,0.9900667149535961,1,Muito alto
4302303,43,74.87,40.2,729.61,-34.67,RS,Sul,0.9900356589457011,1,Muito alto
4316477,43,80.0,44.4,745.76,-35.6,RS,Sul,0.9897809851853668,1,Muito alto
4323200,43,80.0,56.3,736.88,-23.700000000000003,RS,Sul,0.989773652517506,1,Muito alto
4322525,43,80.0,47.1,743.82,-32.9,RS,Sul,0.9897530399238396,1,Muito alto
4310462,43,80.0,44.4,745.95,-35.6,RS,Sul,0.9897140969311826,1,Muito alto
4300877,43,76.98,43.5,735.76,-33.480000000000004,RS,Sul,0.9896925302414179,1,Muito alto
4322301,43,80.0,52.7,739.96,-27.299999999999997,RS,Sul,0.9896367524829288,1,Muito alto
4300661,43,72.3,33.3,726.93,-39.0,RS,Sul,0.9895250266261901,1,Muito alto
4319802,43,78.12,45.7,738.84,-32.42,RS,Sul,0.9894773359063931,1,Muito alto
2915700,29,66.28,36.76,725.6,-29.520000000000003,BA,Nordeste,0.9894679527682229,1,Muito alto
4319901,43,74.99,41.1,731.24,-33.88999999999999,RS,Sul,0.9893752008506211,1,Muito alto
4319125,43,77.52,46.2,736.79,-31.319999999999993,RS,Sul,0.9892972561881809,1,Muito alto
4303707,43,80.0,50.3,742.9,-29.700000000000003,RS,Sul,0.989221376356703,1,Muito alto
4310306,43,80.0,48.3,745.05,-31.700000000000003,RS,Sul,0.9889767271451728,1,Muito alto
4316451,43,80.0,50.9,743.22,-29.1,RS,Sul,0.9889332488904737,1,Muito alto
2919009,29,59.77,21.21,715.25,-38.56,BA,Nordeste,0.9888858911871287,1,Muito alto
2411502,24,70.8,23.56,711.75,-47.239999999999995,RN,Nordeste,0.9886447798659854,1,Muito alto
4314076,43,80.0,50.2,744.56,-29.799999999999997,RS,Sul,0.9886189287889857,1,Muito alto
4305306,43,76.72,47.5,734.99,-29.22,RS,Sul,0.9885110246450848,1,Muito alto
4314464,43,75.92,35.3,741.36,-40.620000000000005,RS,Sul,0.9884563097065872,1,Muito alto
4316600,43,76.11,43.2,736.14,-32.91,RS,Sul,0.988455632458029,1,Muito alto
4319703,43,80.0,48.5,746.28,-31.5,RS,Sul,0.9884425398711605,1,Muito alto
4312906,43,78.52,51.8,738.5,-26.72,RS,Sul,0.9884259280944222,1,Muito alto
4320404,43,80.0,50.7,744.79,-29.299999999999997,RS,Sul,0.9883807306447566,1,Muito alto
4309001,43,77.4,46.3,738.68,-31.10000000000001,RS,Sul,0.9883792022162763,1,Muito alto
2917334,29,59.11,25.53,711.01,-33.58,BA,Nordeste,0.988347731344636,1,Muito alto
4304507,43,79.79,51.7,743.44,-28.090000000000003,RS,Sul,0.9883177698045043,1,Muito alto
4308052,43,78.71,51.9,739.68,-26.809999999999995,RS,Sul,0.9881985046576419,1,Muito alto
2909505,29,64.73,34.55,725.04,-30.180000000000007,BA,Nordeste,0.9881675216130754,1,Muito alto
4321808,43,79.31,51.2,742.6,-28.11,RS,Sul,0.9881066928495814,1,Muito alto
1303304,13,80.0,50.99,735.97,-29.009999999999998,AM,Norte,0.9880013966797515,1,Muito alto
2912806,29,66.82,37.84,730.7,-28.97999999999999,BA,Nordeste,0.9879378901926109,1,Muito alto
4312302,43,79.28,51.7,742.55,-27.58,RS,Sul,0.9879290582914417,1,Muito alto
2909000,29,72.68,52.46,741.16,-20.220000000000006,BA,Nordeste,0.9878557014296443,1,Muito alto
4313607,43,79.26,53.1,742.02,-26.160000000000004,RS,Sul,0.9876827137303926,1,Muito alto
4320651,43,70.92,35.7,724.99,-35.22,RS,Sul,0.9876305445545377,1,Muito alto
4316428,43,79.16,43.8,748.84,-35.36,RS,Sul,0.9875871442327422,1,Muito alto
4306205,43,71.94,35.2,729.25,-36.739999999999995,RS,Sul,0.9875470315679064,1,Muito alto
4303202,43,80.0,58.2,741.23,-21.799999999999997,RS,Sul,0.9875350181226386,1,Muito alto
4316758,43,80.0,54.2,744.42,-25.799999999999997,RS,Sul,0.9874501313618029,1,Muito alto
4313086,43,80.0,57.9,741.69,-22.1,RS,Sul,0.9874339972863122,1,Muito alto
4315800,43,76.93,45.0,740.29,-31.930000000000007,RS,Sul,0.9874097907234418,1,Muito alto
4320859,43,66.3,24.7,717.3,-41.599999999999994,RS,Sul,0.9872894172889513,1,Muito alto
4322343,43,80.0,55.6,743.77,-24.4,RS,Sul,0.9872782262656374,1,Muito alto
4303558,43,80.0,55.6,744.19,-24.4,RS,Sul,0.9870939078723246,1,Muito alto
1713601,17,73.1,19.71,718.7,-53.38999999999999,TO,Norte,0.9870794972829599,1,Muito alto
4322533,43,80.0,51.6,747.91,-28.4,RS,Sul,0.9867681119015003,1,Muito alto
4313201,43,80.0,52.3,747.54,-27.700000000000003,RS,Sul,0.9866983612078646,1,Muito alto
4309902,43,78.91,49.1,746.01,-29.809999999999995,RS,Sul,0.9866895630649567,1,Muito alto
4302105,43,78.15,50.8,742.03,-27.35000000000001,RS,Sul,0.9866710121924814,1,Muito alto
2926806,29,68.18,43.82,734.37,-24.360000000000007,BA,Nordeste,0.9865298953801283,1,Muito alto
4301875,43,67.17,25.5,721.6,-41.67,RS,Sul,0.9865039236376916,1,Muito alto
4306809,43,80.0,53.2,747.35,-26.799999999999997,RS,Sul,0.9864765476325482,1,Muito alto
4320321,43,80.0,50.0,750.05,-30.0,RS,Sul,0.9863339621940169,1,Muito alto
4311403,43,76.28,47.5,738.56,-28.78,RS,Sul,0.9862888379410937,1,Muito alto
4300455,43,80.0,55.6,746.1,-24.4,RS,Sul,0.9862219075994506,1,Muito alto
4314423,43,80.0,57.1,745.19,-22.9,RS,Sul,0.9861216267065043,1,Muito alto
4322251,43,80.0,55.1,746.72,-24.9,RS,Sul,0.986105449252022,1,Muito alto
4315149,43,80.0,56.3,745.98,-23.700000000000003,RS,Sul,0.9860303496842561,1,Muito alto
4304697,43,80.0,58.6,744.43,-21.4,RS,Sul,0.985948713000022,1,Muito alto
4309753,43,73.81,41.4,735.07,-32.410000000000004,RS,Sul,0.9858688024588262,1,Muito alto
4306551,43,80.0,57.1,746.09,-22.9,RS,Sul,0.9856877527470373,1,Muito alto
4313060,43,74.53,45.3,735.22,-29.230000000000004,RS,Sul,0.9856434331932774,1,Muito alto
4312054,43,77.11,47.8,742.83,-29.310000000000002,RS,Sul,0.9855709108226077,1,Muito alto
4306452,43,80.0,53.0,749.45,-27.0,RS,Sul,0.9855434870141483,1,Muito alto
4305959,43,75.82,44.2,740.93,-31.61999999999999,RS,Sul,0.9855345627918776,1,Muito alto
4321352,43,70.27,37.0,726.31,-33.269999999999996,RS,Sul,0.9854996638733496,1,Muito alto
2500734,25,80.0,41.89,717.39,-38.11,PB,Nordeste,0.9854264056721241,1,Muito alto
4316709,43,70.5,37.9,726.76,-32.6,RS,Sul,0.9853545840702576,1,Muito alto
4318499,43,80.0,49.7,752.48,-30.299999999999997,RS,Sul,0.9852632062366004,1,Muito alto
4322202,43,74.42,44.4,736.33,-30.020000000000003,RS,Sul,0.9852278297776216,1,Muito alto
4307906,43,80.0,56.7,747.51,-23.299999999999997,RS,Sul,0.9851287044428471,1,Muito alto
4309100,43,79.35,55.3,746.32,-24.049999999999997,RS,Sul,0.9850706172435091,1,Muito alto
4313441,43,74.09,47.4,733.23,-26.690000000000005,RS,Sul,0.9850563832157156,1,Muito alto
4321907,43,80.0,57.0,747.61,-23.0,RS,Sul,0.9849629250812315,1,Muito alto
4312153,43,80.0,58.4,746.65,-21.6,RS,Sul,0.9849180712309993,1,Muito alto
4310413,43,68.26,35.3,721.48,-32.96000000000001,RS,Sul,0.9849084626218156,1,Muito alto
2932606,29,66.0,40.54,732.42,-25.46,BA,Nordeste,0.9848263972637756,1,Muito alto
2923001,29,64.09,37.21,728.13,-26.880000000000003,BA,Nordeste,0.9847597661943878,1,Muito alto
4309050,43,69.87,34.3,728.59,-35.57000000000001,RS,Sul,0.9846283945069872,1,Muito alto
4305108,43,72.56,43.2,732.1,-29.36,RS,Sul,0.9843975054809367,1,Muito alto
4321303,43,59.5,13.2,707.47,-46.3,RS,Sul,0.9843053608592809,1,Muito alto
4320552,43,76.35,46.2,743.9,-30.14999999999999,RS,Sul,0.9842182914728347,1,Muito alto
4312401,43,70.43,39.8,727.48,-30.63000000000001,RS,Sul,0.9841062199281351,1,Muito alto
4309704,43,80.0,60.8,746.74,-19.200000000000003,RS,Sul,0.9839151150040264,1,Muito alto
4306403,43,78.9,56.9,745.97,-22.000000000000007,RS,Sul,0.9837540522194598,1,Muito alto
4307559,43,75.45,45.4,742.18,-30.050000000000004,RS,Sul,0.9837052384503795,1,Muito alto
4301909,43,72.2,43.6,732.19,-28.6,RS,Sul,0.9834701336912883,1,Muito alto
2929057,29,63.09,36.59,727.46,-26.5,BA,Nordeste,0.9834111566022189,1,Muito alto
4305207,43,76.56,54.0,740.35,-22.560000000000002,RS,Sul,0.9833753422266862,1,Muito alto
2919405,29,76.51,65.48,754.53,-11.030000000000001,BA,Nordeste,0.9833345178161679,1,Muito alto
4310801,43,78.17,56.9,744.09,-21.270000000000003,RS,Sul,0.9833268884675812,1,Muito alto
4304200,43,76.76,53.2,742.15,-23.560000000000002,RS,Sul,0.9831019525834281,1,Muito alto
4311627,43,71.5,36.1,735.93,-35.4,RS,Sul,0.9830924256130814,1,Muito alto
4304309,43,76.87,48.4,746.37,-28.470000000000006,RS,Sul,0.9829678216140577,1,Muito alto
4319737,43,74.09,46.2,738.06,-27.89,RS,Sul,0.9829093558408343,1,Muito alto
4322509,43,70.45,38.1,731.05,-32.35,RS,Sul,0.9828519718739701,1,Muito alto
4314001,43,80.0,60.0,749.24,-20.0,RS,Sul,0.9828369793164313,1,Muito alto
4318309,43,67.25,35.6,721.49,-31.65,RS,Sul,0.98276677410908,1,Muito alto
4308078,43,80.0,65.0,745.69,-15.0,RS,Sul,0.9827255095458995,1,Muito alto
4318804,43,79.35,58.7,748.23,-20.64999999999999,RS,Sul,0.9826197727878554,1,Muito alto
4316907,43,70.02,39.7,728.76,-30.319999999999993,RS,Sul,0.9825796190372038,1,Muito alto
4319356,43,80.0,58.8,750.58,-21.200000000000003,RS,Sul,0.9825761307157264,1,Muito alto
4314027,43,80.0,52.6,755.23,-27.4,RS,Sul,0.9825686677708665,1,Muito alto
3505401,35,80.0,34.89,719.45,-45.11,SP,Sudeste,0.9825635824820455,1,Muito alto
4313409,43,68.07,36.0,725.14,-32.06999999999999,RS,Sul,0.9821795649723629,1,Muito alto
4320107,43,74.12,47.7,738.33,-26.42,RS,Sul,0.982145061682493,1,Muito alto
4312377,43,68.66,36.2,727.19,-32.459999999999994,RS,Sul,0.982139807809986,1,Muito alto
4313508,43,71.66,44.5,731.86,-27.159999999999997,RS,Sul,0.982123764395998,1,Muito alto
4306502,43,66.26,35.0,719.48,-31.260000000000005,RS,Sul,0.9820947814095715,1,Muito alto
4305702,43,80.0,58.0,752.1,-22.0,RS,Sul,0.9820201954332074,1,Muito alto
4308201,43,79.3,59.6,748.4,-19.699999999999996,RS,Sul,0.982002513089668,1,Muito alto
2913507,29,59.47,31.48,720.59,-27.99,BA,Nordeste,0.9819952327306931,1,Muito alto
4322707,43,70.78,41.9,731.01,-28.880000000000003,RS,Sul,0.9818856027511433,1,Muito alto
2904209,29,67.88,47.37,739.47,-20.509999999999998,BA,Nordeste,0.9817830038614871,1,Muito alto
4319372,43,80.0,64.3,747.96,-15.700000000000003,RS,Sul,0.9816662902884291,1,Muito alto
4320909,43,72.93,46.2,736.09,-26.730000000000004,RS,Sul,0.9815624635009821,1,Muito alto
4309654,43,73.26,42.8,739.89,-30.460000000000008,RS,Sul,0.9815227484404827,1,Muito alto
2402402,24,70.15,29.88,718.97,-40.27000000000001,RN,Nordeste,0.9814870499020535,1,Muito alto
4323408,43,80.0,66.7,746.5,-13.299999999999997,RS,Sul,0.9814558560749033,1,Muito alto
4322608,43,78.68,59.2,747.4,-19.480000000000004,RS,Sul,0.9814147674363365,1,Muito alto
4311718,43,71.11,42.4,732.64,-28.71,RS,Sul,0.9813787725125095,1,Muito alto
4319109,43,80.0,64.5,748.31,-15.5,RS,Sul,0.9813517274622919,1,Muito alto
4301958,43,72.3,53.9,728.54,-18.4,RS,Sul,0.9812533734893687,1,Muito alto
2919959,29,67.15,47.37,737.74,-19.78000000000001,BA,Nordeste,0.9812092898012269,1,Muito alto
4313904,43,76.7,51.2,746.63,-25.5,RS,Sul,0.9811545500949463,1,Muito alto
4306957,43,79.63,60.0,750.88,-19.629999999999995,RS,Sul,0.9810041463653871,1,Muito alto
2930006,29,65.86,42.37,737.35,-23.490000000000002,BA,Nordeste,0.9808630731442791,1,Muito alto
4307609,43,71.3,44.4,732.68,-26.9,RS,Sul,0.9808330220018234,1,Muito alto
2918704,29,71.57,56.52,747.47,-15.04999999999999,BA,Nordeste,0.9808310220185504,1,Muito alto
4311270,43,67.76,36.0,726.35,-31.760000000000005,RS,Sul,0.9807072749863057,1,Muito alto
4312005,43,80.0,58.3,753.95,-21.700000000000003,RS,Sul,0.9807044237637653,1,Muito alto
2913408,29,64.62,42.57,733.02,-22.050000000000004,BA,Nordeste,0.980663425742207,1,Muito alto
4315404,43,80.0,60.0,752.84,-20.0,RS,Sul,0.9805980747080196,1,Muito alto
4308102,43,75.0,51.1,741.52,-23.9,RS,Sul,0.9805257200675921,1,Muito alto
4322327,43,80.0,61.7,751.93,-18.299999999999997,RS,Sul,0.9803579833615409,1,Muito alto
4321451,43,80.0,62.9,751.04,-17.1,RS,Sul,0.9803529264224031,1,Muito alto
2917201,29,64.85,43.98,733.34,-20.869999999999997,BA,Nordeste,0.9803031664433236,1,Muito alto
4308904,43,75.51,52.3,742.89,-23.210000000000008,RS,Sul,0.980243673666482,1,Muito alto
4310363,43,78.75,50.0,756.43,-28.75,RS,Sul,0.9801765890362588,1,Muito alto
4308607,43,76.1,54.4,743.87,-21.699999999999996,RS,Sul,0.9799618540108784,1,Muito alto
4312450,43,75.12,47.4,745.68,-27.720000000000006,RS,Sul,0.9798805449084411,1,Muito alto
2931350,29,61.04,35.04,726.87,-26.0,BA,Nordeste,0.9798801379711509,1,Muito alto
2917102,29,57.97,28.85,720.46,-29.119999999999997,BA,Nordeste,0.979835574230239,1,Muito alto
4320578,43,78.99,66.7,745.34,-12.289999999999992,RS,Sul,0.9798140707150803,1,Muito alto
2911253,29,66.81,47.37,738.69,-19.440000000000005,BA,Nordeste,0.9797629622696341,1,Muito alto
4317509,43,69.39,41.5,729.59,-27.89,RS,Sul,0.9797267961799588,1,Muito alto
2921807,29,72.44,60.0,749.71,-12.439999999999998,BA,Nordeste,0.9796929284612481,1,Muito alto
4314035,43,75.15,54.0,741.21,-21.150000000000006,RS,Sul,0.979634144493184,1,Muito alto
4315156,43,78.88,64.8,746.66,-14.079999999999998,RS,Sul,0.9796094377905202,1,Muito alto
4313011,43,80.0,60.0,754.52,-20.0,RS,Sul,0.979457554779811,1,Muito alto
2914109,29,70.97,59.15,745.38,-11.82,BA,Nordeste,0.9794488107420709,1,Muito alto
4304713,43,80.0,62.4,752.76,-17.6,RS,Sul,0.9794330130798377,1,Muito alto
2901601,29,55.66,23.17,716.95,-32.489999999999995,BA,Nordeste,0.9794219666540139,1,Muito alto
4318457,43,78.89,60.4,750.36,-18.490000000000002,RS,Sul,0.9793495224083136,1,Muito alto
4301503,43,80.0,63.2,752.34,-16.799999999999997,RS,Sul,0.9793079803466629,1,Muito alto
4317707,43,75.47,53.0,743.83,-22.47,RS,Sul,0.9791336671224372,1,Muito alto
4310439,43,80.0,60.7,754.71,-19.299999999999997,RS,Sul,0.9789534856466396,1,Muito alto
2106359,21,80.0,39.77,726.86,-40.23,MA,Nordeste,0.9789008461683276,1,Muito alto
4314753,43,80.0,66.3,750.73,-13.700000000000003,RS,Sul,0.9788038207921979,1,Muito alto
4314159,43,68.87,40.7,729.74,-28.17,RS,Sul,0.9787157102856843,1,Muito alto
4306130,43,78.43,64.3,746.68,-14.13000000000001,RS,Sul,0.9787077501388183,1,Muito alto
2923803,29,61.04,39.8,725.04,-21.240000000000002,BA,Nordeste,0.9786618799997767,1,Muito alto
4316956,43,78.8,59.3,751.9,-19.5,RS,Sul,0.9786050362162465,1,Muito alto
2925956,29,58.68,33.53,721.41,-25.15,BA,Nordeste,0.978504113061191,1,Muito alto
4313300,43,79.13,61.1,752.03,-18.029999999999994,RS,Sul,0.9783987571893551,1,Muito alto
2931004,29,65.66,47.42,736.5,-18.239999999999995,BA,Nordeste,0.9783350723101759,1,Muito alto
1303205,13,77.11,57.09,738.48,-20.019999999999996,AM,Norte,0.9781794224382985,1,Muito alto
4319307,43,78.4,61.1,749.78,-17.300000000000004,RS,Sul,0.9781104841619613,1,Muito alto
4317004,43,58.96,13.1,715.38,-45.86,RS,Sul,0.9780977602394033,1,Muito alto
4315107,43,74.31,52.9,741.54,-21.410000000000004,RS,Sul,0.9777953639912783,1,Muito alto
2917300,29,55.64,29.17,714.76,-26.47,BA,Nordeste,0.9776976582096982,1,Muito alto
4304705,43,69.06,42.0,730.85,-27.060000000000002,RS,Sul,0.9776837681434779,1,Muito alto
4309209,43,68.91,41.0,731.11,-27.909999999999997,RS,Sul,0.9776423880540837,1,Muito alto
4316105,43,76.71,53.7,749.89,-23.00999999999999,RS,Sul,0.9775934202394534,1,Muito alto
4300802,43,70.43,46.6,732.68,-23.830000000000005,RS,Sul,0.9774440739134137,1,Muito alto
2917409,29,69.0,56.86,742.86,-12.14,BA,Nordeste,0.9773281279342925,1,Muito alto
2909109,29,57.93,30.71,722.39,-27.22,BA,Nordeste,0.9773175609179585,1,Muito alto
4313490,43,67.87,37.0,730.79,-30.870000000000005,RS,Sul,0.9772985325892394,1,Muito alto
4314704,43,74.79,54.1,743.13,-20.690000000000005,RS,Sul,0.9772223652278882,1,Muito alto
4322376,43,65.72,38.1,722.32,-27.619999999999997,RS,Sul,0.9771983186429675,1,Muito alto
4321626,43,80.0,67.8,751.87,-12.200000000000003,RS,Sul,0.9771130497308785,1,Muito alto
4301206,43,80.0,64.7,754.31,-15.299999999999997,RS,Sul,0.9770187646197532,1,Muito alto
4311809,43,70.88,43.6,737.12,-27.279999999999994,RS,Sul,0.9770052687514071,1,Muito alto
2924702,29,69.32,56.47,744.76,-12.849999999999994,BA,Nordeste,0.9769790157679636,1,Muito alto
4317905,43,77.21,60.5,747.52,-16.709999999999994,RS,Sul,0.9768932399539445,1,Muito alto
4312807,43,80.0,60.6,757.69,-19.4,RS,Sul,0.9767734376120465,1,Muito alto
4312179,43,80.0,58.3,759.42,-21.700000000000003,RS,Sul,0.9767658330031634,1,Muito alto
4322152,43,71.94,41.1,743.16,-30.839999999999996,RS,Sul,0.9767421187610725,1,Muito alto
4306908,43,69.06,39.4,734.07,-29.660000000000004,RS,Sul,0.9766977825881238,1,Muito alto
4322806,43,77.99,57.0,753.27,-20.989999999999995,RS,Sul,0.9766487349888208,1,Muito alto
4307815,43,80.0,60.0,758.3,-20.0,RS,Sul,0.9766462074985487,1,Muito alto
2928406,29,57.66,32.05,721.34,-25.61,BA,Nordeste,0.9765920272313593,1,Muito alto
4319406,43,77.99,61.6,750.06,-16.389999999999993,RS,Sul,0.9764655199776906,1,Muito alto
2925204,29,66.86,51.55,740.41,-15.310000000000002,BA,Nordeste,0.9762915311510639,1,Muito alto
4301057,43,71.44,46.5,737.9,-24.939999999999998,RS,Sul,0.9762744093267408,1,Muito alto
2918902,29,65.43,48.28,737.75,-17.150000000000006,BA,Nordeste,0.9762378041838431,1,Muito alto
4316808,43,69.7,43.8,733.68,-25.900000000000006,RS,Sul,0.9762305476539378,1,Muito alto
2922730,29,57.56,31.91,721.54,-25.650000000000002,BA,Nordeste,0.9762268242268726,1,Muito alto
2903508,29,58.11,33.06,723.05,-25.049999999999997,BA,Nordeste,0.9759183899169932,1,Muito alto
4301800,43,75.38,56.4,745.46,-18.979999999999997,RS,Sul,0.9756947572443468,1,Muito alto
4303806,43,80.0,68.0,753.51,-12.0,RS,Sul,0.975682680067627,1,Muito alto
2100808,21,80.0,34.63,734.94,-45.37,MA,Nordeste,0.9756425142577565,1,Muito alto
2912301,29,65.8,50.0,738.65,-15.799999999999997,BA,Nordeste,0.975545585930786,1,Muito alto
4301008,43,80.0,63.6,756.97,-16.4,RS,Sul,0.9755432523725791,1,Muito alto
2929909,29,58.86,34.98,724.92,-23.880000000000003,BA,Nordeste,0.9754299973596682,1,Muito alto
4321956,43,80.0,62.9,757.64,-17.1,RS,Sul,0.9754217638238455,1,Muito alto
4321857,43,80.0,62.5,758.1,-17.5,RS,Sul,0.975287655701139,1,Muito alto
4317954,43,80.0,66.7,754.98,-13.299999999999997,RS,Sul,0.9752696799954924,1,Muito alto
2513109,25,80.0,40.52,734.17,-39.48,PB,Nordeste,0.9750900141219034,1,Muito alto
2922409,29,65.42,48.92,738.72,-16.5,BA,Nordeste,0.975012999332902,1,Muito alto
4305439,43,59.77,21.1,716.31,-38.67,RS,Sul,0.9749328354390602,1,Muito alto
4318408,43,80.0,71.9,751.53,-8.099999999999994,RS,Sul,0.9748992782145586,1,Muito alto
4317608,43,78.11,61.7,752.4,-16.409999999999997,RS,Sul,0.9748335517171317,1,Muito alto
2509057,25,72.42,24.23,719.26,-48.19,PB,Nordeste,0.9748151240942073,1,Muito alto
4307302,43,71.41,50.4,736.69,-21.009999999999998,RS,Sul,0.9747707869964474,1,Muito alto
2910776,29,63.66,45.45,735.49,-18.209999999999994,BA,Nordeste,0.9745516882004511,1,Muito alto
2900801,29,56.52,29.6,721.55,-26.92,BA,Nordeste,0.9745241626980863,1,Muito alto
1711100,17,69.25,24.0,721.51,-45.25,TO,Norte,0.9745178963139873,1,Muito alto
2917904,29,60.12,36.08,729.88,-24.04,BA,Nordeste,0.9743905998783651,1,Muito alto
4302352,43,75.63,55.3,748.77,-20.33,RS,Sul,0.9743578559689228,1,Muito alto
4321469,43,80.0,69.1,754.26,-10.900000000000006,RS,Sul,0.9743539225234887,1,Muito alto
2912004,29,69.82,61.19,746.59,-8.629999999999995,BA,Nordeste,0.9740384835320052,1,Muito alto
2908309,29,62.39,41.18,734.7,-21.21,BA,Nordeste,0.9740214467499005,1,Muito alto
2904605,29,62.01,42.15,732.78,-19.86,BA,Nordeste,0.9738628737357504,1,Muito alto
4300034,43,73.1,52.5,742.31,-20.599999999999994,RS,Sul,0.9738349215054232,1,Muito alto
4312955,43,80.0,66.7,756.92,-13.299999999999997,RS,Sul,0.9735933811428852,1,Muito alto
4316006,43,80.0,66.6,757.22,-13.400000000000006,RS,Sul,0.9733917689055447,1,Muito alto
4318002,43,70.07,46.4,736.5,-23.669999999999995,RS,Sul,0.9733103357129878,1,Muito alto
4323002,43,65.74,38.9,726.74,-26.839999999999996,RS,Sul,0.9730449924733734,1,Muito alto
4310538,43,65.8,38.5,727.27,-27.299999999999997,RS,Sul,0.97303245614411,1,Muito alto
2921203,29,58.25,36.96,724.08,-21.29,BA,Nordeste,0.9729477986900306,1,Muito alto
2903953,29,54.02,24.44,718.29,-29.580000000000002,BA,Nordeste,0.972813747333758,1,Muito alto
4320206,43,80.0,68.0,756.88,-12.0,RS,Sul,0.9727489033143412,1,Muito alto
4307807,43,71.53,49.4,740.17,-22.130000000000003,RS,Sul,0.97273416208107,1,Muito alto
4305871,43,80.0,67.8,757.27,-12.200000000000003,RS,Sul,0.9725269369277785,1,Muito alto
4312757,43,80.0,71.4,754.71,-8.599999999999994,RS,Sul,0.9724036578886901,1,Muito alto
2924900,29,62.35,42.86,735.09,-19.490000000000002,BA,Nordeste,0.9724017420148768,1,Muito alto
4302402,43,78.72,64.6,755.19,-14.120000000000005,RS,Sul,0.9723814054034895,1,Muito alto
4319711,43,80.0,73.3,753.35,-6.700000000000003,RS,Sul,0.9723466706704686,1,Muito alto
4314050,43,65.06,37.8,725.9,-27.260000000000005,RS,Sul,0.9723102189934499,1,Muito alto
4310207,43,77.52,61.9,753.02,-15.619999999999997,RS,Sul,0.9722401772342057,1,Muito alto
4321204,43,69.1,44.6,735.51,-24.499999999999993,RS,Sul,0.9722331286561144,1,Muito alto
2107456,21,80.0,37.64,736.58,-42.36,MA,Nordeste,0.9722196159082397,1,Muito alto
2919058,29,63.21,43.1,738.53,-20.11,BA,Nordeste,0.9719241901421208,1,Muito alto
4323358,43,73.94,52.9,747.2,-21.04,RS,Sul,0.9718649888512005,1,Muito alto
2108801,21,80.0,42.38,733.45,-37.62,MA,Nordeste,0.9718277221176892,1,Muito alto
4303301,43,80.0,63.1,761.56,-16.9,RS,Sul,0.9717998079750566,1,Muito alto
4312104,43,70.18,45.5,739.22,-24.680000000000007,RS,Sul,0.971783333320656,1,Muito alto
2920106,29,53.26,23.42,717.71,-29.839999999999996,BA,Nordeste,0.9714933109333574,1,Muito alto
4310900,43,80.0,61.9,762.78,-18.1,RS,Sul,0.9714916275448119,1,Muito alto
4300570,43,74.95,58.3,747.23,-16.650000000000006,RS,Sul,0.971468034650625,1,Muito alto
4314100,43,65.53,38.5,728.01,-27.03,RS,Sul,0.9714248553991299,1,Muito alto
2907301,29,55.58,30.54,720.95,-25.04,BA,Nordeste,0.9713261476952285,1,Muito alto
2925006,29,52.73,24.31,715.31,-28.419999999999998,BA,Nordeste,0.9713170990949307,1,Muito alto
4306734,43,77.8,63.3,754.03,-14.5,RS,Sul,0.9712454174695981,1,Muito alto
2919926,29,53.18,25.81,715.89,-27.37,BA,Nordeste,0.9712453067130976,1,Muito alto
4308250,43,80.0,71.4,756.01,-8.599999999999994,RS,Sul,0.9711672418392218,1,Muito alto
4314506,43,71.2,50.2,740.08,-21.0,RS,Sul,0.9711234995816065,1,Muito alto
2904308,29,62.14,47.62,732.14,-14.520000000000003,BA,Nordeste,0.9710971737438822,1,Muito alto
4318705,43,64.51,37.2,726.12,-27.310000000000002,RS,Sul,0.9706173057966104,1,Muito alto
2905206,29,59.19,39.02,728.41,-20.169999999999995,BA,Nordeste,0.9705979904861008,1,Muito alto
4319505,43,64.97,37.1,727.94,-27.869999999999997,RS,Sul,0.9705368028584788,1,Muito alto
4318606,43,68.18,37.2,739.5,-30.980000000000004,RS,Sul,0.9705136419761333,1,Muito alto
4306379,43,71.33,53.6,738.72,-17.729999999999997,RS,Sul,0.970421819376916,1,Muito alto
4313805,43,80.0,68.4,759.03,-11.599999999999994,RS,Sul,0.9704036710642099,1,Muito alto
4308458,43,80.0,72.7,755.92,-7.299999999999997,RS,Sul,0.9702975817756584,1,Muito alto
4322558,43,80.0,69.2,758.57,-10.799999999999997,RS,Sul,0.9702654777326715,1,Muito alto
2413607,24,74.22,47.88,734.36,-26.339999999999996,RN,Nordeste,0.970123185753725,1,Muito alto
4312443,43,80.0,75.0,754.47,-5.0,RS,Sul,0.9700260824026328,1,Muito alto
4323770,43,80.0,61.5,764.68,-18.5,RS,Sul,0.9699125413978809,1,Muito alto
2906899,29,57.41,35.56,725.39,-21.849999999999994,BA,Nordeste,0.9697642329281168,1,Muito alto
4304663,43,58.86,28.2,713.32,-30.66,RS,Sul,0.9697076500619827,1,Muito alto
1504307,15,71.85,47.51,728.57,-24.339999999999996,PA,Norte,0.9696427857578971,1,Muito alto
2919801,29,55.21,31.5,720.73,-23.71,BA,Nordeste,0.9694973531441654,1,Muito alto
4315305,43,63.01,36.3,722.56,-26.71,RS,Sul,0.9694139105445614,1,Muito alto
4321501,43,68.39,44.0,736.32,-24.39,RS,Sul,0.9693537302335762,1,Muito alto
4323309,43,80.0,68.8,759.85,-11.200000000000003,RS,Sul,0.9692679036998764,1,Muito alto
4300638,43,73.51,57.2,745.22,-16.310000000000002,RS,Sul,0.9690921151113712,1,Muito alto
2931053,29,68.78,61.8,747.55,-6.980000000000004,BA,Nordeste,0.9690872419728997,1,Muito alto
2933406,29,62.1,45.0,736.2,-17.1,BA,Nordeste,0.968829024552829,1,Muito alto
4321600,43,62.76,36.7,722.0,-26.059999999999995,RS,Sul,0.9687449659028022,1,Muito alto
4311239,43,73.69,54.2,748.52,-19.489999999999995,RS,Sul,0.9686685058118505,1,Muito alto
2210904,22,72.09,30.86,713.38,-41.230000000000004,PI,Nordeste,0.9685525824208777,1,Muito alto
4308003,43,79.38,66.7,760.09,-12.679999999999993,RS,Sul,0.9683113265457091,1,Muito alto
4316501,43,80.0,70.4,759.59,-9.599999999999994,RS,Sul,0.9682849243764694,1,Muito alto
2932101,29,57.97,38.93,726.4,-19.04,BA,Nordeste,0.9681951278768196,1,Muito alto
2112605,21,77.72,38.63,731.84,-39.089999999999996,MA,Nordeste,0.9679498516118306,1,Muito alto
4318200,43,64.37,37.7,727.84,-26.67,RS,Sul,0.9679322053217937,1,Muito alto
4323804,43,64.4,37.9,727.92,-26.500000000000007,RS,Sul,0.9678015663140828,1,Muito alto
2926905,29,50.01,15.62,715.44,-34.39,BA,Nordeste,0.967766898671294,1,Muito alto
4317202,43,74.76,58.8,750.2,-15.960000000000008,RS,Sul,0.967325034600294,1,Muito alto
4314472,43,68.91,47.5,737.84,-21.409999999999997,RS,Sul,0.9669401978432818,1,Muito alto
2915106,29,50.97,23.53,713.92,-27.439999999999998,BA,Nordeste,0.9667519126828638,1,Muito alto
3553658,35,76.51,27.27,731.6,-49.24000000000001,SP,Sudeste,0.9667485148297318,1,Muito alto
2933158,29,47.1,17.95,704.38,-29.150000000000002,BA,Nordeste,0.9664324385417382,1,Muito alto
2923407,29,56.65,35.76,725.66,-20.89,BA,Nordeste,0.9663688850348614,1,Muito alto
4317806,43,78.38,69.9,756.01,-8.47999999999999,RS,Sul,0.9661901600832505,1,Muito alto
4307005,43,67.3,45.9,733.97,-21.4,RS,Sul,0.9660902185520681,1,Muito alto
2920502,29,61.46,43.58,737.48,-17.880000000000003,BA,Nordeste,0.9660630583462194,1,Muito alto
3515657,35,80.0,44.0,732.32,-36.0,SP,Sudeste,0.9660622456722417,1,Muito alto
2920304,29,73.37,70.27,760.63,-3.1000000000000085,BA,Nordeste,0.9660270403317499,1,Muito alto
2923902,29,56.04,34.68,724.61,-21.36,BA,Nordeste,0.9659734568655687,1,Muito alto
2909604,29,59.99,43.05,732.7,-16.940000000000005,BA,Nordeste,0.9659023476558143,1,Muito alto
2908606,29,53.1,28.14,719.18,-24.96,BA,Nordeste,0.9656146705866396,1,Muito alto
2931400,29,53.42,30.56,718.53,-22.860000000000003,BA,Nordeste,0.9656117123313884,1,Muito alto
2511509,25,75.43,38.07,729.06,-37.36000000000001,PB,Nordeste,0.9655971491872037,1,Muito alto
4301602,43,67.83,46.6,735.8,-21.229999999999997,RS,Sul,0.9655906849330376,1,Muito alto
4306007,43,75.26,57.4,754.65,-17.860000000000007,RS,Sul,0.9655309858413902,1,Muito alto
2910107,29,58.63,42.74,728.36,-15.89,BA,Nordeste,0.9655029034952379,1,Muito alto
4305173,43,64.83,41.7,728.79,-23.129999999999995,RS,Sul,0.9653863519288696,1,Muito alto
1704600,17,59.77,6.25,709.61,-53.52,TO,Norte,0.9653679082403486,1,Muito alto
3554755,35,80.0,47.37,730.41,-32.63,SP,Sudeste,0.9653607344562111,1,Muito alto
2902005,29,54.09,28.92,722.49,-25.17,BA,Nordeste,0.9652530878533873,1,Muito alto
4307708,43,68.74,47.0,739.13,-21.739999999999995,RS,Sul,0.9651995605571829,1,Muito alto
4303103,43,65.2,40.6,731.14,-24.6,RS,Sul,0.9651667664418292,1,Muito alto
4314068,43,80.0,75.0,759.11,-5.0,RS,Sul,0.964974272190025,1,Muito alto
2902401,29,54.6,33.61,721.3,-20.990000000000002,BA,Nordeste,0.9646982647567587,1,Muito alto
1303700,13,66.29,37.94,728.03,-28.35000000000001,AM,Norte,0.9645815804577791,1,Muito alto
2927804,29,56.38,37.04,725.74,-19.340000000000003,BA,Nordeste,0.964022441876235,1,Muito alto
2516904,25,80.0,44.45,742.3,-35.55,PB,Nordeste,0.9638487379879067,1,Muito alto
2913200,29,54.41,32.87,721.94,-21.54,BA,Nordeste,0.963772550559069,1,Muito alto
2921450,29,61.26,46.15,736.83,-15.11,BA,Nordeste,0.9637183129025138,1,Muito alto
4322400,43,67.36,47.3,735.17,-20.060000000000002,RS,Sul,0.9637055849567143,1,Muito alto
4305355,43,68.99,51.3,738.46,-17.689999999999998,RS,Sul,0.9632345927613709,1,Muito alto
4312351,43,80.0,75.0,760.85,-5.0,RS,Sul,0.9628756886215003,1,Muito alto
2516003,25,78.98,45.73,738.47,-33.25000000000001,PB,Nordeste,0.9628479690594017,1,Muito alto
4317400,43,75.04,61.2,753.27,-13.840000000000003,RS,Sul,0.9628264779108877,1,Muito alto
4302600,43,52.66,20.0,703.46,-32.66,RS,Sul,0.9624168601319038,1,Muito alto
4314456,43,64.14,33.2,735.21,-30.939999999999998,RS,Sul,0.962295058149995,1,Muito alto
4309605,43,73.96,57.2,752.82,-16.75999999999999,RS,Sul,0.962245040143129,1,Muito alto
4313391,43,80.0,77.0,760.13,-3.0,RS,Sul,0.9619013151610655,1,Muito alto
1302553,13,57.7,20.56,712.18,-37.14,AM,Norte,0.9618507142728984,1,Muito alto
4301636,43,65.43,43.6,732.55,-21.830000000000005,RS,Sul,0.9617211260468919,1,Muito alto
4309555,43,80.0,71.4,764.51,-8.599999999999994,RS,Sul,0.9616572879274693,1,Muito alto
4304002,43,68.43,46.8,741.12,-21.63000000000001,RS,Sul,0.9615782287879733,1,Muito alto
4315701,43,75.39,63.4,754.14,-11.990000000000002,RS,Sul,0.9612434294018031,1,Muito alto
3513306,35,80.0,47.06,734.09,-32.94,SP,Sudeste,0.9611300066127775,1,Muito alto
4314803,43,63.86,39.7,730.27,-24.159999999999997,RS,Sul,0.9611007123062052,1,Muito alto
2921104,29,60.77,46.9,736.59,-13.870000000000005,BA,Nordeste,0.9610915197519617,1,Muito alto
2919702,29,59.12,44.74,732.25,-14.379999999999995,BA,Nordeste,0.9610748014248577,1,Muito alto
2904100,29,52.26,32.0,716.97,-20.259999999999998,BA,Nordeste,0.961067876552675,1,Muito alto
4318440,43,77.66,66.7,760.08,-10.959999999999994,RS,Sul,0.9609878838071019,1,Muito alto
4314134,43,68.16,50.0,738.46,-18.159999999999997,RS,Sul,0.9606575214247257,1,Muito alto
2509008,25,80.0,50.66,740.24,-29.340000000000003,PB,Nordeste,0.9605905740591741,1,Muito alto
4304689,43,71.57,54.3,747.85,-17.269999999999996,RS,Sul,0.9603001455219713,1,Muito alto
4308706,43,79.16,74.7,760.05,-4.459999999999994,RS,Sul,0.9602954733960128,1,Muito alto
4304655,43,80.0,71.8,765.53,-8.200000000000003,RS,Sul,0.959933623859801,1,Muito alto
2923100,29,48.45,21.29,712.08,-27.160000000000004,BA,Nordeste,0.9599079617958203,1,Muito alto
4304903,43,80.0,76.0,762.46,-4.0,RS,Sul,0.9598381227427821,1,Muito alto
4305009,43,80.0,77.1,761.75,-2.9000000000000057,RS,Sul,0.9596870322502868,1,Muito alto
2933109,29,56.16,43.64,723.61,-12.519999999999996,BA,Nordeste,0.9594272242463605,1,Muito alto
2109056,21,75.71,34.42,734.79,-41.28999999999999,MA,Nordeste,0.9593998446701948,1,Muito alto
4320701,43,80.0,70.8,767.01,-9.200000000000003,RS,Sul,0.9589453614849641,1,Muito alto
4314605,43,66.53,42.8,739.24,-23.730000000000004,RS,Sul,0.95892971048762,1,Muito alto
4307864,43,80.0,69.2,768.4,-10.799999999999997,RS,Sul,0.9586806094812144,1,Muito alto
2933307,29,58.3,42.75,732.58,-15.549999999999997,BA,Nordeste,0.9586595833959524,1,Muito alto
4309308,43,59.58,31.5,722.89,-28.08,RS,Sul,0.9584654311361808,1,Muito alto
4300505,43,76.47,66.5,758.0,-9.969999999999999,RS,Sul,0.9581976771579339,1,Muito alto
4318507,43,62.43,38.2,728.45,-24.229999999999997,RS,Sul,0.9581018087619855,1,Muito alto
4303004,43,64.82,40.2,735.6,-24.61999999999999,RS,Sul,0.9581008964520583,1,Muito alto
2106607,21,74.7,34.52,732.02,-40.18,MA,Nordeste,0.9580849417729629,1,Muito alto
2929107,29,56.92,41.13,729.35,-15.79,BA,Nordeste,0.9578965367120652,1,Muito alto
2509305,25,80.0,50.43,742.5,-29.57,PB,Nordeste,0.9577549542633769,1,Muito alto
2903300,29,52.13,24.72,724.51,-27.410000000000004,BA,Nordeste,0.9575981895752528,1,Muito alto
2929503,29,59.74,46.1,736.28,-13.64,BA,Nordeste,0.9572670453110145,1,Muito alto
4306759,43,80.0,80.0,761.44,0.0,RS,Sul,0.9571163742023581,1,Muito alto
2207793,22,80.0,51.85,735.61,-28.15,PI,Nordeste,0.9570672187839945,1,Muito alto
2922201,29,56.93,41.27,729.88,-15.659999999999997,BA,Nordeste,0.9570510418687026,1,Muito alto
4304853,43,62.87,50.0,722.09,-12.869999999999997,RS,Sul,0.9568668531511779,1,Muito alto
2929305,29,49.94,24.63,717.4,-25.31,BA,Nordeste,0.9565369131996785,1,Muito alto
2931806,29,59.42,42.86,738.35,-16.560000000000002,BA,Nordeste,0.9561112127451985,1,Muito alto
2928604,29,55.44,36.96,728.43,-18.479999999999997,BA,Nordeste,0.9560183576754362,1,Muito alto
4306601,43,64.81,43.7,734.41,-21.11,RS,Sul,0.9560137363106125,1,Muito alto
4318424,43,77.56,70.3,761.03,-7.260000000000005,RS,Sul,0.9554326442168305,1,Muito alto
4308508,43,68.64,53.8,741.11,-14.840000000000003,RS,Sul,0.9554259301793294,1,Muito alto
4302501,43,59.77,38.4,720.85,-21.370000000000005,RS,Sul,0.95497095173009,1,Muito alto
2905008,29,61.02,47.96,741.19,-13.060000000000002,BA,Nordeste,0.954831523807334,1,Muito alto
4311106,43,69.74,53.4,745.79,-16.339999999999996,RS,Sul,0.9548284832111631,1,Muito alto
5005681,50,80.0,46.46,730.26,-33.54,MS,Centro-Oeste,0.9548180818050148,1,Muito alto
2933174,29,55.67,40.0,727.82,-15.670000000000002,BA,Nordeste,0.9547887691501837,1,Muito alto
4305132,43,74.39,66.7,752.83,-7.689999999999998,RS,Sul,0.9545768594116384,1,Muito alto
4314175,43,69.62,55.9,743.68,-13.720000000000006,RS,Sul,0.954537287688939,1,Muito alto
2932002,29,56.24,40.28,729.84,-15.96,BA,Nordeste,0.9545371279142337,1,Muito alto
4315172,43,79.99,75.0,767.02,-4.989999999999995,RS,Sul,0.9543636310943655,1,Muito alto
2915601,29,55.62,37.41,729.88,-18.21,BA,Nordeste,0.9543318927743532,1,Muito alto
4309803,43,73.35,61.8,752.95,-11.549999999999997,RS,Sul,0.9542494645178554,1,Muito alto
4300059,43,69.55,55.1,744.24,-14.449999999999996,RS,Sul,0.9542127531674943,1,Muito alto
2916401,29,52.38,32.22,722.16,-20.160000000000004,BA,Nordeste,0.9541531511939931,1,Muito alto
2911402,29,49.56,29.69,713.96,-19.87,BA,Nordeste,0.9539884353568358,1,Muito alto
4316204,43,80.0,75.3,767.14,-4.700000000000003,RS,Sul,0.9538956360434584,1,Muito alto
2907509,29,55.19,39.39,727.21,-15.799999999999997,BA,Nordeste,0.9537746510915952,1,Muito alto
2911600,29,50.34,29.08,717.39,-21.260000000000005,BA,Nordeste,0.9537560107469063,1,Muito alto
1303957,13,60.98,29.46,723.19,-31.519999999999996,AM,Norte,0.9537372669817248,1,Muito alto
2916104,29,51.35,28.57,721.47,-22.78,BA,Nordeste,0.9536869769250044,1,Muito alto
2927002,29,53.38,33.21,725.4,-20.17,BA,Nordeste,0.9535987480790179,1,Muito alto
2930154,29,49.76,26.65,717.23,-23.11,BA,Nordeste,0.9535713613417223,1,Muito alto
4320008,43,65.93,48.0,736.94,-17.930000000000007,RS,Sul,0.9534736054310475,1,Muito alto
1720150,17,80.0,61.9,750.13,-18.1,TO,Norte,0.9533196105917379,1,Muito alto
2911709,29,58.8,46.39,735.37,-12.409999999999997,BA,Nordeste,0.9532557507236743,1,Muito alto
1600154,16,70.64,44.22,736.23,-26.42,AP,Norte,0.9532247158942251,1,Muito alto
2933455,29,62.52,55.37,742.23,-7.150000000000006,BA,Nordeste,0.9530690632756306,1,Muito alto
2909307,29,50.18,26.64,719.11,-23.54,BA,Nordeste,0.9530257302711931,1,Muito alto
2927200,29,51.35,27.94,722.46,-23.41,BA,Nordeste,0.9528855138259673,1,Muito alto
2906600,29,57.5,41.67,734.49,-15.829999999999998,BA,Nordeste,0.9528022307481733,1,Muito alto
2906105,29,50.63,29.55,718.76,-21.080000000000002,BA,Nordeste,0.9527159543999048,1,Muito alto
4203105,42,76.83,27.3,722.46,-49.53,SC,Sul,0.9526728404792127,1,Muito alto
2512788,25,78.99,55.56,738.64,-23.429999999999993,PB,Nordeste,0.9523544927071226,1,Muito alto
4320503,43,66.38,47.2,739.94,-19.179999999999993,RS,Sul,0.9522680105695835,1,Muito alto
2927309,29,58.26,45.77,734.56,-12.489999999999995,BA,Nordeste,0.9521938766462654,1,Muito alto
4312385,43,80.0,76.9,767.06,-3.0999999999999943,RS,Sul,0.9521614431906831,1,Muito alto
4302204,43,80.0,74.0,769.25,-6.0,RS,Sul,0.9521284427370276,1,Muito alto
2923506,29,55.38,40.45,728.49,-14.93,BA,Nordeste,0.9516084825992874,1,Muito alto
2933059,29,46.92,20.73,712.74,-26.19,BA,Nordeste,0.9514450706704298,1,Muito alto
1300706,13,65.9,44.78,731.02,-21.120000000000005,AM,Norte,0.9513990579387563,1,Muito alto
2905909,29,50.15,28.04,719.03,-22.11,BA,Nordeste,0.951326517977105,1,Muito alto
4311734,43,70.62,55.2,749.93,-15.420000000000002,RS,Sul,0.9512541503675015,1,Muito alto
4304606,43,61.93,41.4,728.93,-20.53,RS,Sul,0.9510734961425912,1,Muito alto
4305975,43,68.76,52.3,745.71,-16.460000000000008,RS,Sul,0.9507058733311209,1,Muito alto
4311700,43,71.64,64.3,747.26,-7.340000000000003,RS,Sul,0.9505301000875896,1,Muito alto
4318101,43,65.31,45.6,738.36,-19.71,RS,Sul,0.9505133693808655,1,Muito alto
2922003,29,59.15,47.96,737.28,-11.189999999999998,BA,Nordeste,0.9503631269091517,1,Muito alto
2411106,24,65.33,35.0,727.19,-30.33,RN,Nordeste,0.9501532722985703,1,Muito alto
2905602,29,48.06,24.61,714.84,-23.450000000000003,BA,Nordeste,0.9500176294629676,1,Muito alto
4321709,43,63.49,42.2,734.63,-21.29,RS,Sul,0.9500044751505352,1,Muito alto
2703007,27,80.0,54.43,745.88,-25.57,AL,Nordeste,0.9499739521439764,1,Muito alto
2901403,29,51.2,28.44,723.38,-22.76,BA,Nordeste,0.9499409883415993,1,Muito alto
2901007,29,60.51,51.0,740.23,-9.509999999999998,BA,Nordeste,0.9498626669863306,1,Muito alto
2931608,29,57.92,44.76,735.59,-13.160000000000004,BA,Nordeste,0.9497611380144413,1,Muito alto
2107308,21,78.19,51.24,737.65,-26.949999999999996,MA,Nordeste,0.9496965103039083,1,Muito alto
4310405,43,70.86,57.7,749.9,-13.159999999999997,RS,Sul,0.9496668198080103,1,Muito alto
2921708,29,49.79,28.31,718.56,-21.48,BA,Nordeste,0.9496380096927198,1,Muito alto
2901700,29,47.97,25.76,713.97,-22.209999999999997,BA,Nordeste,0.949494939296423,1,Muito alto
2514453,25,65.74,27.36,713.65,-38.379999999999995,PB,Nordeste,0.949362730264238,1,Muito alto
4311502,43,65.1,45.7,738.24,-19.39999999999999,RS,Sul,0.9493343995059539,1,Muito alto
4314498,43,80.0,76.9,768.98,-3.0999999999999943,RS,Sul,0.9490342751970825,1,Muito alto
4315313,43,61.78,40.0,730.68,-21.78,RS,Sul,0.9490232720589707,1,Muito alto
2902807,29,58.1,47.17,734.95,-10.93,BA,Nordeste,0.9489076059404102,1,Muito alto
2902500,29,52.55,35.92,723.4,-16.629999999999995,BA,Nordeste,0.9487202723300553,1,Muito alto
3529708,35,69.35,29.09,717.43,-40.25999999999999,SP,Sudeste,0.9486155823930603,1,Muito alto
2411601,24,65.01,32.17,729.27,-32.84,RN,Nordeste,0.948279130202345,1,Muito alto
2107803,21,80.0,54.65,742.67,-25.35,MA,Nordeste,0.9479731244415427,1,Muito alto
2925105,29,55.58,42.93,729.62,-12.649999999999999,BA,Nordeste,0.9478647058574082,1,Muito alto
2211506,22,80.0,48.57,743.99,-31.43,PI,Nordeste,0.9477783350135119,1,Muito alto
2925303,29,57.5,45.5,734.84,-12.0,BA,Nordeste,0.9475257167506556,1,Muito alto
2908903,29,45.58,21.3,709.87,-24.279999999999998,BA,Nordeste,0.947444622353577,1,Muito alto
2930766,29,55.61,42.47,730.34,-13.14,BA,Nordeste,0.9474043302451822,1,Muito alto
2909703,29,55.94,43.75,730.66,-12.189999999999998,BA,Nordeste,0.9472594375179004,1,Muito alto
4302808,43,63.01,43.8,733.34,-19.21,RS,Sul,0.9472265647812732,1,Muito alto
4312658,43,70.55,58.2,749.86,-12.349999999999994,RS,Sul,0.947197850219008,1,Muito alto
4301701,43,80.0,76.6,770.38,-3.4000000000000057,RS,Sul,0.9470250248576659,1,Muito alto
4321436,43,71.07,60.3,750.27,-10.769999999999996,RS,Sul,0.9470244816630494,1,Muito alto
2928059,29,47.63,28.42,712.25,-19.21,BA,Nordeste,0.946941117190732,1,Muito alto
2207553,22,80.0,49.8,743.56,-30.200000000000003,PI,Nordeste,0.9469304950438603,1,Muito alto
4305447,43,73.83,69.0,754.03,-4.829999999999998,RS,Sul,0.9465285371941972,1,Muito alto
2906709,29,51.24,30.86,723.73,-20.380000000000003,BA,Nordeste,0.9465094675235307,1,Muito alto
2914703,29,54.29,41.07,727.22,-13.219999999999999,BA,Nordeste,0.9463439094312415,1,Muito alto
4315602,43,62.61,43.2,732.85,-19.409999999999997,RS,Sul,0.946338360899913,1,Muito alto
2904506,29,64.62,60.98,749.71,-3.6400000000000077,BA,Nordeste,0.9463162709978822,1,Muito alto
2921005,29,62.5,56.92,745.08,-5.579999999999998,BA,Nordeste,0.9463130033739032,1,Muito alto
4317301,43,63.84,45.4,735.79,-18.440000000000005,RS,Sul,0.9460977357406684,1,Muito alto
4311007,43,58.54,33.6,725.51,-24.939999999999998,RS,Sul,0.9459817715763253,1,Muito alto
2924801,29,54.9,40.58,730.17,-14.32,BA,Nordeste,0.9456759692291744,1,Muito alto
4312500,43,60.72,40.8,728.31,-19.92,RS,Sul,0.9454478976844483,1,Muito alto
2100709,21,75.01,41.33,736.08,-33.68000000000001,MA,Nordeste,0.9453508720489987,1,Muito alto
2925907,29,51.51,34.85,722.41,-16.659999999999997,BA,Nordeste,0.9452884856342807,1,Muito alto
2913903,29,47.77,25.15,716.15,-22.620000000000005,BA,Nordeste,0.9452646697452799,1,Muito alto
4312252,43,75.32,69.6,759.81,-5.719999999999999,RS,Sul,0.9450359651760524,1,Muito alto
2903003,29,52.1,32.43,726.55,-19.67,BA,Nordeste,0.9449362655354122,1,Muito alto
2901205,29,50.04,32.17,719.38,-17.869999999999997,BA,Nordeste,0.9447787928640258,1,Muito alto
1303106,13,60.73,32.8,725.2,-27.93,AM,Norte,0.9447092893450583,1,Muito alto
1507755,15,79.91,71.84,757.56,-8.069999999999993,PA,Norte,0.9447092437728932,1,Muito alto
2924207,29,44.06,20.45,706.72,-23.610000000000003,BA,Nordeste,0.9444064472269906,1,Muito alto
1720853,17,78.3,58.97,751.61,-19.33,TO,Norte,0.944168725516804,1,Muito alto
4218954,42,80.0,36.34,732.19,-43.66,SC,Sul,0.9441627036683634,1,Muito alto
2910404,29,54.03,37.25,730.38,-16.78,BA,Nordeste,0.9441111637593117,1,Muito alto
2902906,29,49.7,30.6,719.75,-19.1,BA,Nordeste,0.9440034555185972,1,Muito alto
4300851,43,64.87,55.0,733.5,-9.870000000000005,RS,Sul,0.9439994610818054,1,Muito alto
4315503,43,56.63,33.0,720.17,-23.630000000000003,RS,Sul,0.9439610441785511,1,Muito alto
1508050,15,73.69,62.19,742.75,-11.5,PA,Norte,0.9438485386189205,1,Muito alto
2916856,29,60.87,54.22,742.59,-6.649999999999999,BA,Nordeste,0.9438158156116068,1,Muito alto
2927903,29,57.93,47.31,737.22,-10.619999999999997,BA,Nordeste,0.9436383974681164,1,Muito alto
4306106,43,64.79,50.9,736.52,-13.890000000000008,RS,Sul,0.9435526910280416,1,Muito alto
4317756,43,77.99,77.2,764.63,-0.789999999999992,RS,Sul,0.9434904756499687,1,Muito alto
2900355,29,56.06,42.45,734.47,-13.61,BA,Nordeste,0.9429346980501514,1,Muito alto
2922755,29,60.01,48.98,744.09,-11.030000000000001,BA,Nordeste,0.9425300818137728,1,Muito alto
2933505,29,51.45,31.17,726.45,-20.28,BA,Nordeste,0.9425254230393478,1,Muito alto
4305116,43,75.89,75.0,759.2,-0.8900000000000006,RS,Sul,0.9425195030512319,1,Muito alto
5100359,51,80.0,48.84,733.08,-31.159999999999997,MT,Centro-Oeste,0.9424237940959669,1,Muito alto
2923605,29,57.62,48.94,735.65,-8.68,BA,Nordeste,0.942199624703238,1,Muito alto
2918803,29,57.42,45.45,737.54,-11.969999999999999,BA,Nordeste,0.9421939058455702,1,Muito alto
4308854,43,80.0,85.7,766.24,5.700000000000003,RS,Sul,0.9421872181235439,1,Muito alto
2929354,29,45.87,27.27,709.44,-18.599999999999998,BA,Nordeste,0.9420399273588792,1,Muito alto
2905404,29,50.33,32.87,721.66,-17.46,BA,Nordeste,0.941515658361694,1,Muito alto
1502608,15,62.76,37.22,723.24,-25.54,PA,Norte,0.9413142108569189,1,Muito alto
4310504,43,71.27,59.4,754.98,-11.869999999999997,RS,Sul,0.9409521114305492,1,Muito alto
4310579,43,80.0,76.5,773.8,-3.5,RS,Sul,0.9408913194136885,1,Muito alto
2927705,29,52.99,37.36,728.37,-15.630000000000003,BA,Nordeste,0.9406569377223648,1,Muito alto
2511905,25,77.17,51.59,741.72,-25.58,PB,Nordeste,0.9406384760260713,1,Muito alto
2922250,29,45.61,22.03,713.17,-23.58,BA,Nordeste,0.9406006207328192,1,Muito alto
2930709,29,54.58,42.14,730.63,-12.439999999999998,BA,Nordeste,0.9404943543302451,1,Muito alto
2910057,29,49.24,32.25,718.75,-16.990000000000002,BA,Nordeste,0.9404189772562862,1,Muito alto
2908101,29,58.82,51.69,738.9,-7.130000000000003,BA,Nordeste,0.940346826123426,1,Muito alto
2904050,29,52.79,34.0,730.36,-18.79,BA,Nordeste,0.9402679124340435,1,Muito alto
2902658,29,53.25,36.73,730.0,-16.520000000000003,BA,Nordeste,0.9402327883516948,1,Muito alto
2402709,24,66.78,40.95,733.59,-25.83,RN,Nordeste,0.9400938777416382,1,Muito alto
1303007,13,69.59,57.1,741.67,-12.490000000000002,AM,Norte,0.9398107475725689,1,Muito alto
2927408,29,52.03,36.75,725.82,-15.280000000000001,BA,Nordeste,0.9397473801379672,1,Muito alto
4311791,43,71.68,59.8,756.93,-11.88000000000001,RS,Sul,0.9394579411414608,1,Muito alto
4303673,43,80.0,80.8,771.32,0.7999999999999972,RS,Sul,0.9394545783685213,1,Muito alto
4320800,43,70.64,61.9,751.6,-8.740000000000002,RS,Sul,0.9394525866629567,1,Muito alto
2915304,29,47.11,25.0,717.01,-22.11,BA,Nordeste,0.9393566345176901,1,Muito alto
4311304,43,67.18,54.6,744.7,-12.580000000000005,RS,Sul,0.9391448548737212,1,Muito alto
2912707,29,45.82,22.06,714.76,-23.76,BA,Nordeste,0.9389258635596496,1,Muito alto
3553104,35,71.26,38.71,722.77,-32.550000000000004,SP,Sudeste,0.938223586062764,1,Muito alto
2901353,29,47.23,28.44,715.46,-18.789999999999996,BA,Nordeste,0.938182159734913,1,Muito alto
4300208,43,80.0,81.9,771.2,1.9000000000000057,RS,Sul,0.9380528204654631,1,Muito alto
2930600,29,47.13,25.69,717.3,-21.44,BA,Nordeste,0.9378901684472095,1,Muito alto
2904407,29,53.46,40.43,729.19,-13.030000000000001,BA,Nordeste,0.9378542471778705,1,Muito alto
2921906,29,53.87,38.82,731.92,-15.049999999999997,BA,Nordeste,0.9377678932585969,1,Muito alto
2410504,24,63.57,41.81,722.58,-21.759999999999998,RN,Nordeste,0.9376151842021037,1,Muito alto
3525854,35,77.47,50.81,736.53,-26.659999999999997,SP,Sudeste,0.937521747685524,1,Muito alto
1502004,15,61.22,33.12,722.73,-28.1,PA,Norte,0.9373741264539023,1,Muito alto
2928109,29,46.72,26.29,715.86,-20.43,BA,Nordeste,0.9368886637572759,1,Muito alto
2900207,29,43.32,18.24,709.61,-25.080000000000002,BA,Nordeste,0.9368321188686497,1,Muito alto
2901809,29,46.92,25.32,717.34,-21.6,BA,Nordeste,0.9368250215337363,1,Muito alto
2913606,29,46.65,26.35,715.61,-20.299999999999997,BA,Nordeste,0.9367899466332967,1,Muito alto
1506559,15,64.14,39.77,729.0,-24.369999999999997,PA,Norte,0.9359715672378205,1,Muito alto
2909406,29,53.23,41.9,728.24,-11.329999999999998,BA,Nordeste,0.9358397733489353,1,Muito alto
4321402,43,71.54,65.0,754.53,-6.540000000000006,RS,Sul,0.9353976547821281,1,Muito alto
1304237,13,56.94,30.02,718.44,-26.919999999999998,AM,Norte,0.9351913539509613,1,Muito alto
4316972,43,54.43,25.7,722.34,-28.73,RS,Sul,0.9347526493627729,1,Muito alto
4313359,43,80.0,83.3,771.8,3.299999999999997,RS,Sul,0.9346478009883389,1,Muito alto
4313037,43,80.0,80.7,773.84,0.7000000000000028,RS,Sul,0.9344456273934884,1,Muito alto
2903805,29,47.58,32.14,715.8,-15.439999999999998,BA,Nordeste,0.9343716179182504,1,Muito alto
2110237,21,80.0,54.17,750.14,-25.83,MA,Nordeste,0.9343714225081456,1,Muito alto
1301654,13,67.73,54.66,739.46,-13.070000000000007,AM,Norte,0.9343033334271542,1,Muito alto
2925501,29,48.75,28.97,722.49,-19.78,BA,Nordeste,0.9341869098568406,1,Muito alto
2903706,29,55.73,46.51,734.62,-9.219999999999999,BA,Nordeste,0.9341850623624863,1,Muito alto
4310009,43,66.47,55.7,743.73,-10.769999999999996,RS,Sul,0.9341636561141261,1,Muito alto
1507904,15,68.33,52.41,735.62,-15.920000000000002,PA,Norte,0.9340362254140238,1,Muito alto
2933208,29,52.02,38.27,727.47,-13.75,BA,Nordeste,0.9339568976142086,1,Muito alto
2901304,29,56.14,47.79,735.52,-8.350000000000001,BA,Nordeste,0.9333820936349209,1,Muito alto
2929602,29,64.4,64.52,752.92,0.11999999999999034,BA,Nordeste,0.9333067832580003,1,Muito alto
4323101,43,74.66,70.1,763.32,-4.560000000000002,RS,Sul,0.9325772104795945,1,Muito alto
4302220,43,74.08,66.7,763.87,-7.3799999999999955,RS,Sul,0.9323479990129913,1,Muito alto
4302709,43,60.63,44.8,731.62,-15.830000000000005,RS,Sul,0.9323003845408878,1,Muito alto
4315206,43,80.0,82.8,773.29,2.799999999999997,RS,Sul,0.9322426715927459,1,Muito alto
2926301,29,51.47,38.37,726.32,-13.100000000000001,BA,Nordeste,0.9319732204018201,1,Muito alto
1506005,15,64.73,43.28,730.4,-21.450000000000003,PA,Norte,0.9319252419355275,1,Muito alto
2105427,21,79.94,60.13,746.62,-19.809999999999995,MA,Nordeste,0.9318711265968254,1,Muito alto
4300604,43,57.39,37.0,726.06,-20.39,RS,Sul,0.9315835195907521,1,Muito alto
4308300,43,67.86,60.0,746.75,-7.859999999999999,RS,Sul,0.931538163366418,1,Muito alto
2923035,29,66.89,73.17,756.3,6.280000000000001,BA,Nordeste,0.9314632024127487,1,Muito alto
2904001,29,56.32,48.96,736.19,-7.359999999999999,BA,Nordeste,0.9314273723987115,1,Muito alto
2922656,29,45.83,26.14,715.35,-19.689999999999998,BA,Nordeste,0.9313465040572924,1,Muito alto
2206720,22,78.34,52.15,743.74,-26.190000000000005,PI,Nordeste,0.9312515150600246,1,Muito alto
2914653,29,45.71,24.92,715.93,-20.79,BA,Nordeste,0.9311209043447605,1,Muito alto
4316303,43,77.0,76.0,768.08,-1.0,RS,Sul,0.9310148921242213,1,Muito alto
2506707,25,71.23,39.64,733.89,-31.590000000000003,PB,Nordeste,0.9308112314066166,1,Muito alto
3512902,35,80.0,56.46,744.63,-23.54,SP,Sudeste,0.9307516481759549,1,Muito alto
2926707,29,60.08,55.74,745.05,-4.339999999999996,BA,Nordeste,0.9306918403266009,1,Muito alto
5105234,51,80.0,51.5,736.91,-28.5,MT,Centro-Oeste,0.9304384735019315,1,Muito alto
4309506,43,73.38,67.5,761.68,-5.8799999999999955,RS,Sul,0.9302607156422205,1,Muito alto
2929206,29,44.81,25.66,712.51,-19.150000000000002,BA,Nordeste,0.9302501966812254,1,Muito alto
2906808,29,44.53,23.19,713.35,-21.34,BA,Nordeste,0.9302381700463758,1,Muito alto
2918555,29,49.51,31.58,725.17,-17.93,BA,Nordeste,0.9300545461192955,1,Muito alto
4305504,43,80.0,85.7,772.12,5.700000000000003,RS,Sul,0.9300200677179091,1,Muito alto
2919504,29,51.48,38.06,727.47,-13.419999999999995,BA,Nordeste,0.9300075103062244,1,Muito alto
2903201,29,51.14,36.09,727.8,-15.049999999999997,BA,Nordeste,0.9298122182878282,1,Muito alto
2413003,24,68.46,47.83,739.41,-20.629999999999995,RN,Nordeste,0.9297975989926468,1,Muito alto
2917003,29,42.9,21.05,709.28,-21.849999999999998,BA,Nordeste,0.9297287666711139,1,Muito alto
2414803,24,65.66,43.56,732.58,-22.099999999999994,RN,Nordeste,0.9295605188722963,1,Muito alto
4307450,43,80.0,80.1,776.57,0.09999999999999432,RS,Sul,0.9294276591314199,1,Muito alto
2507408,25,62.12,23.83,713.51,-38.29,PB,Nordeste,0.9291213331028295,1,Muito alto
2201804,22,80.0,55.0,748.58,-25.0,PI,Nordeste,0.9290722483974045,1,Muito alto
2920403,29,52.32,41.67,728.25,-10.649999999999999,BA,Nordeste,0.9290034812549398,1,Muito alto
2908200,29,46.19,27.46,716.71,-18.729999999999997,BA,Nordeste,0.9289915789592292,1,Muito alto
1300102,13,77.19,77.45,759.04,0.2600000000000051,AM,Norte,0.9289882259393789,1,Muito alto
2500601,25,64.73,30.75,717.93,-33.980000000000004,PB,Nordeste,0.9287666460167489,1,Muito alto
2926657,29,57.87,52.63,740.28,-5.239999999999995,BA,Nordeste,0.9286551015875755,1,Muito alto
3516002,35,80.0,54.56,747.03,-25.439999999999998,SP,Sudeste,0.9285305791762313,1,Muito alto
1300144,13,64.37,49.25,734.24,-15.120000000000005,AM,Norte,0.9278803120697772,1,Muito alto
3556909,35,80.0,52.86,748.6,-27.14,SP,Sudeste,0.927840414612843,1,Muito alto
2408805,24,57.7,28.27,716.03,-29.430000000000003,RN,Nordeste,0.9277050982557616,1,Muito alto
2903409,29,49.47,33.93,724.3,-15.54,BA,Nordeste,0.9276882537380702,1,Muito alto
2512804,25,72.59,44.22,736.89,-28.370000000000005,PB,Nordeste,0.9273691628910997,1,Muito alto
2404853,24,64.47,40.01,731.93,-24.46,RN,Nordeste,0.9272564982050244,1,Muito alto
4308433,43,67.03,55.2,749.29,-11.829999999999998,RS,Sul,0.9270908315290384,1,Muito alto
2921401,29,47.84,29.41,722.08,-18.430000000000003,BA,Nordeste,0.9269979302341285,1,Muito alto
2932408,29,47.33,27.71,721.59,-19.619999999999997,BA,Nordeste,0.9268022217381937,1,Muito alto
4302659,43,69.68,57.5,757.31,-12.180000000000007,RS,Sul,0.9267275629363658,1,Muito alto
2904803,29,58.71,50.0,746.28,-8.71,BA,Nordeste,0.926335501158364,1,Muito alto
2517407,25,80.0,64.73,748.99,-15.269999999999996,PB,Nordeste,0.9258666911824841,1,Muito alto
3518859,35,69.51,33.82,725.8,-35.690000000000005,SP,Sudeste,0.9257126556665505,1,Muito alto
2921054,29,53.91,42.52,734.84,-11.389999999999993,BA,Nordeste,0.9255550099363365,1,Muito alto
4313656,43,62.15,45.2,739.81,-16.949999999999996,RS,Sul,0.9254499588886693,1,Muito alto
2407708,24,65.63,44.2,733.83,-21.429999999999993,RN,Nordeste,0.9252710227833744,1,Muito alto
2909901,29,44.5,22.94,715.79,-21.56,BA,Nordeste,0.9247303097855832,1,Muito alto
2511707,25,80.0,56.06,756.04,-23.939999999999998,PB,Nordeste,0.9245098348658347,1,Muito alto
4309951,43,72.34,70.6,758.09,-1.740000000000009,RS,Sul,0.924442088395951,1,Muito alto
2104073,21,80.0,65.38,746.14,-14.620000000000005,MA,Nordeste,0.9244036043100673,1,Muito alto
1101476,11,80.0,57.63,742.13,-22.369999999999997,RO,Norte,0.9243563980193208,1,Muito alto
2907608,29,45.5,25.64,717.59,-19.86,BA,Nordeste,0.9242404541316775,1,Muito alto
4304804,43,71.4,64.9,759.04,-6.5,RS,Sul,0.9242315031141429,1,Muito alto
1718402,17,72.77,57.83,741.94,-14.939999999999998,TO,Norte,0.9240751135520625,1,Muito alto
4302253,43,75.37,75.0,766.2,-0.37000000000000455,RS,Sul,0.9233671053875365,1,Muito alto
2923209,29,51.24,39.29,728.62,-11.950000000000003,BA,Nordeste,0.9230743571785809,1,Muito alto
2914802,29,46.12,29.75,717.25,-16.369999999999997,BA,Nordeste,0.9230379165439182,1,Muito alto
2900900,29,45.78,23.91,720.41,-21.87,BA,Nordeste,0.9229844010911211,1,Muito alto
2912509,29,55.69,46.81,739.19,-8.879999999999995,BA,Nordeste,0.9228328838142364,1,Muito alto
2412005,24,61.37,32.48,728.28,-28.89,RN,Nordeste,0.9226055669880501,1,Muito alto
2918407,29,45.77,29.31,716.5,-16.460000000000004,BA,Nordeste,0.9225759269682838,1,Muito alto
4311601,43,75.34,73.9,767.3,-1.4399999999999977,RS,Sul,0.9224147507156373,1,Muito alto
3542909,35,79.46,53.4,748.58,-26.059999999999995,SP,Sudeste,0.9222195540265271,1,Muito alto
2917359,29,53.32,43.16,733.69,-10.160000000000004,BA,Nordeste,0.9219815891563613,1,Muito alto
2513968,25,80.0,54.55,758.22,-25.450000000000003,PB,Nordeste,0.9219264382511705,1,Muito alto
2929008,29,46.51,31.33,717.97,-15.18,BA,Nordeste,0.9218189059637163,1,Muito alto
2909802,29,48.56,33.56,723.75,-15.0,BA,Nordeste,0.9217374489845567,1,Muito alto
1719004,17,58.46,24.65,715.95,-33.81,TO,Norte,0.9217164849040796,1,Muito alto
1507979,15,73.61,65.58,750.19,-8.030000000000001,PA,Norte,0.9217082168640539,1,Muito alto
2921500,29,45.54,27.49,717.48,-18.05,BA,Nordeste,0.9214517265565243,1,Muito alto
1302900,13,61.93,45.97,730.6,-15.96,AM,Norte,0.9212726792420642,1,Muito alto
2907558,29,57.64,50.85,743.88,-6.789999999999999,BA,Nordeste,0.9211911515776016,1,Muito alto
2100303,21,71.73,45.37,732.58,-26.360000000000007,MA,Nordeste,0.9209691653369867,1,Muito alto
2915502,29,48.35,34.09,723.03,-14.259999999999998,BA,Nordeste,0.9206391550815876,1,Muito alto
4323606,43,80.0,85.7,776.19,5.700000000000003,RS,Sul,0.9202534771379072,1,Muito alto
2932705,29,44.8,26.42,716.11,-18.379999999999995,BA,Nordeste,0.9201705454230719,1,Muito alto
2920601,29,58.0,54.49,742.93,-3.509999999999998,BA,Nordeste,0.91999818618412,1,Muito alto
2928802,29,46.98,31.86,720.04,-15.119999999999997,BA,Nordeste,0.9198812941718559,1,Muito alto
1300409,13,58.82,38.21,725.85,-20.61,AM,Norte,0.9195048361270891,1,Muito alto
2908002,29,50.58,39.13,727.8,-11.449999999999996,BA,Nordeste,0.9194312277835857,1,Muito alto
1718899,17,68.59,43.12,739.69,-25.470000000000006,TO,Norte,0.9194026454808828,1,Muito alto
1508159,15,70.15,60.84,742.23,-9.310000000000002,PA,Norte,0.9191409928029102,1,Muito alto
2932804,29,47.93,33.04,723.04,-14.89,BA,Nordeste,0.918732982564069,1,Muito alto
2914901,29,46.71,31.19,720.13,-15.52,BA,Nordeste,0.9184233553186426,1,Muito alto
4321329,43,80.0,81.5,780.16,1.5,RS,Sul,0.9181184175523889,1,Muito alto
1508084,15,65.7,48.54,735.75,-17.160000000000004,PA,Norte,0.9180597535353481,1,Muito alto
2903276,29,54.19,46.15,736.17,-8.04,BA,Nordeste,0.917973971862943,1,Muito alto
2917508,29,45.4,28.49,717.59,-16.91,BA,Nordeste,0.9179566012714109,1,Muito alto
2707800,27,69.39,45.95,729.11,-23.439999999999998,AL,Nordeste,0.9179072063322059,1,Muito alto
2109270,21,68.35,39.6,725.87,-28.749999999999993,MA,Nordeste,0.917883849070722,1,Muito alto
1720499,17,70.19,46.24,743.79,-23.949999999999996,TO,Norte,0.9177261162162327,1,Muito alto
1504752,15,63.3,43.72,730.9,-19.58,PA,Norte,0.9174673854956875,1,Muito alto
4111308,41,78.15,40.32,738.22,-37.830000000000005,PR,Sul,0.9170778220374374,1,Muito alto
2910701,29,47.32,32.37,722.01,-14.950000000000003,BA,Nordeste,0.9169662534909419,1,Muito alto
2924306,29,54.27,45.33,737.46,-8.940000000000005,BA,Nordeste,0.9169565739086869,1,Muito alto
1301852,13,56.45,34.35,721.23,-22.1,AM,Norte,0.9167253099685359,1,Muito alto
4321105,43,65.57,59.3,745.14,-6.269999999999996,RS,Sul,0.9166133591487529,1,Muito alto
1504422,15,64.73,48.97,732.5,-15.760000000000005,PA,Norte,0.916532228868073,1,Muito alto
2918001,29,51.06,39.48,730.47,-11.580000000000005,BA,Nordeste,0.9163048727586323,1,Muito alto
1710508,17,66.81,41.1,736.04,-25.71,TO,Norte,0.9160558515914302,1,Muito alto
2107902,21,77.72,58.43,746.47,-19.29,MA,Nordeste,0.9157930149825907,1,Muito alto
1708205,17,68.94,45.42,740.93,-23.519999999999996,TO,Norte,0.9149381450815016,1,Muito alto
4302907,43,60.3,49.0,734.45,-11.299999999999997,RS,Sul,0.9148223322199802,1,Muito alto
2900603,29,44.16,26.32,715.95,-17.839999999999996,BA,Nordeste,0.9147057550213791,1,Muito alto
2508208,25,71.54,42.8,739.19,-28.74000000000001,PB,Nordeste,0.9146863038271467,1,Muito alto
1100080,11,80.0,59.63,744.47,-20.369999999999997,RO,Norte,0.9145095512853111,1,Muito alto
4315552,43,80.0,85.7,778.43,5.700000000000003,RS,Sul,0.9143608745465138,1,Muito alto
2914604,29,54.14,46.83,736.86,-7.310000000000002,BA,Nordeste,0.914297462235622,1,Muito alto
1712405,17,54.57,19.44,708.64,-35.129999999999995,TO,Norte,0.9142391752207004,1,Muito alto
2902054,29,50.14,38.26,728.89,-11.880000000000003,BA,Nordeste,0.9140552809124393,1,Muito alto
2903904,29,47.96,34.55,723.83,-13.410000000000004,BA,Nordeste,0.9139170510264262,1,Muito alto
2910008,29,51.02,41.07,730.15,-9.950000000000003,BA,Nordeste,0.9135672594995541,1,Muito alto
2109452,21,71.84,48.35,733.69,-23.490000000000002,MA,Nordeste,0.9132162570359045,1,Muito alto
4317103,43,59.6,44.5,736.0,-15.100000000000001,RS,Sul,0.9128660732268994,1,Muito alto
2905107,29,49.14,36.71,726.92,-12.43,BA,Nordeste,0.912716135235193,1,Muito alto
2906006,29,50.23,39.03,729.15,-11.199999999999996,BA,Nordeste,0.9126540194004098,1,Muito alto
2207777,22,80.0,63.04,749.17,-16.96,PI,Nordeste,0.9124098232380284,1,Muito alto
2404309,24,65.07,48.2,733.8,-16.86999999999999,RN,Nordeste,0.9123908960611755,1,Muito alto
2919207,29,44.48,28.75,716.14,-15.729999999999997,BA,Nordeste,0.9123765801084339,1,Muito alto
2907707,29,48.5,36.19,725.19,-12.310000000000002,BA,Nordeste,0.9121725888759812,1,Muito alto
2917607,29,57.21,53.7,743.62,-3.509999999999998,BA,Nordeste,0.912115490642254,1,Muito alto
2410256,24,65.41,42.47,739.43,-22.939999999999998,RN,Nordeste,0.9120735839670284,1,Muito alto
2512606,25,72.62,45.45,742.16,-27.17,PB,Nordeste,0.9118129978874402,1,Muito alto
1500131,15,66.38,54.88,735.8,-11.499999999999993,PA,Norte,0.9117629752873961,1,Muito alto
2910750,29,54.5,49.57,737.07,-4.93,BA,Nordeste,0.9116591970910622,1,Muito alto
2929255,29,47.41,33.54,723.47,-13.869999999999997,BA,Nordeste,0.9115012743138601,1,Muito alto
2106805,21,80.0,69.37,748.4,-10.629999999999995,MA,Nordeste,0.9106660133704062,1,Muito alto
4311908,43,75.3,77.7,768.78,2.4000000000000057,RS,Sul,0.9105723190932911,1,Muito alto
2406304,24,58.2,28.89,724.05,-29.310000000000002,RN,Nordeste,0.9105508160202738,1,Muito alto
2930501,29,40.59,19.92,709.36,-20.67,BA,Nordeste,0.9104534464132868,1,Muito alto
1100262,11,80.0,62.81,743.58,-17.189999999999998,RO,Norte,0.9103846303383516,1,Muito alto
4301404,43,66.42,63.2,747.64,-3.219999999999999,RS,Sul,0.9101879262483438,1,Muito alto
2515203,25,80.0,69.29,751.61,-10.709999999999994,PB,Nordeste,0.9101639552525772,1,Muito alto
4303509,43,65.58,56.4,749.8,-9.18,RS,Sul,0.9098689569471852,1,Muito alto
1300060,13,68.27,64.58,743.93,-3.6899999999999977,AM,Norte,0.9097035611997596,1,Muito alto
2922854,29,46.37,27.03,725.24,-19.339999999999996,BA,Nordeste,0.9096291346506578,1,Muito alto
1505502,15,68.12,56.72,741.52,-11.400000000000006,PA,Norte,0.909498105430763,1,Muito alto
1506583,15,62.25,42.45,730.99,-19.799999999999997,PA,Norte,0.9094128835805947,1,Muito alto
2906402,29,45.56,30.77,719.62,-14.790000000000003,BA,Nordeste,0.9093223220197528,1,Muito alto
2209302,22,80.0,55.68,755.8,-24.32,PI,Nordeste,0.9092402540385875,1,Muito alto
2916906,29,47.15,30.0,726.0,-17.15,BA,Nordeste,0.9091717704546832,1,Muito alto
2911303,29,56.33,54.32,741.04,-2.009999999999998,BA,Nordeste,0.9091026481482872,1,Muito alto
2209757,22,77.52,60.71,743.27,-16.809999999999995,PI,Nordeste,0.9086569436371086,1,Muito alto
2514206,25,80.0,59.52,759.45,-20.479999999999997,PB,Nordeste,0.9086425041682626,1,Muito alto
1500800,15,65.86,52.74,736.63,-13.119999999999997,PA,Norte,0.9086143897574688,1,Muito alto
2104552,21,80.0,67.46,750.59,-12.540000000000006,MA,Nordeste,0.9084936718301194,1,Muito alto
2916708,29,48.34,34.25,727.43,-14.090000000000003,BA,Nordeste,0.9082961184038743,1,Muito alto
2501302,25,71.77,44.46,741.29,-27.309999999999995,PB,Nordeste,0.9076420032837208,1,Muito alto
2104677,21,77.35,60.92,746.34,-16.429999999999993,MA,Nordeste,0.9072049202327974,1,Muito alto
2802007,28,52.17,19.53,713.61,-32.64,SE,Nordeste,0.9071874108386023,1,Muito alto
2901957,29,50.4,43.24,728.54,-7.159999999999997,BA,Nordeste,0.9071842172895994,1,Muito alto
2915007,29,53.62,45.45,738.54,-8.169999999999995,BA,Nordeste,0.9071684723672032,1,Muito alto
5103106,51,79.08,52.39,741.98,-26.689999999999998,MT,Centro-Oeste,0.9071227141906805,1,Muito alto
2932903,29,45.66,31.89,719.97,-13.769999999999996,BA,Nordeste,0.9069315430604454,1,Muito alto
2919306,29,49.76,37.66,730.58,-12.100000000000001,BA,Nordeste,0.9066530579495284,1,Muito alto
1302405,13,69.37,66.7,747.43,-2.6700000000000017,AM,Norte,0.9064996727401131,1,Muito alto
1505064,15,63.57,47.88,732.76,-15.689999999999998,PA,Norte,0.9063471126396584,1,Muito alto
1501576,15,65.25,51.82,735.91,-13.43,PA,Norte,0.9062882252763085,1,Muito alto
4322004,43,71.02,68.5,761.75,-2.519999999999996,RS,Sul,0.9060348876081591,1,Muito alto
4121356,41,78.61,56.92,731.5,-21.689999999999998,PR,Sul,0.9057994561268135,1,Muito alto
2205201,22,79.28,58.67,752.18,-20.61,PI,Nordeste,0.9056837876677677,1,Muito alto
2928901,29,56.06,54.07,741.49,-1.990000000000002,BA,Nordeste,0.9054855752766351,1,Muito alto
2512903,25,78.47,60.02,754.71,-18.449999999999996,PB,Nordeste,0.9052213253812488,1,Muito alto
2916807,29,51.29,41.07,734.07,-10.219999999999999,BA,Nordeste,0.9051562274430113,1,Muito alto
4322905,43,80.0,86.9,780.8,6.900000000000006,RS,Sul,0.9050569310113223,1,Muito alto
3528700,35,74.09,48.33,739.35,-25.760000000000005,SP,Sudeste,0.9047167412589416,1,Muito alto
1505031,15,67.45,56.8,740.76,-10.650000000000006,PA,Norte,0.9044546588064798,1,Muito alto
2100436,21,73.29,51.5,739.64,-21.790000000000006,MA,Nordeste,0.9044221394364611,1,Muito alto
2921609,29,46.27,28.89,725.4,-17.380000000000003,BA,Nordeste,0.9040231736421009,1,Muito alto
2903102,29,51.27,39.62,735.64,-11.650000000000006,BA,Nordeste,0.9034818703986331,1,Muito alto
2902609,29,49.85,36.78,732.69,-13.07,BA,Nordeste,0.9032932639980583,1,Muito alto
2900702,29,47.72,36.64,725.1,-11.079999999999998,BA,Nordeste,0.9032626983169939,1,Muito alto
2508802,25,72.08,48.74,740.71,-23.339999999999996,PB,Nordeste,0.9031861651657966,1,Muito alto
2107001,21,74.01,55.27,739.9,-18.740000000000002,MA,Nordeste,0.902986816391323,1,Muito alto
2906303,29,43.93,28.68,717.6,-15.25,BA,Nordeste,0.9024850515217606,1,Muito alto
2914406,29,51.82,44.24,734.77,-7.579999999999998,BA,Nordeste,0.9016632451805187,1,Muito alto
2910800,29,46.42,33.19,723.52,-13.230000000000004,BA,Nordeste,0.9016072880685028,1,Muito alto
2401107,24,61.3,39.95,730.1,-21.349999999999994,RN,Nordeste,0.9013678828498293,1,Muito alto
1708304,17,62.2,40.0,725.36,-22.200000000000003,TO,Norte,0.9011850411424898,1,Muito alto
2503803,25,63.11,32.4,721.16,-30.71,PB,Nordeste,0.9011187940235215,1,Muito alto
2200459,22,72.04,41.74,740.24,-30.300000000000004,PI,Nordeste,0.9008779087881791,1,Muito alto
3508207,35,80.0,56.29,756.13,-23.71,SP,Sudeste,0.9005841369608322,1,Muito alto
2105658,21,80.0,67.86,752.99,-12.14,MA,Nordeste,0.9004053016775181,1,Muito alto
2905701,29,47.7,36.56,726.1,-11.14,BA,Nordeste,0.9001495317659436,1,Muito alto
2910727,29,48.55,38.37,727.84,-10.18,BA,Nordeste,0.9000898108572839,1,Muito alto
2913705,29,44.36,30.13,719.02,-14.23,BA,Nordeste,0.8995484970278248,1,Muito alto
2203859,22,80.0,54.55,759.92,-25.450000000000003,PI,Nordeste,0.8994185204951027,1,Muito alto
2505907,25,70.1,38.1,742.74,-31.999999999999993,PB,Nordeste,0.8993782599239232,1,Muito alto
2930204,29,41.68,24.24,713.82,-17.44,BA,Nordeste,0.8992699711748802,1,Muito alto
2413904,24,50.04,17.68,707.01,-32.36,RN,Nordeste,0.8982936566219286,1,Muito alto
2510907,25,67.74,40.28,732.93,-27.459999999999994,PB,Nordeste,0.8982507189247906,1,Muito alto
4303608,43,66.5,63.6,751.63,-2.8999999999999986,RS,Sul,0.898180119418707,1,Muito alto
4309258,43,69.21,66.7,759.19,-2.509999999999991,RS,Sul,0.8979390597189539,1,Muito alto
2932200,29,44.61,31.13,719.69,-13.48,BA,Nordeste,0.8979267273709247,1,Muito alto
2924603,29,48.19,39.19,726.77,-9.0,BA,Nordeste,0.8974206155153639,1,Muito alto
2916609,29,45.64,36.62,719.52,-9.020000000000003,BA,Nordeste,0.8972551753745727,1,Muito alto
4314787,43,66.5,57.9,756.33,-8.600000000000001,RS,Sul,0.8967866642776492,1,Muito alto
2915205,29,50.34,44.21,731.07,-6.130000000000003,BA,Nordeste,0.8965303639325006,1,Muito alto
2931509,29,43.13,29.57,716.01,-13.560000000000002,BA,Nordeste,0.8963041201471547,1,Muito alto
2100402,21,80.0,73.02,750.47,-6.980000000000004,MA,Nordeste,0.8961595478059591,1,Muito alto
1504802,15,62.46,46.69,733.04,-15.770000000000003,PA,Norte,0.8958269137065581,1,Muito alto
2403608,24,58.39,34.55,725.44,-23.840000000000003,RN,Nordeste,0.8955869232711531,1,Muito alto
2926400,29,54.24,52.53,739.37,-1.7100000000000009,BA,Nordeste,0.8951846563384344,1,Muito alto
1502202,15,67.83,59.49,743.14,-8.339999999999996,PA,Norte,0.8950170532338723,1,Muito alto
2930402,29,46.32,36.67,722.65,-9.649999999999999,BA,Nordeste,0.8949697121331112,1,Muito alto
2411429,24,61.37,40.91,731.68,-20.46,RN,Nordeste,0.894878783969656,1,Muito alto
2110856,21,68.26,42.73,731.09,-25.53000000000001,MA,Nordeste,0.8947607674732861,1,Muito alto
4320263,43,76.51,84.9,772.99,8.39,RS,Sul,0.8946925507238715,1,Muito alto
1302603,13,61.28,50.13,734.42,-11.149999999999999,AM,Norte,0.8945151992063188,1,Muito alto
2906907,29,53.33,49.78,738.47,-3.549999999999997,BA,Nordeste,0.8940898081948346,1,Muito alto
1508035,15,58.72,37.16,727.27,-21.560000000000002,PA,Norte,0.8937680960083488,1,Muito alto
2207751,22,80.0,64.51,754.37,-15.489999999999995,PI,Nordeste,0.8932969544750663,1,Muito alto
1301159,13,51.19,27.35,715.37,-23.839999999999996,AM,Norte,0.8931671911129256,1,Muito alto
2925709,29,45.13,31.78,722.56,-13.350000000000001,BA,Nordeste,0.8931394557509941,1,Muito alto
4314308,43,67.47,62.5,757.53,-4.969999999999999,RS,Sul,0.8930947637381879,1,Muito alto
2919108,29,37.8,19.57,705.24,-18.229999999999997,BA,Nordeste,0.8929343822236757,1,Muito alto
1700350,17,80.0,76.09,765.37,-3.9099999999999966,TO,Norte,0.892800810932412,1,Muito alto
2930907,29,49.5,43.31,729.98,-6.189999999999998,BA,Nordeste,0.8923533771002552,1,Muito alto
4302006,43,60.49,46.9,744.2,-13.590000000000003,RS,Sul,0.8922631602791421,1,Muito alto
1301902,13,57.21,42.66,726.1,-14.550000000000004,AM,Norte,0.8918174715857989,1,Muito alto
2902302,29,58.32,60.0,749.68,1.6799999999999997,BA,Nordeste,0.8914190442995191,1,Muito alto
1503606,15,67.16,59.22,742.01,-7.939999999999998,PA,Norte,0.8914049391088016,1,Muito alto
2102507,21,62.0,34.1,716.13,-27.9,MA,Nordeste,0.8906772179098762,1,Muito alto
2906501,29,46.98,36.67,726.4,-10.309999999999995,BA,Nordeste,0.8904424173630362,1,Muito alto
2931202,29,51.79,47.52,735.83,-4.269999999999996,BA,Nordeste,0.8899459009585611,1,Muito alto
1717008,17,57.98,33.88,718.17,-24.099999999999994,TO,Norte,0.8898420242689032,1,Muito alto
2933604,29,45.64,32.25,725.14,-13.39,BA,Nordeste,0.8894873834198685,1,Muito alto
2925402,29,42.98,27.54,719.14,-15.439999999999998,BA,Nordeste,0.8891493061571976,1,Muito alto
1501451,15,66.91,57.61,743.09,-9.299999999999997,PA,Norte,0.8887572407632044,1,Muito alto
4300109,43,63.92,56.9,750.17,-7.020000000000003,RS,Sul,0.888736800306743,1,Muito alto
2106508,21,69.13,46.67,733.22,-22.459999999999994,MA,Nordeste,0.8882870877413961,1,Muito alto
2506103,25,66.97,41.67,732.15,-25.299999999999997,PB,Nordeste,0.8881812809784948,1,Muito alto
2926608,29,48.37,40.72,729.1,-7.649999999999999,BA,Nordeste,0.8880463012807074,1,Muito alto
2900108,29,48.51,42.42,728.35,-6.089999999999996,BA,Nordeste,0.8879940808998229,1,Muito alto
2912905,29,47.09,37.44,726.94,-9.650000000000006,BA,Nordeste,0.8879884772698644,1,Muito alto
3532157,35,66.01,36.18,724.49,-29.830000000000005,SP,Sudeste,0.8877136643182437,1,Muito alto
1718204,17,64.37,44.11,734.37,-20.260000000000005,TO,Norte,0.8873092929507074,1,Muito alto
2506806,25,64.71,37.97,727.08,-26.739999999999995,PB,Nordeste,0.8870129531681907,1,Muito alto
1505536,15,62.71,49.49,734.55,-13.219999999999999,PA,Norte,0.886755621253827,1,Muito alto
2908507,29,48.3,37.5,731.68,-10.799999999999997,BA,Nordeste,0.8865729085621531,1,Muito alto
2925600,29,36.86,20.0,703.39,-16.86,BA,Nordeste,0.886565549166083,1,Muito alto
4108502,41,79.32,55.52,741.13,-23.79999999999999,PR,Sul,0.8864243695169033,1,Muito alto
2901106,29,50.77,47.14,733.59,-3.6300000000000026,BA,Nordeste,0.8859230958649956,1,Muito alto
2107100,21,80.0,66.98,758.04,-13.019999999999996,MA,Nordeste,0.8858840182817098,1,Muito alto
2920007,29,44.65,32.56,722.37,-12.089999999999996,BA,Nordeste,0.8858800393284253,1,Muito alto
1302504,13,55.57,37.28,725.94,-18.29,AM,Norte,0.8858252566027732,1,Muito alto
2501906,25,64.37,34.72,728.69,-29.650000000000006,PB,Nordeste,0.8855831774447792,1,Muito alto
2914000,29,44.77,34.46,721.51,-10.310000000000002,BA,Nordeste,0.88543357401091,1,Muito alto
1717909,17,58.11,30.99,722.08,-27.12,TO,Norte,0.8854197789484957,1,Muito alto
5003157,50,79.28,60.75,746.04,-18.53,MS,Centro-Oeste,0.8851557475193528,1,Muito alto
2508000,25,70.5,47.76,741.32,-22.740000000000002,PB,Nordeste,0.8848440528806091,1,Muito alto
2502151,25,72.18,49.49,746.11,-22.690000000000005,PB,Nordeste,0.8848194147426363,1,Muito alto
2504801,25,71.18,48.71,743.13,-22.470000000000006,PB,Nordeste,0.884628851605905,1,Muito alto
2209807,22,80.0,64.04,757.36,-15.959999999999994,PI,Nordeste,0.8842526274863303,1,Muito alto
1505635,15,65.37,57.18,739.17,-8.190000000000005,PA,Norte,0.8841164202146736,1,Muito alto
4116000,41,77.92,51.38,739.83,-26.54,PR,Sul,0.8840717165332453,1,Muito alto
3305307,33,68.95,49.68,736.9,-19.270000000000003,RJ,Sudeste,0.8838881462611046,1,Muito alto
2508307,25,70.83,46.71,743.63,-24.119999999999997,PB,Nordeste,0.8836690265741692,1,Muito alto
4124004,41,78.78,54.43,740.85,-24.35,PR,Sul,0.8833927754074193,1,Muito alto
1506195,15,65.15,54.76,740.49,-10.390000000000008,PA,Norte,0.883025364374102,1,Muito alto
5103809,51,80.0,58.78,748.0,-21.22,MT,Centro-Oeste,0.8828585000903244,1,Muito alto
2512721,25,57.98,23.99,714.41,-33.989999999999995,PB,Nordeste,0.8827096478745061,1,Muito alto
2912608,29,35.65,15.62,703.39,-20.03,BA,Nordeste,0.8826678590891466,1,Muito alto
3527009,35,77.96,61.13,750.49,-16.82999999999999,SP,Sudeste,0.8826528568766818,1,Muito alto
2922805,29,47.23,34.65,731.15,-12.579999999999998,BA,Nordeste,0.8822869245881984,1,Muito alto
4323457,43,59.11,44.0,744.3,-15.11,RS,Sul,0.8821210300558823,1,Muito alto
2933000,29,46.64,37.25,727.23,-9.39,BA,Nordeste,0.8817130870145851,1,Muito alto
2203602,22,80.0,65.85,756.74,-14.150000000000006,PI,Nordeste,0.8816212953782339,1,Muito alto
2512408,25,76.9,62.11,754.64,-14.790000000000006,PB,Nordeste,0.8816137352491781,1,Muito alto
1502954,15,61.74,50.59,731.68,-11.149999999999999,PA,Norte,0.881563077328517,1,Muito alto
2929750,29,54.98,52.63,746.09,-2.3499999999999943,BA,Nordeste,0.8810029751393004,1,Muito alto
3542404,35,78.4,61.09,752.59,-17.310000000000002,SP,Sudeste,0.8809225301522254,1,Muito alto
1501303,15,57.38,39.5,724.39,-17.880000000000003,PA,Norte,0.8808865789809541,1,Muito alto
2502300,25,70.07,45.24,742.89,-24.82999999999999,PB,Nordeste,0.8803855116863076,1,Muito alto
2207603,22,71.58,47.35,740.46,-24.229999999999997,PI,Nordeste,0.8803848338853609,1,Muito alto
2928505,29,41.88,27.63,717.59,-14.250000000000004,BA,Nordeste,0.8803212011131285,1,Muito alto
2908408,29,43.58,30.94,721.36,-12.639999999999997,BA,Nordeste,0.8799683163987579,1,Muito alto
1506807,15,63.11,51.29,736.55,-11.82,PA,Norte,0.8799676059170726,1,Muito alto
2902708,29,42.06,28.48,717.74,-13.580000000000002,BA,Nordeste,0.8798280962656388,1,Muito alto
2803005,28,65.87,58.61,742.32,-7.260000000000005,SE,Nordeste,0.8796260983232896,1,Muito alto
2706448,27,62.1,35.8,722.74,-26.300000000000004,AL,Nordeste,0.8790826130358388,1,Muito alto
4117404,41,80.0,57.5,744.18,-22.5,PR,Sul,0.8789866409301046,1,Muito alto
1303403,13,61.06,51.36,737.18,-9.700000000000003,AM,Norte,0.8789404471699258,1,Muito alto
2906204,29,44.12,33.73,721.55,-10.39,BA,Nordeste,0.8787777398506356,1,Muito alto
2102002,21,80.0,69.64,758.1,-10.36,MA,Nordeste,0.878495877316049,1,Muito alto
3525607,35,80.0,65.42,755.81,-14.579999999999998,SP,Sudeste,0.8784585455965506,1,Muito alto
2918605,29,46.53,33.33,730.69,-13.200000000000003,BA,Nordeste,0.8783217842372861,1,Muito alto
2911857,29,45.96,36.36,726.4,-9.600000000000001,BA,Nordeste,0.878180044025135,1,Muito alto
3160009,31,80.0,45.65,728.89,-34.35,MG,Sudeste,0.8781188720235963,1,Muito alto
2924652,29,56.24,55.7,749.17,-0.5399999999999991,BA,Nordeste,0.8779935895460483,1,Muito alto
3518008,35,80.0,57.14,762.28,-22.86,SP,Sudeste,0.8774295867347568,1,Muito alto
1712702,17,42.72,9.09,685.03,-33.629999999999995,TO,Norte,0.8772991824766955,1,Muito alto
2407807,24,65.96,50.97,745.9,-14.989999999999995,RN,Nordeste,0.8768794004672524,1,Muito alto
2924405,29,39.38,22.51,713.41,-16.87,BA,Nordeste,0.8764915553288584,1,Muito alto
5106257,51,74.21,45.12,739.01,-29.089999999999996,MT,Centro-Oeste,0.8764820881705874,1,Muito alto
2413508,24,63.97,48.08,740.98,-15.89,RN,Nordeste,0.8764414869404396,1,Muito alto
2200905,22,64.97,30.0,730.7,-34.97,PI,Nordeste,0.8760330971220415,1,Muito alto
2503506,25,79.64,63.3,765.25,-16.340000000000003,PB,Nordeste,0.875738835180552,1,Muito alto
1508126,15,67.67,61.52,746.63,-6.149999999999999,PA,Norte,0.8753602853854845,1,Muito alto
1506302,15,61.11,49.47,731.92,-11.64,PA,Norte,0.8753366113327337,1,Muito alto
2906857,29,49.53,45.45,733.32,-4.079999999999998,BA,Nordeste,0.8751590810112022,1,Muito alto
2210805,22,80.0,67.45,757.4,-12.549999999999997,PI,Nordeste,0.8747314095367513,1,Muito alto
4219101,42,80.0,52.72,745.47,-27.28,SC,Sul,0.8745798469846806,1,Muito alto
2101103,21,80.0,71.88,757.5,-8.120000000000005,MA,Nordeste,0.8744566649001042,1,Muito alto
2405900,24,57.1,38.89,723.54,-18.21,RN,Nordeste,0.8744104939828734,1,Muito alto
4205357,42,80.0,58.33,741.36,-21.67,SC,Sul,0.8742516993148987,1,Muito alto
3543501,35,80.0,64.17,757.93,-15.829999999999998,SP,Sudeste,0.8740002412497067,1,Muito alto
2509404,25,75.29,60.61,751.99,-14.680000000000007,PB,Nordeste,0.8739798732141881,1,Muito alto
4307054,43,67.77,64.7,762.35,-3.069999999999993,RS,Sul,0.8739216957557697,1,Muito alto
2919157,29,40.48,25.25,716.1,-15.229999999999997,BA,Nordeste,0.8736070826679738,1,Muito alto
2920809,29,36.73,18.57,707.63,-18.159999999999997,BA,Nordeste,0.8732299459768279,1,Muito alto
1301803,13,66.47,63.28,749.36,-3.1899999999999977,AM,Norte,0.873191795153908,1,Muito alto
1707652,17,68.06,51.74,745.9,-16.32,TO,Norte,0.8730959904092542,1,Muito alto
2410009,24,69.62,63.16,751.06,-6.460000000000008,RN,Nordeste,0.8729362760919819,1,Muito alto
2905800,29,41.28,28.39,716.85,-12.89,BA,Nordeste,0.8728203975709738,1,Muito alto
2928703,29,47.64,40.9,730.57,-6.740000000000002,BA,Nordeste,0.8725456764660071,1,Muito alto
1301951,13,73.55,82.23,761.14,8.680000000000007,AM,Norte,0.8718652651732993,1,Muito alto
2702108,27,80.0,73.25,761.4,-6.75,AL,Nordeste,0.8718122856607895,1,Muito alto
1703107,17,66.14,49.74,740.83,-16.4,TO,Norte,0.8716310838068014,1,Muito alto
2912202,29,42.96,32.53,720.21,-10.43,BA,Nordeste,0.8713513731772853,1,Muito alto
2907905,29,42.99,31.09,721.51,-11.900000000000002,BA,Nordeste,0.8709058120688926,1,Muito alto
2502706,25,80.0,67.57,764.63,-12.430000000000007,PB,Nordeste,0.8708578960716294,1,Muito alto
2404606,24,53.6,30.13,718.44,-23.470000000000002,RN,Nordeste,0.8705187034984738,1,Muito alto
2405009,24,57.7,39.09,726.57,-18.61,RN,Nordeste,0.8705147578680837,1,Muito alto
2928000,29,40.48,29.15,714.01,-11.329999999999998,BA,Nordeste,0.8704045609962817,1,Muito alto
2927101,29,38.79,26.35,710.07,-12.439999999999998,BA,Nordeste,0.8700955898507008,1,Muito alto
2105351,21,80.0,72.99,758.0,-7.010000000000005,MA,Nordeste,0.8693019663037151,1,Muito alto
4305405,43,78.99,84.6,789.26,5.609999999999999,RS,Sul,0.8692279154336727,1,Muito alto
2913101,29,41.4,28.0,718.61,-13.399999999999999,BA,Nordeste,0.8687839360085375,1,Muito alto
2902203,29,37.3,17.95,711.49,-19.349999999999998,BA,Nordeste,0.8680159582359122,1,Muito alto
4123303,41,80.0,59.1,745.86,-20.9,PR,Sul,0.8679627350503699,1,Muito alto
5003751,50,76.78,56.45,744.8,-20.33,MS,Centro-Oeste,0.8679612864939188,1,Muito alto
2108009,21,75.94,64.01,750.38,-11.929999999999993,MA,Nordeste,0.8679187924304755,1,Muito alto
1301001,13,57.96,49.19,730.55,-8.770000000000003,AM,Norte,0.8675797225733046,1,Muito alto
2911808,29,38.24,22.64,711.54,-15.600000000000001,BA,Nordeste,0.8673876728741832,1,Muito alto
3556008,35,80.0,65.68,758.5,-14.319999999999993,SP,Sudeste,0.867362999921351,1,Muito alto
2926509,29,43.7,33.95,722.86,-9.75,BA,Nordeste,0.8672709013109141,1,Muito alto
2907103,29,43.56,31.96,723.92,-11.600000000000001,BA,Nordeste,0.8669592862838664,1,Muito alto
2924108,29,36.3,13.33,711.6,-22.97,BA,Nordeste,0.8669325536515153,1,Muito alto
4306056,43,70.67,78.4,764.38,7.730000000000004,RS,Sul,0.8669303471686531,1,Muito alto
4310751,43,63.85,60.0,753.48,-3.8500000000000014,RS,Sul,0.8669018803448044,1,Muito alto
1301209,13,51.74,32.72,720.59,-19.020000000000003,AM,Norte,0.8666990531387115,1,Muito alto
2403707,24,62.74,51.71,736.49,-11.030000000000001,RN,Nordeste,0.8660378767744012,1,Muito alto
3506300,35,72.02,47.5,743.88,-24.519999999999996,SP,Sudeste,0.8647564164503839,1,Muito alto
1504505,15,51.16,28.64,714.22,-22.519999999999996,PA,Norte,0.8647033290784015,1,Muito alto
2906873,29,41.49,29.34,719.06,-12.150000000000002,BA,Nordeste,0.8642631484021783,1,Muito alto
2919553,29,44.29,35.72,724.42,-8.57,BA,Nordeste,0.8642481016383422,1,Muito alto
3531506,35,75.09,55.38,749.27,-19.71,SP,Sudeste,0.8640285113964628,1,Muito alto
3500501,35,67.42,43.65,730.31,-23.770000000000003,SP,Sudeste,0.8639845541838375,1,Muito alto
4106001,41,72.33,41.19,732.54,-31.14,PR,Sul,0.8638202883297561,1,Muito alto
4122602,41,72.08,41.63,731.32,-30.449999999999996,PR,Sul,0.8637654783205704,1,Muito alto
2114007,21,80.0,72.3,760.05,-7.700000000000003,MA,Nordeste,0.8631360579995537,1,Muito alto
1712157,17,72.62,58.81,759.69,-13.810000000000002,TO,Norte,0.8628290045376313,1,Muito alto
3514205,35,77.62,65.38,751.3,-12.240000000000009,SP,Sudeste,0.8625626271574139,1,Muito alto
1502152,15,67.89,65.12,748.02,-2.769999999999996,PA,Norte,0.8623770353404936,1,Muito alto
4312609,43,60.38,53.6,746.84,-6.780000000000001,RS,Sul,0.8623339828899383,1,Muito alto
2925808,29,42.51,30.32,722.56,-12.189999999999998,BA,Nordeste,0.8620363460932428,1,Muito alto
1507151,15,57.03,40.37,727.46,-16.660000000000004,PA,Norte,0.8615047850583476,1,Muito alto
4321006,43,67.4,68.4,761.37,1.0,RS,Sul,0.8614803477106441,1,Muito alto
2410900,24,53.43,27.78,721.83,-25.65,RN,Nordeste,0.8614743913833397,1,Muito alto
3534104,35,66.18,39.53,729.52,-26.650000000000006,SP,Sudeste,0.8614627644522005,1,Muito alto
1100338,11,68.5,45.3,729.27,-23.200000000000003,RO,Norte,0.8612827239346696,1,Muito alto
2918100,29,42.24,29.53,722.38,-12.71,BA,Nordeste,0.8611851488802816,1,Muito alto
2909208,29,43.69,36.04,722.82,-7.649999999999999,BA,Nordeste,0.8609184304568499,1,Muito alto
1302108,13,78.1,91.93,773.08,13.830000000000013,AM,Norte,0.8608785655602209,1,Muito alto
2701506,27,60.81,37.4,721.61,-23.410000000000004,AL,Nordeste,0.8605140966126845,1,Muito alto
3507100,35,73.04,53.92,743.84,-19.120000000000005,SP,Sudeste,0.8603459625346088,1,Muito alto
2501203,25,80.0,70.75,764.89,-9.25,PB,Nordeste,0.8602087979381334,1,Muito alto
1505007,15,59.99,51.68,730.06,-8.310000000000002,PA,Norte,0.8600394196905817,1,Muito alto
4313003,43,78.1,94.4,781.02,16.30000000000001,RS,Sul,0.8598475726754615,1,Muito alto
4301107,43,53.02,43.2,728.62,-9.82,RS,Sul,0.8597427993421659,1,Muito alto
3542701,35,73.32,55.18,744.06,-18.139999999999993,SP,Sudeste,0.859721159757741,1,Muito alto
2106326,21,65.14,41.67,730.05,-23.47,MA,Nordeste,0.8596472035937268,1,Muito alto
2920452,29,45.38,37.29,728.31,-8.090000000000003,BA,Nordeste,0.8596182490357872,1,Muito alto
1304062,13,53.79,37.75,726.04,-16.04,AM,Norte,0.8593307463623702,1,Muito alto
2206803,22,69.27,45.57,738.84,-23.699999999999996,PI,Nordeste,0.8591900556901831,1,Muito alto
1301308,13,55.33,40.59,729.53,-14.739999999999995,AM,Norte,0.859147635720237,1,Muito alto
1100924,11,80.0,71.99,751.43,-8.010000000000005,RO,Norte,0.8590933784704708,1,Muito alto
2916203,29,45.28,35.38,729.52,-9.899999999999999,BA,Nordeste,0.8590180859076014,1,Muito alto
2912400,29,44.62,36.88,726.08,-7.739999999999995,BA,Nordeste,0.8587263977088967,1,Muito alto
1505551,15,60.22,48.91,733.29,-11.310000000000002,PA,Norte,0.8586718802173348,1,Muito alto
2930303,29,43.93,33.09,726.44,-10.839999999999996,BA,Nordeste,0.8586375664172298,1,Muito alto
1600253,16,60.1,43.57,733.49,-16.53,AP,Norte,0.8585991241572819,1,Muito alto
1506112,15,59.01,47.3,730.19,-11.71,PA,Norte,0.8583656595773579,1,Muito alto
4311429,43,63.85,60.0,755.57,-3.8500000000000014,RS,Sul,0.8583107888510659,1,Muito alto
4313375,43,64.69,64.9,755.0,0.21000000000000796,RS,Sul,0.858071989262138,1,Muito alto
2913804,29,48.71,46.51,733.86,-2.200000000000003,BA,Nordeste,0.8579319142198282,1,Muito alto
2915403,29,35.74,15.25,710.34,-20.490000000000002,BA,Nordeste,0.8578709129370451,1,Muito alto
4313706,43,58.89,49.5,745.66,-9.39,RS,Sul,0.8575582424200204,1,Muito alto
3138104,31,80.0,48.0,732.34,-32.0,MG,Sudeste,0.857424598811426,1,Muito alto
2510709,25,79.66,66.67,767.45,-12.989999999999995,PB,Nordeste,0.857100883291808,1,Muito alto
2112852,21,80.0,74.55,759.82,-5.450000000000003,MA,Nordeste,0.857071609956348,1,Muito alto
1304104,13,59.27,51.81,736.13,-7.460000000000001,AM,Norte,0.8560112975956112,1,Muito alto
3301801,33,68.49,55.56,737.98,-12.929999999999993,RJ,Sudeste,0.8559431551844369,1,Muito alto
2931301,29,47.31,41.82,732.78,-5.490000000000002,BA,Nordeste,0.8559063713566136,1,Muito alto
3511300,35,75.09,55.73,751.01,-19.360000000000007,SP,Sudeste,0.8556612832450601,1,Muito alto
1303809,13,50.01,31.59,717.85,-18.419999999999998,AM,Norte,0.8556176325584521,1,Muito alto
2921302,29,47.96,46.05,732.04,-1.9100000000000037,BA,Nordeste,0.8555950308276822,1,Muito alto
2500809,25,69.17,47.88,743.93,-21.29,PB,Nordeste,0.8555179900941116,1,Muito alto
1502301,15,60.45,48.98,734.82,-11.470000000000006,PA,Norte,0.8554830278562362,1,Muito alto
2920908,29,37.88,26.73,710.07,-11.150000000000002,BA,Nordeste,0.8554179115163562,1,Muito alto
4315131,43,80.0,94.1,789.18,14.099999999999994,RS,Sul,0.8553449850632822,1,Muito alto
1508407,15,59.68,49.27,731.86,-10.409999999999997,PA,Norte,0.8553018614188962,1,Muito alto
1501402,15,58.55,46.08,730.25,-12.469999999999999,PA,Norte,0.8549086054250177,1,Muito alto
2402808,24,53.15,32.68,718.74,-20.47,RN,Nordeste,0.8547683370488668,1,Muito alto
2111409,21,76.38,70.44,750.47,-5.939999999999998,MA,Nordeste,0.8541988577591715,1,Muito alto
3520608,35,80.0,70.59,758.03,-9.409999999999997,SP,Sudeste,0.8540511030587066,1,Muito alto
2907806,29,45.57,36.31,731.09,-9.259999999999998,BA,Nordeste,0.8538285718819699,1,Muito alto
2109403,21,76.88,68.97,753.5,-7.909999999999997,MA,Nordeste,0.8536716224259424,1,Muito alto
1501501,15,66.89,65.29,746.46,-1.5999999999999943,PA,Norte,0.8531331997129303,1,Muito alto
1705557,17,67.88,56.14,746.84,-11.739999999999995,TO,Norte,0.8531138483830552,1,Muito alto
2403251,24,55.79,35.27,726.75,-20.519999999999996,RN,Nordeste,0.8530473829473819,1,Muito alto
2922102,29,41.86,33.33,720.09,-8.530000000000001,BA,Nordeste,0.8529990253024614,1,Muito alto
2101301,21,71.58,57.55,743.09,-14.030000000000001,MA,Nordeste,0.8527168915956842,1,Muito alto
2901155,29,46.6,43.23,729.9,-3.3700000000000045,BA,Nordeste,0.8526983998351152,1,Muito alto
3550001,35,75.43,59.66,750.06,-15.77000000000001,SP,Sudeste,0.8523756756895933,1,Muito alto
2502003,25,64.84,40.07,734.9,-24.770000000000003,PB,Nordeste,0.8520921288136976,1,Muito alto
1504208,15,60.77,50.68,735.58,-10.090000000000003,PA,Norte,0.8516936014390408,1,Muito alto
3554201,35,75.41,59.38,750.36,-16.029999999999994,SP,Sudeste,0.8516630617329634,1,Muito alto
2406403,24,53.89,29.67,724.39,-24.22,RN,Nordeste,0.8516319276483919,1,Muito alto
2931905,29,43.93,35.55,726.26,-8.380000000000003,BA,Nordeste,0.8515017627045512,1,Muito alto
2917706,29,45.26,40.77,727.19,-4.489999999999995,BA,Nordeste,0.8513988847927744,1,Muito alto
2912103,29,45.54,37.95,730.33,-7.589999999999996,BA,Nordeste,0.8513204031658576,1,Muito alto
2901502,29,51.72,55.95,739.23,4.230000000000004,BA,Nordeste,0.8512819495266273,1,Muito alto
2110609,21,76.12,67.87,752.18,-8.25,MA,Nordeste,0.8510242075722363,1,Muito alto
1503077,15,51.13,32.89,714.19,-18.240000000000002,PA,Norte,0.8509290542121265,1,Muito alto
1101104,11,80.0,70.62,754.38,-9.379999999999995,RO,Norte,0.8508122731271457,1,Muito alto
2611408,26,78.26,50.41,752.7,-27.85000000000001,PE,Nordeste,0.8505328445006064,1,Muito alto
1714302,17,56.95,34.23,724.32,-22.720000000000006,TO,Norte,0.8503593639656546,1,Muito alto
1505908,15,74.82,81.16,763.91,6.340000000000003,PA,Norte,0.8503498647855909,1,Muito alto
3509403,35,74.32,54.99,750.06,-19.32999999999999,SP,Sudeste,0.8500816923773655,1,Muito alto
2927606,29,41.0,28.39,721.34,-12.61,BA,Nordeste,0.8500786509226703,1,Muito alto
4319364,43,80.0,90.0,793.46,10.0,RS,Sul,0.8500584520647019,1,Muito alto
1503093,15,57.03,42.29,728.76,-14.740000000000002,PA,Norte,0.849785567564736,1,Muito alto
2107704,21,79.18,74.65,758.54,-4.530000000000001,MA,Nordeste,0.8494231775168967,1,Muito alto
3553906,35,78.91,67.98,757.24,-10.929999999999993,SP,Sudeste,0.8487821487252198,1,Muito alto
4302378,43,64.01,71.4,749.85,7.390000000000001,RS,Sul,0.8486470516418483,1,Muito alto
2206407,22,66.72,42.48,734.41,-24.240000000000002,PI,Nordeste,0.8484431137311286,1,Muito alto
1502764,15,59.86,45.2,737.18,-14.659999999999997,PA,Norte,0.8481855961734042,1,Muito alto
1504455,15,59.08,48.44,731.95,-10.64,PA,Norte,0.8481189692256896,1,Muito alto
2922607,29,49.67,50.52,736.6,0.8500000000000014,BA,Nordeste,0.8480742125795881,1,Muito alto
1302306,13,50.12,30.91,720.59,-19.209999999999997,AM,Norte,0.8475804883086688,1,Muito alto
2932457,29,36.89,22.95,711.13,-13.940000000000001,BA,Nordeste,0.8474600680743956,1,Muito alto
3525508,35,74.39,57.3,749.24,-17.090000000000003,SP,Sudeste,0.8471643239592429,1,Muito alto
1100940,11,78.22,67.6,751.03,-10.620000000000005,RO,Norte,0.8471207806002329,1,Muito alto
1501709,15,54.65,37.0,724.72,-17.65,PA,Norte,0.8470535691552736,1,Muito alto
2201051,22,80.0,69.88,762.33,-10.120000000000005,PI,Nordeste,0.8467534091134915,1,Muito alto
2805000,28,58.13,47.76,730.65,-10.370000000000005,SE,Nordeste,0.8460545768842934,1,Muito alto
2108256,21,70.35,57.92,739.87,-12.429999999999993,MA,Nordeste,0.8460333595160368,1,Muito alto
1302702,13,60.98,57.02,740.77,-3.9599999999999937,AM,Norte,0.8456615072892598,1,Muito alto
3554904,35,80.0,69.58,760.71,-10.420000000000002,SP,Sudeste,0.8455302514192964,1,Muito alto
1100205,11,69.85,50.84,733.71,-19.00999999999999,RO,Norte,0.8452215675953084,1,Muito alto
2404903,24,61.78,51.63,737.96,-10.149999999999999,RN,Nordeste,0.8451389794656746,1,Muito alto
3516606,35,79.23,66.68,760.36,-12.549999999999997,SP,Sudeste,0.8443202744853912,1,Muito alto
3306156,33,80.0,82.96,761.86,2.9599999999999937,RJ,Sudeste,0.8438225698851067,1,Muito alto
1506500,15,53.25,34.18,722.51,-19.07,PA,Norte,0.8436753878142184,1,Muito alto
2904704,29,39.73,29.37,717.51,-10.359999999999996,BA,Nordeste,0.8433388621183202,1,Muito alto
2515971,25,66.5,40.74,742.41,-25.759999999999998,PB,Nordeste,0.843102301899046,1,Muito alto
3518107,35,71.08,47.49,745.51,-23.589999999999996,SP,Sudeste,0.8430520346062519,1,Muito alto
2806602,28,48.51,26.79,712.24,-21.72,SE,Nordeste,0.8428501756567338,1,Muito alto
4109104,41,80.0,66.67,746.09,-13.329999999999998,PR,Sul,0.8427251801453536,1,Muito alto
5003454,50,80.0,65.69,755.44,-14.310000000000002,MS,Centro-Oeste,0.8426706931241612,1,Muito alto
1500859,15,58.92,48.45,732.64,-10.469999999999999,PA,Norte,0.8423271695869845,1,Muito alto
2511004,25,80.0,69.89,769.61,-10.11,PB,Nordeste,0.8423196510303436,1,Muito alto
2201705,22,66.16,43.42,733.06,-22.739999999999995,PI,Nordeste,0.8421892107016788,1,Muito alto
3521309,35,77.95,63.8,758.41,-14.150000000000006,SP,Sudeste,0.8419067357732894,1,Muito alto
4304671,43,53.58,43.9,734.21,-9.68,RS,Sul,0.8417534000862311,1,Muito alto
1506138,15,63.21,58.25,741.04,-4.960000000000001,PA,Norte,0.8413477659702563,1,Muito alto
1501907,15,60.73,51.61,737.08,-9.119999999999997,PA,Norte,0.8411425030664453,1,Muito alto
2911659,29,44.11,36.78,728.3,-7.329999999999998,BA,Nordeste,0.8410852661651397,1,Muito alto
2209559,22,80.0,66.39,766.24,-13.61,PI,Nordeste,0.8408110103601288,1,Muito alto
2803708,28,51.39,29.17,721.39,-22.22,SE,Nordeste,0.8404811013639011,1,Muito alto
3552908,35,79.95,67.0,763.6,-12.950000000000003,SP,Sudeste,0.8402886681307307,1,Muito alto
2108900,21,80.0,77.27,761.56,-2.730000000000004,MA,Nordeste,0.8402686543059477,1,Muito alto
2202075,22,80.0,75.0,760.11,-5.0,PI,Nordeste,0.8393659494552367,1,Muito alto
2932309,29,45.98,41.9,731.69,-4.079999999999998,BA,Nordeste,0.8389625046859002,1,Muito alto
4107306,41,79.37,60.84,748.99,-18.53,PR,Sul,0.838926220071503,1,Muito alto
4315354,43,72.39,85.1,772.08,12.709999999999994,RS,Sul,0.8387472918205514,1,Muito alto
4305603,43,68.91,90.0,755.88,21.090000000000003,RS,Sul,0.8384975220871981,1,Muito alto
1507706,15,58.45,47.41,732.59,-11.040000000000006,PA,Norte,0.8382664632324218,1,Muito alto
2516607,25,76.69,67.47,760.34,-9.219999999999999,PB,Nordeste,0.8381606275962192,1,Muito alto
1505809,15,55.35,40.72,726.41,-14.630000000000003,PA,Norte,0.8381271213786937,1,Muito alto
1500602,15,57.46,45.32,730.64,-12.14,PA,Norte,0.8379471231350265,1,Muito alto
2102606,21,67.57,49.53,737.87,-18.039999999999992,MA,Nordeste,0.8378137437149962,1,Muito alto
2911907,29,38.47,28.52,714.79,-9.95,BA,Nordeste,0.837750181747804,1,Muito alto
3306206,33,70.09,60.33,744.26,-9.760000000000005,RJ,Sudeste,0.8376892686609136,1,Muito alto
4307104,43,61.7,64.4,749.18,2.700000000000003,RS,Sul,0.837402510111289,1,Muito alto
2930808,29,40.85,31.82,721.02,-9.030000000000001,BA,Nordeste,0.8373291326385135,1,Muito alto
2400109,24,55.62,38.21,727.41,-17.409999999999997,RN,Nordeste,0.8372872923042228,1,Muito alto
1702703,17,61.77,41.94,738.86,-19.830000000000005,TO,Norte,0.8372349653408581,1,Muito alto
2923308,29,49.58,50.59,738.61,1.0100000000000051,BA,Nordeste,0.837089695305843,1,Muito alto
2923704,29,36.71,24.46,711.77,-12.25,BA,Nordeste,0.8362847443821761,1,Muito alto
4206603,42,80.0,59.9,749.13,-20.1,SC,Sul,0.8360022088409889,1,Muito alto
3305901,33,78.06,79.23,759.35,1.1700000000000017,RJ,Sudeste,0.8358078283109672,1,Muito alto
3302205,33,72.22,65.26,748.82,-6.959999999999994,RJ,Sudeste,0.8351129417429655,1,Muito alto
3300902,33,72.46,64.38,750.38,-8.079999999999998,RJ,Sudeste,0.8349521893985321,1,Muito alto
1100098,11,80.0,71.16,757.44,-8.840000000000003,RO,Norte,0.8349070620610632,1,Muito alto
2516755,25,67.93,48.73,743.42,-19.20000000000001,PB,Nordeste,0.8345984325831142,1,Muito alto
2201606,22,78.29,68.49,759.81,-9.800000000000011,PI,Nordeste,0.8345552280015293,1,Muito alto
5106653,51,72.91,51.2,739.6,-21.709999999999994,MT,Centro-Oeste,0.8345389148023158,1,Muito alto
1504000,15,58.14,47.82,732.02,-10.32,PA,Norte,0.8341899354048113,1,Muito alto
4103057,41,74.74,53.35,738.9,-21.389999999999993,PR,Sul,0.8339155313262953,1,Muito alto
2414159,24,56.03,37.18,730.41,-18.85,RN,Nordeste,0.833728039319887,1,Muito alto
2109700,21,80.0,77.94,762.45,-2.0600000000000023,MA,Nordeste,0.8336840307591165,1,Muito alto
4304622,43,62.39,60.0,755.83,-2.3900000000000006,RS,Sul,0.8332845913322631,1,Muito alto
4307831,43,55.76,50.0,739.35,-5.759999999999998,RS,Sul,0.8331746279758676,1,Muito alto
2802106,28,48.03,29.77,710.34,-18.26,SE,Nordeste,0.8331250611017055,1,Muito alto
4109906,41,75.32,51.76,742.37,-23.559999999999995,PR,Sul,0.8330357890171608,1,Muito alto
2106904,21,61.13,36.19,725.63,-24.940000000000005,MA,Nordeste,0.8326708420515294,1,Muito alto
3305703,33,76.25,75.43,756.31,-0.8199999999999932,RJ,Sudeste,0.8326172806512492,1,Muito alto
4114302,41,79.56,64.48,748.34,-15.079999999999998,PR,Sul,0.8323253878280421,1,Muito alto
3524204,35,80.0,67.19,765.34,-12.810000000000002,SP,Sudeste,0.8322077495076359,1,Muito alto
2928208,29,44.72,38.7,731.0,-6.019999999999996,BA,Nordeste,0.8319320101549688,1,Muito alto
2208551,22,75.73,64.29,754.28,-11.439999999999998,PI,Nordeste,0.8317157443335892,1,Muito alto
4316402,43,49.0,34.1,727.21,-14.899999999999999,RS,Sul,0.8311394194129089,1,Muito alto
2802700,28,42.18,16.26,699.8,-25.919999999999998,SE,Nordeste,0.8306216283172876,1,Muito alto
2102358,21,67.41,54.91,734.94,-12.5,MA,Nordeste,0.8297721464230362,1,Muito alto
3531704,35,70.87,50.9,745.01,-19.970000000000006,SP,Sudeste,0.8297163975056321,1,Muito alto
2107258,21,80.0,77.14,763.94,-2.8599999999999994,MA,Nordeste,0.8293505980076856,1,Muito alto
1300508,13,44.54,24.4,709.2,-20.14,AM,Norte,0.8291442705602766,1,Muito alto
1710706,17,46.88,18.09,704.57,-28.790000000000003,TO,Norte,0.8288793155343408,1,Muito alto
1100122,11,80.0,72.81,757.49,-7.189999999999998,RO,Norte,0.8286742233220895,1,Muito alto
2903235,29,39.75,29.75,720.42,-10.0,BA,Nordeste,0.8284917248355836,1,Muito alto
2800100,28,53.53,50.0,716.06,-3.530000000000001,SE,Nordeste,0.828460480831338,1,Muito alto
1301704,13,59.95,57.23,740.57,-2.720000000000006,AM,Norte,0.8282393359338965,1,Muito alto
3551801,35,71.0,52.1,744.91,-18.9,SP,Sudeste,0.8281059437985829,1,Muito alto
2915809,29,37.77,26.98,715.56,-10.790000000000003,BA,Nordeste,0.8273533324437083,1,Muito alto
1508001,15,58.39,49.49,733.15,-8.899999999999999,PA,Norte,0.8269913485655087,1,Muito alto
2105708,21,80.0,79.18,762.92,-0.8199999999999932,MA,Nordeste,0.8268523780912231,1,Muito alto
2901908,29,33.23,16.52,707.11,-16.709999999999997,BA,Nordeste,0.8266155296378639,1,Muito alto
4118907,41,78.87,62.28,748.7,-16.590000000000003,PR,Sul,0.8263829363870777,1,Muito alto
1500107,15,52.46,35.85,722.12,-16.61,PA,Norte,0.8259061102053638,1,Muito alto
3500758,35,74.2,61.45,749.94,-12.75,SP,Sudeste,0.8258808770355407,1,Muito alto
2104503,21,80.0,78.21,763.86,-1.7900000000000063,MA,Nordeste,0.8257845472831473,1,Muito alto
2924009,29,40.21,30.51,722.1,-9.7,BA,Nordeste,0.8255910427527287,1,Muito alto
2911204,29,47.47,47.2,735.96,-0.269999999999996,BA,Nordeste,0.825179777303673,1,Muito alto
3534906,35,69.55,53.27,739.43,-16.279999999999994,SP,Sudeste,0.8249213536006111,1,Muito alto
4106456,41,78.78,62.47,748.54,-16.310000000000002,PR,Sul,0.8248461422059306,1,Muito alto
2106631,21,69.02,57.42,739.92,-11.599999999999994,MA,Nordeste,0.8246470078703366,1,Muito alto
2102200,21,56.26,28.95,715.07,-27.31,MA,Nordeste,0.8245885937135895,1,Muito alto
3514601,35,77.73,64.5,760.74,-13.230000000000004,SP,Sudeste,0.824317163976666,1,Muito alto
2803500,28,49.32,31.27,715.71,-18.05,SE,Nordeste,0.8241325104355487,1,Muito alto
2905503,29,36.88,28.19,712.11,-8.690000000000001,BA,Nordeste,0.8239855226653171,1,Muito alto
2907004,29,41.91,33.04,726.74,-8.869999999999997,BA,Nordeste,0.8236694681246776,1,Muito alto
4120655,41,79.91,61.75,753.44,-18.159999999999997,PR,Sul,0.8234688505979265,1,Muito alto
3304607,33,69.5,65.02,741.55,-4.480000000000004,RJ,Sudeste,0.8233785515315493,1,Muito alto
1715507,17,59.77,31.58,742.28,-28.190000000000005,TO,Norte,0.8230273468172086,1,Muito alto
2705903,27,80.0,82.14,765.84,2.1400000000000006,AL,Nordeste,0.822349561192992,1,Muito alto
1506104,15,59.06,49.94,736.2,-9.120000000000005,PA,Norte,0.8221588040882226,1,Muito alto
2414001,24,54.8,36.85,728.59,-17.949999999999996,RN,Nordeste,0.8219519599960291,1,Muito alto
3556354,35,76.13,65.34,754.86,-10.789999999999992,SP,Sudeste,0.8216082156348874,1,Muito alto
2109106,21,63.01,45.11,728.03,-17.9,MA,Nordeste,0.8214014843371406,1,Muito alto
3540903,35,75.99,62.53,756.6,-13.459999999999994,SP,Sudeste,0.8208716854617264,1,Muito alto
2930774,29,41.71,34.44,725.59,-7.270000000000003,BA,Nordeste,0.8205204796802684,1,Muito alto
3543204,35,75.92,58.93,759.13,-16.990000000000002,SP,Sudeste,0.8204095303041546,1,Muito alto
1501006,15,64.66,64.37,746.05,-0.28999999999999204,PA,Norte,0.8201897037229596,1,Muito alto
1503002,15,60.49,51.79,740.52,-8.700000000000003,PA,Norte,0.8194490002059864,1,Muito alto
1508357,15,66.91,70.18,749.99,3.2700000000000102,PA,Norte,0.8194370956979797,1,Muito alto
3542800,35,68.42,53.85,736.01,-14.57,SP,Sudeste,0.8193342375018879,1,Muito alto
3507704,35,80.0,73.18,763.45,-6.819999999999993,SP,Sudeste,0.8192815209886207,1,Muito alto
2902252,29,32.22,13.11,707.48,-19.11,BA,Nordeste,0.8191693495074703,1,Muito alto
2807501,28,54.75,40.43,729.53,-14.32,SE,Nordeste,0.8188950827476568,1,Muito alto
2210359,22,80.0,73.08,765.77,-6.920000000000002,PI,Nordeste,0.8186128248991457,1,Muito alto
1502103,15,52.96,39.08,722.97,-13.880000000000003,PA,Norte,0.8185162675985416,1,Muito alto
2929404,29,43.74,36.76,731.64,-6.980000000000004,BA,Nordeste,0.8182499521484243,1,Muito alto
2503407,25,69.08,52.5,748.12,-16.58,PB,Nordeste,0.8178733661815043,1,Muito alto
1501956,15,58.2,52.04,732.39,-6.160000000000004,PA,Norte,0.8176943283812597,1,Muito alto
2110104,21,80.0,80.19,763.99,0.18999999999999773,MA,Nordeste,0.8175969476086622,1,Muito alto
3545407,35,66.65,44.94,736.61,-21.710000000000008,SP,Sudeste,0.8175912442011418,1,Muito alto
2802809,28,51.41,34.31,722.3,-17.099999999999994,SE,Nordeste,0.8174804679557668,1,Muito alto
2804607,28,47.02,28.39,711.15,-18.630000000000003,SE,Nordeste,0.8159128005918331,1,Muito alto
4315008,43,78.99,100.0,789.48,21.010000000000005,RS,Sul,0.8156113249654697,1,Muito alto
1506187,15,66.61,68.8,750.75,2.1899999999999977,PA,Norte,0.8152262388610142,1,Muito alto
1506708,15,62.85,58.51,744.89,-4.340000000000003,PA,Norte,0.8149945575603477,1,Muito alto
2805802,28,51.13,34.65,721.54,-16.480000000000004,SE,Nordeste,0.8148405594043616,1,Muito alto
4103404,41,80.0,63.42,754.35,-16.58,PR,Sul,0.8140306474920398,1,Muito alto
2100907,21,63.99,42.52,734.94,-21.47,MA,Nordeste,0.8140185225817261,1,Muito alto
2913457,29,45.04,43.64,732.04,-1.3999999999999986,BA,Nordeste,0.8138568120416599,1,Muito alto
3303104,33,66.7,56.91,739.36,-9.790000000000006,RJ,Sudeste,0.8137329456910232,1,Muito alto
3153004,31,80.0,52.8,737.97,-27.200000000000003,MG,Sudeste,0.813692003776667,1,Muito alto
2509909,25,65.69,47.23,740.63,-18.46,PB,Nordeste,0.8135408440570414,1,Muito alto
4111902,41,77.37,62.26,745.85,-15.110000000000007,PR,Sul,0.8132637396920166,1,Muito alto
2930105,29,35.5,24.02,712.34,-11.48,BA,Nordeste,0.8131537286586193,1,Muito alto
4128807,41,75.72,55.19,745.3,-20.53,PR,Sul,0.8125760818330219,1,Muito alto
2514552,25,80.0,81.82,766.71,1.8199999999999932,PB,Nordeste,0.8125432078838207,1,Muito alto
2505402,25,63.76,45.8,734.97,-17.96,PB,Nordeste,0.8122123700862729,1,Muito alto
2105450,21,75.02,68.34,755.89,-6.679999999999993,MA,Nordeste,0.8120984822655998,1,Muito alto
2929370,29,38.7,28.41,720.87,-10.290000000000003,BA,Nordeste,0.8118942735634799,1,Muito alto
2105922,21,80.0,78.44,766.4,-1.5600000000000023,MA,Nordeste,0.8118310143752844,1,Muito alto
2902104,29,35.84,24.47,713.52,-11.370000000000005,BA,Nordeste,0.8116377168486739,1,Muito alto
2922052,29,38.02,28.83,718.18,-9.190000000000005,BA,Nordeste,0.8114493450601843,1,Muito alto
2910305,29,44.76,35.29,737.73,-9.469999999999999,BA,Nordeste,0.8114415824913142,1,Muito alto
2515104,25,69.41,57.17,747.18,-12.239999999999995,PB,Nordeste,0.8107430330882822,1,Muito alto
2100956,21,77.37,74.44,760.15,-2.930000000000007,MA,Nordeste,0.8103876588692764,1,Muito alto
2508703,25,73.13,63.64,755.88,-9.489999999999995,PB,Nordeste,0.8103001673772497,1,Muito alto
2931707,29,38.77,28.42,721.42,-10.350000000000001,BA,Nordeste,0.8102768096537958,1,Muito alto
1503804,15,53.01,37.87,725.63,-15.14,PA,Norte,0.8102625395281804,1,Muito alto
2910602,29,35.44,23.96,712.8,-11.479999999999997,BA,Nordeste,0.8097986425431278,1,Muito alto
2409902,24,53.3,33.3,728.18,-20.0,RN,Nordeste,0.8096490331212106,1,Muito alto
2513927,25,70.46,60.02,749.11,-10.43999999999999,PB,Nordeste,0.8093359074398473,1,Muito alto
5000252,50,77.68,63.77,755.2,-13.910000000000004,MS,Centro-Oeste,0.8092641696091396,1,Muito alto
2803807,28,52.66,37.63,725.9,-15.029999999999994,SE,Nordeste,0.8092570878155372,1,Muito alto
2100204,21,75.46,70.97,756.06,-4.489999999999995,MA,Nordeste,0.8091931605021344,1,Muito alto
2103505,21,66.17,49.9,738.25,-16.270000000000003,MA,Nordeste,0.809007234438524,1,Muito alto
2920205,29,40.62,33.68,724.43,-6.939999999999998,BA,Nordeste,0.8089271260150607,1,Muito alto
4103503,41,80.0,69.28,750.94,-10.719999999999999,PR,Sul,0.8088654831729294,1,Muito alto
4110409,41,80.0,69.81,750.56,-10.189999999999998,PR,Sul,0.8087773635266555,1,Muito alto
2910503,29,40.71,32.55,725.67,-8.160000000000004,BA,Nordeste,0.8085555915809864,1,Muito alto
2509339,25,79.49,72.67,772.51,-6.819999999999993,PB,Nordeste,0.8082744248530128,1,Muito alto
3503505,35,66.17,56.95,727.68,-9.219999999999999,SP,Sudeste,0.8081494364389785,1,Muito alto
3302809,33,65.41,56.89,735.77,-8.519999999999996,RJ,Sudeste,0.8080873539533736,1,Muito alto
1303536,13,48.19,35.31,718.35,-12.879999999999995,AM,Norte,0.8080017282707123,1,Muito alto
2210979,22,65.39,50.0,732.2,-15.39,PI,Nordeste,0.8079995916010568,1,Muito alto
1715150,17,74.25,70.33,768.56,-3.9200000000000017,TO,Norte,0.807970405335541,1,Muito alto
2904902,29,40.27,33.06,723.82,-7.210000000000001,BA,Nordeste,0.807893806133332,1,Muito alto
2111722,21,80.0,79.32,766.61,-0.6800000000000068,MA,Nordeste,0.8071863682519835,1,Muito alto
4128609,41,80.0,67.29,752.77,-12.709999999999994,PR,Sul,0.8070269164716022,1,Muito alto
2807204,28,57.74,52.4,733.78,-5.340000000000003,SE,Nordeste,0.8062845209294356,1,Muito alto
1503903,15,59.19,51.0,738.94,-8.189999999999998,PA,Norte,0.8060883533058286,1,Muito alto
3553856,35,67.87,47.19,741.61,-20.680000000000007,SP,Sudeste,0.8055520732486825,1,Muito alto
2413557,24,64.8,62.68,748.59,-2.1199999999999974,RN,Nordeste,0.8054066340081437,1,Muito alto
2211407,22,80.0,76.19,765.95,-3.8100000000000023,PI,Nordeste,0.8053429864793298,1,Muito alto
3544905,35,65.48,50.04,730.9,-15.440000000000005,SP,Sudeste,0.8051876190768312,1,Muito alto
5103908,51,80.0,71.41,755.87,-8.590000000000003,MT,Centro-Oeste,0.8051819137627672,1,Muito alto
2103109,21,73.0,66.85,751.07,-6.150000000000006,MA,Nordeste,0.8047247074023204,1,Muito alto
3510005,35,74.97,65.51,753.81,-9.459999999999994,SP,Sudeste,0.8043525821259601,1,Muito alto
3519501,35,80.0,71.85,767.29,-8.150000000000006,SP,Sudeste,0.8042037654751923,1,Muito alto
1702000,17,55.92,40.54,725.26,-15.380000000000003,TO,Norte,0.8040509986266048,1,Muito alto
1505437,15,58.86,53.11,736.55,-5.75,PA,Norte,0.8040088000827242,1,Muito alto
1302207,13,53.1,44.2,730.29,-8.899999999999999,AM,Norte,0.8035022536085432,1,Muito alto
4103222,41,80.0,71.33,750.45,-8.670000000000002,PR,Sul,0.8032066865716273,1,Muito alto
3519402,35,73.91,61.64,753.1,-12.269999999999996,SP,Sudeste,0.8030957014166948,1,Muito alto
2501609,25,64.1,45.83,737.9,-18.269999999999996,PB,Nordeste,0.8029268647698178,1,Muito alto
4109500,41,73.22,57.18,736.62,-16.04,PR,Sul,0.8025955693333107,1,Muito alto
2700201,27,62.12,45.26,732.5,-16.86,AL,Nordeste,0.8025313416720441,1,Muito alto
1505304,15,48.47,30.61,716.12,-17.86,PA,Norte,0.8022309183497115,1,Muito alto
3302601,33,58.07,40.95,722.28,-17.119999999999997,RJ,Sudeste,0.8018893687104585,1,Muito alto
5106240,51,75.3,58.41,749.21,-16.89,MT,Centro-Oeste,0.8017991785518669,1,Muito alto
2932507,29,51.08,58.16,745.34,7.079999999999998,BA,Nordeste,0.8013971520711671,1,Muito alto
2110500,21,80.0,79.26,767.72,-0.7399999999999949,MA,Nordeste,0.8013698368756977,1,Muito alto
1600550,16,49.94,30.66,718.18,-19.279999999999998,AP,Norte,0.8013631896127411,1,Muito alto
3304409,33,70.19,65.54,747.84,-4.6499999999999915,RJ,Sudeste,0.8012753554800738,1,Muito alto
3512100,35,80.0,72.63,767.28,-7.3700000000000045,SP,Sudeste,0.8010523177000399,1,Muito alto
4127601,41,79.12,68.4,749.86,-10.719999999999999,PR,Sul,0.8009948538734717,1,Muito alto
2500205,25,72.28,61.96,755.79,-10.32,PB,Nordeste,0.8009127225401103,1,Muito alto
2514404,25,64.04,44.79,738.88,-19.250000000000007,PB,Nordeste,0.8006157505316984,1,Muito alto
1502939,15,66.05,69.24,751.19,3.1899999999999977,PA,Norte,0.8001725742637222,1,Muito alto
1600238,16,75.44,74.96,777.6,-0.480000000000004,AP,Norte,0.7996197017140332,1,Muito alto
3515350,35,77.18,69.86,759.49,-7.320000000000007,SP,Sudeste,0.799172277725475,1,Muito alto
4212304,42,68.53,40.02,729.76,-28.509999999999998,SC,Sul,0.7985467926735963,1,Muito alto
4306932,43,56.56,51.0,748.18,-5.560000000000002,RS,Sul,0.7984122882483402,1,Muito alto
3306107,33,65.41,55.84,738.37,-9.569999999999993,RJ,Sudeste,0.7981343383771171,1,Muito alto
3525102,35,65.37,45.42,735.3,-19.950000000000003,SP,Sudeste,0.7977790760003091,1,Muito alto
5004502,50,72.48,57.29,743.34,-15.190000000000005,MS,Centro-Oeste,0.7977477976119219,1,Muito alto
3305406,33,70.2,65.37,748.66,-4.829999999999998,RJ,Sudeste,0.7976227788686606,1,Muito alto
4126108,41,80.0,69.88,752.55,-10.120000000000005,PR,Sul,0.7975786764358458,1,Muito alto
4309407,43,55.09,49.2,744.37,-5.890000000000001,RS,Sul,0.7975115338499227,1,Muito alto
3553203,35,71.88,57.37,749.96,-14.509999999999998,SP,Sudeste,0.797500132150804,1,Muito alto
3554953,35,70.28,55.64,745.49,-14.64,SP,Sudeste,0.797367601386828,1,Muito alto
2205706,22,67.87,51.6,741.95,-16.270000000000003,PI,Nordeste,0.7971398393388449,1,Muito alto
4206801,42,76.98,54.41,749.84,-22.570000000000007,SC,Sul,0.7969944216354466,1,Muito alto
1101708,11,73.75,61.28,749.54,-12.469999999999999,RO,Norte,0.7968831139255164,1,Muito alto
2111789,21,71.79,53.62,758.04,-18.17000000000001,MA,Nordeste,0.7966914424800455,1,Muito alto
2801009,28,52.05,41.74,722.95,-10.309999999999995,SE,Nordeste,0.7964625537869882,1,Muito alto
1505650,15,60.41,55.72,741.63,-4.689999999999998,PA,Norte,0.7960987695129739,1,Muito alto
3532058,35,79.95,78.09,763.91,-1.8599999999999994,SP,Sudeste,0.7960587117080004,1,Muito alto
5008404,50,70.06,53.73,737.56,-16.330000000000005,MS,Centro-Oeste,0.7960012055549262,1,Muito alto
3305505,33,68.84,62.51,746.18,-6.330000000000005,RJ,Sudeste,0.7959358654710431,1,Muito alto
3111408,31,77.17,52.14,731.59,-25.03,MG,Sudeste,0.7953529498961992,1,Muito alto
2905305,29,37.2,30.37,717.04,-6.830000000000002,BA,Nordeste,0.7951311508134938,1,Muito alto
1100155,11,74.74,66.4,749.65,-8.33999999999999,RO,Norte,0.7948624112263825,1,Muito alto
1501725,15,75.29,87.6,771.83,12.309999999999988,PA,Norte,0.7948552011214371,1,Muito alto
4214151,42,80.0,64.05,753.94,-15.950000000000003,SC,Sul,0.7948174726369612,1,Muito alto
3514957,35,80.0,73.08,768.13,-6.920000000000002,SP,Sudeste,0.7944103157647878,1,Muito alto
1504059,15,56.63,46.97,734.86,-9.660000000000004,PA,Norte,0.7940721941541128,1,Muito alto
5107297,51,80.0,74.75,755.42,-5.25,MT,Centro-Oeste,0.7937929827421151,1,Muito alto
1507409,15,50.41,37.44,719.57,-12.969999999999999,PA,Norte,0.793610738105343,1,Muito alto
3119609,31,80.0,59.91,736.4,-20.090000000000003,MG,Sudeste,0.7931710965822999,1,Muito alto
2202505,22,67.14,49.31,741.81,-17.83,PI,Nordeste,0.7926845060216585,1,Muito alto
1500404,15,49.94,34.75,720.26,-15.189999999999998,PA,Norte,0.7914540744555597,1,Muito alto
3302254,33,69.81,67.6,746.68,-2.210000000000008,RJ,Sudeste,0.7913998701779,1,Muito alto
3501202,35,79.02,72.05,765.92,-6.969999999999999,SP,Sudeste,0.791193195953338,1,Muito alto
1303908,13,47.36,32.06,720.85,-15.299999999999997,AM,Norte,0.7909266404020633,1,Muito alto
2401909,24,51.19,32.54,724.52,-18.65,RN,Nordeste,0.7907803464638694,1,Muito alto
4216800,42,77.52,65.03,744.95,-12.489999999999995,SC,Sul,0.7907490354296587,1,Muito alto
2403202,24,62.41,53.06,749.8,-9.349999999999994,RN,Nordeste,0.7905358790924398,1,Muito alto
5001102,50,73.13,58.42,746.12,-14.709999999999994,MS,Centro-Oeste,0.7905226203123519,1,Muito alto
1600105,16,45.79,19.03,713.85,-26.759999999999998,AP,Norte,0.7901861061635796,1,Muito alto
2201770,22,65.66,47.16,738.52,-18.5,PI,Nordeste,0.7900759524328519,1,Muito alto
2402204,24,50.93,32.26,723.92,-18.67,RN,Nordeste,0.790027085103192,1,Muito alto
3301108,33,63.67,52.0,736.45,-11.670000000000002,RJ,Sudeste,0.7896090768010231,1,Muito alto
2802205,28,44.44,26.0,708.41,-18.439999999999998,SE,Nordeste,0.7895474283893604,1,Muito alto
1101401,11,74.6,69.92,747.46,-4.679999999999993,RO,Norte,0.7894401761487164,1,Muito alto
4107009,41,80.0,68.88,754.73,-11.120000000000005,PR,Sul,0.7894390582109317,1,Muito alto
1100908,11,73.22,65.42,745.84,-7.799999999999997,RO,Norte,0.7894058019687248,1,Muito alto
1506401,15,59.69,52.31,742.76,-7.3799999999999955,PA,Norte,0.7893506853226373,1,Muito alto
2111201,21,68.0,56.58,743.44,-11.420000000000002,MA,Nordeste,0.7891528670133472,1,Muito alto
3532504,35,80.0,74.47,768.02,-5.530000000000001,SP,Sudeste,0.7890925109443732,1,Muito alto
1507953,15,50.91,37.9,721.85,-13.009999999999998,PA,Norte,0.788938558919472,1,Muito alto
3542107,35,80.0,70.8,770.82,-9.200000000000003,SP,Sudeste,0.7887751443646138,1,Muito alto
2201919,22,80.0,75.94,769.11,-4.060000000000002,PI,Nordeste,0.7886631206728272,1,Muito alto
1300805,13,43.38,22.82,713.83,-20.560000000000002,AM,Norte,0.788243633933014,1,Muito alto
2515906,25,80.0,74.71,776.47,-5.290000000000006,PB,Nordeste,0.7879339437027791,1,Muito alto
2510501,25,62.67,41.57,738.58,-21.1,PB,Nordeste,0.7878785108874101,1,Muito alto
2504306,25,63.31,45.82,737.74,-17.490000000000002,PB,Nordeste,0.7877402998596458,1,Muito alto
4124707,41,80.0,71.33,753.21,-8.670000000000002,PR,Sul,0.7876310410481888,1,Muito alto
4210050,42,80.0,56.25,761.06,-23.75,SC,Sul,0.7874468467284292,1,Muito alto
2102408,21,70.49,64.0,747.21,-6.489999999999995,MA,Nordeste,0.7873406746063697,1,Muito alto
2607406,26,69.67,48.57,735.47,-21.1,PE,Nordeste,0.7868925361135268,1,Muito alto
1721000,17,65.61,56.97,751.08,-8.64,TO,Norte,0.7867966435097875,1,Muito alto
2918357,29,48.56,53.15,742.56,4.589999999999996,BA,Nordeste,0.7867183600260018,1,Muito alto
2104909,21,80.0,86.95,764.62,6.950000000000003,MA,Nordeste,0.7863183062220094,1,Muito alto
3502408,35,71.12,57.39,749.16,-13.730000000000004,SP,Sudeste,0.7862725768839303,1,Muito alto
2101806,21,63.84,47.28,735.86,-16.560000000000002,MA,Nordeste,0.7861837501867626,1,Muito alto
2100154,21,71.33,63.75,750.73,-7.579999999999998,MA,Nordeste,0.7856249743227901,1,Muito alto
2109239,21,76.82,74.73,762.39,-2.089999999999989,MA,Nordeste,0.7855437411237517,1,Muito alto
2108207,21,71.87,64.51,752.16,-7.359999999999999,MA,Nordeste,0.7853611600770712,1,Muito alto
2605202,26,62.84,30.48,724.57,-32.36,PE,Nordeste,0.7852873434997912,1,Muito alto
3540507,35,73.06,60.38,754.11,-12.68,SP,Sudeste,0.7852860750553392,1,Muito alto
1501600,15,50.41,32.2,724.99,-18.209999999999994,PA,Norte,0.7849530886418155,1,Muito alto
2409506,24,56.63,44.5,736.26,-12.130000000000003,RN,Nordeste,0.7849369928023374,1,Muito alto
2202778,22,66.43,42.87,745.4,-23.56000000000001,PI,Nordeste,0.7849330268120746,1,Muito alto
3528205,35,80.0,72.5,770.24,-7.5,SP,Sudeste,0.7847501147619756,1,Muito alto
3300233,33,71.27,68.56,752.4,-2.7099999999999937,RJ,Sudeste,0.7846967729046704,1,Muito alto
2926004,29,40.5,35.26,727.15,-5.240000000000002,BA,Nordeste,0.7845917300292857,1,Muito alto
2506251,25,78.77,70.71,775.66,-8.060000000000002,PB,Nordeste,0.7841569314736583,1,Muito alto
1503457,15,52.44,42.95,724.46,-9.489999999999995,PA,Norte,0.7839696782500534,1,Muito alto
5004007,50,79.23,73.2,758.28,-6.030000000000001,MS,Centro-Oeste,0.7838411717665746,1,Muito alto
2409605,24,54.21,37.5,732.97,-16.71,RN,Nordeste,0.7835987131492765,1,Muito alto
4117057,41,78.22,68.33,749.71,-9.89,PR,Sul,0.7835709150684212,1,Muito alto
2603306,26,64.74,40.68,724.17,-24.059999999999995,PE,Nordeste,0.7831945392704683,1,Muito alto
2209450,22,80.0,78.26,768.4,-1.7399999999999949,PI,Nordeste,0.7826735050514766,1,Muito alto
3533304,35,78.53,73.33,764.67,-5.200000000000003,SP,Sudeste,0.7825844119828911,1,Muito alto
4125605,41,80.0,70.57,754.72,-9.430000000000007,PR,Sul,0.7821158747211482,1,Muito alto
2701100,27,77.5,79.89,765.81,2.3900000000000006,AL,Nordeste,0.782115498387221,1,Muito alto
2201929,22,60.21,35.96,728.57,-24.25,PI,Nordeste,0.78198450559418,1,Muito alto
2407302,24,42.12,22.73,700.6,-19.389999999999997,RN,Nordeste,0.7817380009500957,1,Muito alto
2513356,25,61.59,39.01,737.66,-22.580000000000005,PB,Nordeste,0.7815972708850971,1,Muito alto
1504109,15,62.5,60.05,748.57,-2.450000000000003,PA,Norte,0.7809547934368011,1,Muito alto
2801504,28,40.27,16.16,702.2,-24.110000000000003,SE,Nordeste,0.7806870303434605,1,Muito alto
3507407,35,80.0,70.83,772.2,-9.170000000000002,SP,Sudeste,0.7805548757994071,1,Muito alto
4109302,41,80.0,71.17,754.55,-8.829999999999998,PR,Sul,0.7804631764257457,1,Muito alto
2800407,28,45.65,28.6,712.46,-17.049999999999997,SE,Nordeste,0.7800695784320307,1,Muito alto
1504901,15,49.76,33.63,722.43,-16.129999999999995,PA,Norte,0.779868916816416,1,Muito alto
3525805,35,70.98,55.26,751.42,-15.720000000000006,SP,Sudeste,0.7793527841922336,1,Muito alto
1505106,15,58.97,53.98,740.62,-4.990000000000002,PA,Norte,0.7792957547676248,1,Muito alto
3556404,35,72.78,61.51,753.3,-11.270000000000003,SP,Sudeste,0.7790917387844011,1,Muito alto
3305158,33,74.08,76.78,757.43,2.700000000000003,RJ,Sudeste,0.7786950807192371,1,Muito alto
2512705,25,65.68,49.27,745.35,-16.410000000000004,PB,Nordeste,0.7782055070827851,1,Muito alto
4103040,41,76.36,60.49,749.77,-15.869999999999997,PR,Sul,0.7780849956323668,1,Muito alto
2401651,24,69.81,60.0,773.52,-9.810000000000002,RN,Nordeste,0.7779583265004687,1,Muito alto
5106315,51,73.96,58.27,748.68,-15.68999999999999,MT,Centro-Oeste,0.7775480348231221,1,Muito alto
3303005,33,71.51,69.51,753.78,-2.0,RJ,Sudeste,0.7774452214384107,1,Muito alto
4100459,41,79.35,74.47,750.25,-4.8799999999999955,PR,Sul,0.7773592129436079,1,Muito alto
1505403,15,58.75,56.24,738.47,-2.509999999999998,PA,Norte,0.7772829735859557,1,Muito alto
1503705,15,54.62,44.08,732.64,-10.54,PA,Norte,0.7771989216643627,1,Muito alto
3556602,35,68.3,50.96,745.32,-17.339999999999996,SP,Sudeste,0.7770893118460539,1,Muito alto
4102901,41,80.0,70.06,755.95,-9.939999999999998,PR,Sul,0.7770576143322097,1,Muito alto
1503507,15,56.48,49.64,735.27,-6.839999999999996,PA,Norte,0.7768346606169897,1,Muito alto
3304524,33,70.35,68.67,750.37,-1.6799999999999926,RJ,Sudeste,0.7764968847402121,1,Muito alto
2112456,21,64.13,49.69,736.76,-14.439999999999998,MA,Nordeste,0.7763818412215931,1,Muito alto
2903607,29,37.78,29.82,722.82,-7.960000000000001,BA,Nordeste,0.7760283288376476,1,Muito alto
3305133,33,76.59,80.39,764.29,3.799999999999997,RJ,Sudeste,0.7758070641665915,1,Muito alto
2200806,22,80.0,73.81,772.9,-6.189999999999998,PI,Nordeste,0.7756808040508812,1,Muito alto
3304201,33,72.21,72.48,754.48,0.27000000000001023,RJ,Sudeste,0.7750990535837922,1,Muito alto
2923357,29,38.2,34.04,721.34,-4.160000000000004,BA,Nordeste,0.7750790300271716,1,Muito alto
4323705,43,76.0,100.0,785.9,24.0,RS,Sul,0.7748431434482115,1,Muito alto
2109551,21,62.66,50.14,731.37,-12.519999999999996,MA,Nordeste,0.7747877764201159,1,Muito alto
4101853,41,76.92,69.82,745.4,-7.1000000000000085,PR,Sul,0.774573412387086,1,Muito alto
2209377,22,67.18,51.64,743.3,-15.540000000000006,PI,Nordeste,0.7745262216792781,1,Muito alto
4108957,41,79.67,71.55,754.09,-8.120000000000005,PR,Sul,0.7743523339815869,1,Muito alto
2807105,28,47.41,30.35,718.57,-17.059999999999995,SE,Nordeste,0.7737407860632974,1,Muito alto
2100873,21,80.0,91.6,763.3,11.599999999999994,MA,Nordeste,0.7734689270046314,1,Muito alto
3303906,33,68.17,64.81,745.88,-3.3599999999999994,RJ,Sudeste,0.7734203680815529,1,Muito alto
1502855,15,50.81,42.47,720.69,-8.340000000000003,PA,Norte,0.7734059326747352,1,Muito alto
2205854,22,67.86,55.88,742.78,-11.979999999999997,PI,Nordeste,0.7733628935797643,1,Muito alto
3514502,35,80.0,77.0,768.81,-3.0,SP,Sudeste,0.7731885058220552,1,Muito alto
1304302,13,64.52,73.95,754.65,9.430000000000007,AM,Norte,0.7728287774101454,1,Muito alto
4320305,43,55.76,50.0,750.42,-5.759999999999998,RS,Sul,0.7728090430612821,1,Muito alto
3103603,31,76.51,57.09,729.39,-19.42,MG,Sudeste,0.7725114163707009,1,Muito alto
3302403,33,66.41,59.46,743.67,-6.949999999999996,RJ,Sudeste,0.7724781675142623,1,Muito alto
3303401,33,70.0,68.84,749.71,-1.1599999999999966,RJ,Sudeste,0.7720512442254435,1,Muito alto
1507458,15,57.34,52.06,737.45,-5.280000000000001,PA,Norte,0.7715018490110486,1,Muito alto
5005103,50,70.92,56.25,742.96,-14.670000000000002,MS,Centro-Oeste,0.7714779953825782,1,Muito alto
3500600,35,80.0,80.89,766.19,0.8900000000000006,SP,Sudeste,0.7714216063863553,1,Muito alto
5107305,51,75.26,60.28,752.9,-14.980000000000004,MT,Centro-Oeste,0.7713612459581847,1,Muito alto
2806107,28,52.05,39.01,729.33,-13.04,SE,Nordeste,0.7709758502101656,1,Muito alto
3507308,35,73.9,66.62,754.89,-7.280000000000001,SP,Sudeste,0.7708595098461893,1,Muito alto
2504504,25,64.0,46.13,742.86,-17.869999999999997,PB,Nordeste,0.7707013528946918,1,Muito alto
1101203,11,74.81,69.17,751.95,-5.640000000000001,RO,Norte,0.7705815169569051,1,Muito alto
5108352,51,58.95,23.86,721.28,-35.09,MT,Centro-Oeste,0.7705244650031581,1,Muito alto
5101605,51,66.53,41.67,735.38,-24.86,MT,Centro-Oeste,0.7705094188067368,1,Muito alto
2803906,28,48.29,36.75,717.63,-11.54,SE,Nordeste,0.7696835490148995,1,Muito alto
4115903,41,73.37,56.0,743.77,-17.370000000000005,PR,Sul,0.7692328139805825,1,Muito alto
3128600,31,79.32,51.62,744.23,-27.699999999999996,MG,Sudeste,0.7689309661714153,1,Muito alto
4105409,41,80.0,70.85,756.75,-9.150000000000006,PR,Sul,0.7685863762705772,1,Muito alto
2706505,27,54.15,32.59,718.97,-21.559999999999995,AL,Nordeste,0.7685561905357545,1,Muito alto
2708204,27,71.26,70.72,752.39,-0.5400000000000063,AL,Nordeste,0.7682559563901281,1,Muito alto
4311205,43,49.24,42.2,733.48,-7.039999999999999,RS,Sul,0.7678345253084523,1,Muito alto
3508306,35,79.58,78.11,767.36,-1.4699999999999989,SP,Sudeste,0.7676692140151126,1,Muito alto
3531407,35,75.51,65.44,762.17,-10.070000000000007,SP,Sudeste,0.7673256858034027,1,Muito alto
2513851,25,56.38,35.81,723.61,-20.57,PB,Nordeste,0.767035738298384,1,Muito alto
2201945,22,80.0,77.1,771.88,-2.9000000000000057,PI,Nordeste,0.7668633443732056,1,Muito alto
1501758,15,67.55,75.7,757.46,8.150000000000006,PA,Norte,0.7668223287883054,1,Muito alto
3531308,35,71.18,59.0,751.44,-12.180000000000007,SP,Sudeste,0.7666072810031844,1,Muito alto
1100148,11,76.38,75.61,753.48,-0.769999999999996,RO,Norte,0.7664599011720358,1,Muito alto
2511400,25,61.49,42.85,736.93,-18.64,PB,Nordeste,0.7664062226171015,1,Muito alto
1101559,11,74.44,65.3,754.2,-9.14,RO,Norte,0.7662989756374764,1,Muito alto
3544004,35,69.84,58.5,747.07,-11.340000000000003,SP,Sudeste,0.7659662922941175,1,Muito alto
2406809,24,53.62,47.42,726.38,-6.199999999999996,RN,Nordeste,0.7656534072824114,1,Muito alto
3517604,35,71.09,60.31,750.3,-10.780000000000001,SP,Sudeste,0.7655790122725848,1,Muito alto
2806404,28,43.85,22.21,713.11,-21.64,SE,Nordeste,0.7655672417389052,1,Muito alto
4219150,42,80.0,69.58,754.73,-10.420000000000002,SC,Sul,0.7655412091898154,1,Muito alto
3532843,35,79.25,72.22,770.92,-7.030000000000001,SP,Sudeste,0.7655081107305713,1,Muito alto
1711506,17,67.22,62.32,756.47,-4.899999999999999,TO,Norte,0.7652970158117868,1,Muito alto
4125555,41,80.0,73.08,755.62,-6.920000000000002,PR,Sul,0.7652500821268418,1,Muito alto
2801405,28,47.68,34.24,718.02,-13.439999999999998,SE,Nordeste,0.7652311306231561,1,Muito alto
4115309,41,77.47,66.98,751.05,-10.489999999999995,PR,Sul,0.7651312037762418,1,Muito alto
4128401,41,77.58,66.07,752.15,-11.510000000000005,PR,Sul,0.7649974876625061,1,Muito alto
2807402,28,54.06,46.26,732.15,-7.800000000000004,SE,Nordeste,0.7649666547530681,1,Muito alto
1100502,11,74.83,70.67,751.83,-4.159999999999997,RO,Norte,0.7648302420624085,1,Muito alto
2805604,28,39.04,16.87,699.91,-22.169999999999998,SE,Nordeste,0.7642888703687837,1,Muito alto
2210102,22,77.2,75.0,763.78,-2.200000000000003,PI,Nordeste,0.7640128228819625,1,Muito alto
2111672,21,58.56,35.69,729.1,-22.870000000000005,MA,Nordeste,0.7640010918537,1,Muito alto
2926103,29,33.98,23.58,715.7,-10.399999999999999,BA,Nordeste,0.7639988706497165,1,Muito alto
2102556,21,69.62,61.7,749.69,-7.920000000000002,MA,Nordeste,0.7637651006924394,1,Muito alto
5107107,51,80.0,68.7,765.06,-11.299999999999997,MT,Centro-Oeste,0.7632343654193433,1,Muito alto
3306008,33,62.15,51.43,735.85,-10.719999999999999,RJ,Sudeste,0.7626792960556908,1,Muito alto
2108603,21,61.85,46.82,733.04,-15.030000000000001,MA,Nordeste,0.7617158980669273,1,Muito alto
3534807,35,80.0,76.07,771.37,-3.930000000000007,SP,Sudeste,0.7616454760185537,1,Muito alto
3533254,35,72.18,63.99,752.15,-8.190000000000005,SP,Sudeste,0.7614464943413213,1,Muito alto
2400208,24,54.25,40.86,734.24,-13.39,RN,Nordeste,0.761429192013755,1,Muito alto
2103703,21,70.36,66.32,749.31,-4.040000000000006,MA,Nordeste,0.7612593132645598,1,Muito alto
2203354,22,47.45,11.96,703.84,-35.49,PI,Nordeste,0.7607337894948694,1,Muito alto
3539004,35,80.0,75.61,771.88,-4.390000000000001,SP,Sudeste,0.760598816959386,1,Muito alto
3303609,33,69.35,69.98,748.37,0.6300000000000097,RJ,Sudeste,0.760471198436286,1,Muito alto
3546801,35,74.63,67.17,758.79,-7.459999999999994,SP,Sudeste,0.760460571343586,1,Muito alto
4112306,41,76.98,64.46,751.91,-12.52000000000001,PR,Sul,0.7604384085846482,1,Muito alto
4115358,41,80.0,76.69,753.69,-3.3100000000000023,PR,Sul,0.7604160162075808,1,Muito alto
2922706,29,44.35,50.0,734.03,5.649999999999999,BA,Nordeste,0.7603495888710399,1,Muito alto
2704906,27,65.82,57.65,743.83,-8.169999999999995,AL,Nordeste,0.7598636487600459,1,Muito alto
4214607,42,80.0,70.6,754.88,-9.400000000000006,SC,Sul,0.759808619024306,1,Muito alto
4122107,41,80.0,69.55,759.13,-10.450000000000003,PR,Sul,0.7597867678990997,1,Muito alto
3507456,35,67.24,53.42,742.45,-13.819999999999993,SP,Sudeste,0.7597834623909538,1,Muito alto
3549201,35,80.0,80.0,768.74,0.0,SP,Sudeste,0.759690451141459,1,Muito alto
3539202,35,76.56,69.44,764.22,-7.1200000000000045,SP,Sudeste,0.7595331526151493,1,Muito alto
2104305,21,80.0,88.4,768.0,8.400000000000006,MA,Nordeste,0.7591424752085997,1,Muito alto
4100707,41,76.32,64.66,749.59,-11.659999999999997,PR,Sul,0.7590642650887814,1,Muito alto
1501105,15,57.48,53.31,739.02,-4.169999999999995,PA,Norte,0.7590493683938152,1,Muito alto
2922904,29,37.7,31.41,724.11,-6.290000000000003,BA,Nordeste,0.7588921891551401,1,Muito alto
4321832,43,47.33,40.0,729.71,-7.329999999999998,RS,Sul,0.7584702567162271,1,Muito alto
4107603,41,80.0,71.76,757.71,-8.239999999999995,PR,Sul,0.7583081975831152,1,Muito alto
2414902,24,65.79,61.9,760.74,-3.8900000000000077,RN,Nordeste,0.7583020319811602,1,Muito alto
4104428,41,75.4,64.69,746.36,-10.710000000000008,PR,Sul,0.7582999299841071,1,Muito alto
1703891,17,48.13,23.86,717.31,-24.270000000000003,TO,Norte,0.7582029952019824,1,Muito alto
5008008,50,66.78,47.09,737.0,-19.689999999999998,MS,Centro-Oeste,0.7579726126762952,1,Muito alto
3520202,35,67.46,50.61,745.66,-16.849999999999994,SP,Sudeste,0.7577998407140433,1,Muito alto
2101608,21,70.11,64.05,750.72,-6.060000000000002,MA,Nordeste,0.7573509331292007,1,Muito alto
1304401,13,52.79,46.46,735.4,-6.329999999999998,AM,Norte,0.7564836132113432,1,Muito alto
2112803,21,65.36,53.36,741.68,-12.0,MA,Nordeste,0.756417434781106,1,Muito alto
3304151,33,70.62,70.11,753.53,-0.5100000000000051,RJ,Sudeste,0.7562543897608964,1,Muito alto
4314407,43,46.81,39.4,728.65,-7.410000000000004,RS,Sul,0.7560968259993868,1,Muito alto
2612703,26,80.0,70.05,761.84,-9.950000000000003,PE,Nordeste,0.7559127223614747,1,Muito alto
3302106,33,70.01,70.09,751.5,0.0799999999999983,RJ,Sudeste,0.7552195815783188,1,Muito alto
3523503,35,67.63,54.18,744.12,-13.449999999999996,SP,Sudeste,0.7545033339788599,1,Muito alto
4315073,43,68.59,88.2,771.19,19.61,RS,Sul,0.7544499253555461,1,Muito alto
3300225,33,68.12,63.64,749.64,-4.480000000000004,RJ,Sudeste,0.7542419858679303,1,Muito alto
2203008,22,79.95,79.55,771.95,-0.4000000000000057,PI,Nordeste,0.753692529814384,1,Muito alto
5005251,50,80.0,77.47,762.78,-2.530000000000001,MS,Centro-Oeste,0.7535988793486416,1,Muito alto
4126678,41,75.72,65.46,747.69,-10.260000000000005,PR,Sul,0.7535092044520271,1,Muito alto
2929800,29,30.12,20.73,705.55,-9.39,BA,Nordeste,0.7533224887738819,1,Muito alto
4205605,42,80.0,70.47,756.09,-9.530000000000001,SC,Sul,0.7526926626774105,1,Muito alto
4118501,41,78.74,71.14,754.51,-7.599999999999994,PR,Sul,0.7525781089249771,1,Muito alto
4312708,43,54.22,52.4,746.41,-1.8200000000000003,RS,Sul,0.7517223454303638,1,Muito alto
2510204,25,56.96,38.04,726.55,-18.92,PB,Nordeste,0.751115325935836,1,Muito alto
5215207,52,80.0,54.84,730.67,-25.159999999999997,GO,Centro-Oeste,0.750108208629549,1,Muito alto
2107209,21,61.87,46.83,734.93,-15.04,MA,Nordeste,0.7500333375492978,1,Muito alto
4113452,41,80.0,72.9,758.18,-7.099999999999994,PR,Sul,0.7497985297485781,1,Alto
2206605,22,71.24,57.85,757.28,-13.389999999999993,PI,Nordeste,0.7497723909130096,1,Alto
2605509,26,65.28,41.36,731.05,-23.92,PE,Nordeste,0.749474683050815,1,Alto
4209458,42,78.99,66.07,756.23,-12.920000000000002,SC,Sul,0.7494341058575811,1,Alto
3305208,33,63.99,55.74,741.39,-8.25,RJ,Sudeste,0.7491891805954607,1,Alto
3304003,33,65.7,60.43,744.15,-5.270000000000003,RJ,Sudeste,0.7486512821188566,1,Alto
3524600,35,69.05,54.8,749.7,-14.25,SP,Sudeste,0.7486268625698904,1,Alto
1507805,15,47.44,35.9,717.37,-11.54,PA,Norte,0.7484562890178628,1,Alto
2110039,21,80.0,85.76,771.66,5.760000000000005,MA,Nordeste,0.7482901219135182,1,Alto
2804508,28,44.41,31.24,711.13,-13.169999999999998,SE,Nordeste,0.7480224108668722,1,Alto
4120309,41,80.0,75.0,756.94,-5.0,PR,Sul,0.7476397168269625,1,Alto
2204600,22,80.0,81.47,771.63,1.4699999999999989,PI,Nordeste,0.7476196566577092,1,Alto
4120408,41,77.36,62.98,756.46,-14.380000000000003,PR,Sul,0.7471224738034483,1,Alto
2406502,24,48.64,35.61,720.1,-13.030000000000001,RN,Nordeste,0.7471182757872327,1,Alto
2914208,29,52.91,65.38,755.59,12.469999999999999,BA,Nordeste,0.74682370995832,1,Alto
4114708,41,69.61,49.96,738.22,-19.65,PR,Sul,0.7467599683453892,1,Alto
4101606,41,76.8,67.63,751.04,-9.170000000000002,PR,Sul,0.7465731064036577,1,Alto
2413359,24,46.99,27.68,720.15,-19.310000000000002,RN,Nordeste,0.7465471014260002,1,Alto
3512407,35,76.12,69.6,764.53,-6.52000000000001,SP,Sudeste,0.7464934139002309,1,Alto
3537701,35,80.0,76.68,773.29,-3.319999999999993,SP,Sudeste,0.7463580174101572,1,Alto
2702009,27,76.49,77.24,769.87,0.75,AL,Nordeste,0.7463423844912672,1,Alto
1500206,15,51.93,41.73,729.65,-10.200000000000003,PA,Norte,0.745840453384242,1,Alto
2111953,21,76.78,80.65,764.21,3.8700000000000045,MA,Nordeste,0.7458285610380848,1,Alto
3137106,31,80.0,56.25,746.86,-23.75,MG,Sudeste,0.7457801025914567,1,Alto
3530300,35,71.53,61.57,754.17,-9.96,SP,Sudeste,0.7449337868834546,1,Alto
4104808,41,80.0,74.34,757.87,-5.659999999999997,PR,Sul,0.7447728746597279,1,Alto
3301504,33,65.98,64.16,742.98,-1.8200000000000074,RJ,Sudeste,0.7446671880634851,1,Alto
4125456,41,80.0,74.36,757.91,-5.640000000000001,PR,Sul,0.744410263477331,1,Alto
1720937,17,63.74,55.56,752.27,-8.18,TO,Norte,0.7439024319766784,1,Alto
2200053,22,80.0,81.89,771.9,1.8900000000000006,PI,Nordeste,0.7437766144096963,1,Alto
4125308,41,80.0,70.73,760.73,-9.269999999999996,PR,Sul,0.7437175148108554,1,Alto
2801900,28,55.66,54.53,735.07,-1.1299999999999955,SE,Nordeste,0.7436428100571646,1,Alto
4112108,41,77.88,68.64,754.64,-9.239999999999995,PR,Sul,0.7436159160270194,1,Alto
1501253,15,53.57,47.37,731.72,-6.200000000000003,PA,Norte,0.7434905299127754,1,Alto
1716109,17,66.87,63.45,757.84,-3.4200000000000017,TO,Norte,0.7429134914019493,1,Alto
2608057,26,77.29,68.05,755.57,-9.240000000000009,PE,Nordeste,0.7426397560800264,1,Alto
1506203,15,55.04,50.44,734.87,-4.600000000000001,PA,Norte,0.7426368612528974,1,Alto
2105005,21,67.55,59.22,747.4,-8.329999999999998,MA,Nordeste,0.7422051056391328,1,Alto
3305752,33,63.44,54.46,741.42,-8.979999999999997,RJ,Sudeste,0.7422019775157911,1,Alto
3306305,33,66.58,63.25,746.21,-3.3299999999999983,RJ,Sudeste,0.7421592282835344,1,Alto
1503309,15,50.18,41.34,724.19,-8.839999999999996,PA,Norte,0.7420170187248959,1,Alto
2202711,22,71.49,59.56,758.1,-11.929999999999993,PI,Nordeste,0.7419158495864506,1,Alto
1303502,13,51.88,48.43,732.94,-3.450000000000003,AM,Norte,0.7414503826956075,1,Alto
1715101,17,52.09,36.09,725.09,-16.0,TO,Norte,0.7412614907290311,1,Alto
4119954,41,73.93,61.28,746.38,-12.650000000000006,PR,Sul,0.7401403129810784,1,Alto
3153202,31,80.0,54.55,748.99,-25.450000000000003,MG,Sudeste,0.7400924090943065,1,Alto
2915353,29,36.47,32.8,721.53,-3.6700000000000017,BA,Nordeste,0.7399473776670618,1,Alto
2806701,28,63.75,68.53,754.42,4.780000000000001,SE,Nordeste,0.7399358297036425,1,Alto
2104099,21,80.0,84.29,774.03,4.290000000000006,MA,Nordeste,0.7398976310703469,1,Alto
4125407,41,80.0,76.15,757.26,-3.8499999999999943,PR,Sul,0.7398366040556155,1,Alto
2102036,21,68.89,63.18,749.71,-5.710000000000001,MA,Nordeste,0.7393750252447606,1,Alto
2504900,25,64.13,47.63,747.1,-16.499999999999993,PB,Nordeste,0.739344823187657,1,Alto
1507961,15,54.1,49.88,732.42,-4.219999999999999,PA,Norte,0.7390976693226384,1,Alto
3301900,33,60.66,50.45,734.83,-10.209999999999994,RJ,Sudeste,0.7390921214823667,1,Alto
2110401,21,57.56,38.29,727.39,-19.270000000000003,MA,Nordeste,0.7390628166458081,1,Alto
3301850,33,59.91,47.75,734.16,-12.159999999999997,RJ,Sudeste,0.7389353523063553,1,Alto
3504107,35,73.5,65.46,759.29,-8.040000000000006,SP,Sudeste,0.7389317980422503,1,Alto
2507705,25,60.43,45.45,735.44,-14.979999999999997,PB,Nordeste,0.7387202604123554,1,Alto
3537008,35,67.06,51.67,746.47,-15.39,SP,Sudeste,0.7378548027763857,1,Alto
2409209,24,57.99,50.69,744.07,-7.300000000000004,RN,Nordeste,0.7376447763346683,1,Alto
3522653,35,56.8,29.85,725.71,-26.949999999999996,SP,Sudeste,0.7376368181250325,1,Alto
1101807,11,63.63,44.06,735.44,-19.57,RO,Norte,0.7374861352345222,1,Alto
2701407,27,70.13,67.45,755.53,-2.6799999999999926,AL,Nordeste,0.7374193375518026,1,Alto
2211308,22,61.1,42.13,734.24,-18.97,PI,Nordeste,0.7373304176322821,1,Alto
3303807,33,60.27,48.89,734.86,-11.380000000000003,RJ,Sudeste,0.7372555579905075,1,Alto
2106755,21,63.27,50.55,739.21,-12.720000000000006,MA,Nordeste,0.7368118524710201,1,Alto
3107000,31,80.0,58.22,746.74,-21.78,MG,Sudeste,0.7367750271026605,1,Alto
5100508,51,71.51,52.43,750.62,-19.080000000000005,MT,Centro-Oeste,0.7365691220834473,1,Alto
2103158,21,80.0,87.93,771.84,7.930000000000007,MA,Nordeste,0.736325727433269,1,Alto
4215075,42,80.0,72.07,757.42,-7.930000000000007,SC,Sul,0.7360160522258973,1,Alto
4120903,41,74.27,62.11,747.64,-12.159999999999997,PR,Sul,0.7357732943701102,1,Alto
3304300,33,63.74,57.46,741.28,-6.280000000000001,RJ,Sudeste,0.735381767591613,1,Alto
2509370,25,52.66,18.18,728.23,-34.48,PB,Nordeste,0.7353650721310311,1,Alto
4204905,42,80.0,70.31,758.87,-9.689999999999998,SC,Sul,0.7351147290112082,1,Alto
2412203,24,48.56,34.77,722.26,-13.79,RN,Nordeste,0.7349964107232105,1,Alto
3305604,33,63.43,57.35,740.3,-6.079999999999998,RJ,Sudeste,0.7349827250396949,1,Alto
2205904,22,80.0,82.38,772.86,2.3799999999999955,PI,Nordeste,0.7349083526740309,1,Alto
4128633,41,77.42,69.45,753.7,-7.969999999999999,PR,Sul,0.7347217677737294,1,Alto
3531902,35,63.3,45.3,738.11,-18.0,SP,Sudeste,0.7346455620399216,1,Alto
1504703,15,46.54,34.29,717.41,-12.25,PA,Norte,0.7345519515561549,1,Alto
4104709,41,75.62,66.18,749.72,-9.439999999999998,PR,Sul,0.7341450865686517,1,Alto
2406007,24,55.7,49.94,736.92,-5.760000000000005,RN,Nordeste,0.7337823285796957,1,Alto
4203709,42,66.02,41.37,730.15,-24.65,SC,Sul,0.7337399205595375,1,Alto
3551306,35,80.0,75.86,775.81,-4.140000000000001,SP,Sudeste,0.7336328958976766,1,Alto
3304706,33,70.72,73.82,754.6,3.0999999999999943,RJ,Sudeste,0.7332954455877873,1,Alto
2911105,29,35.22,28.21,721.43,-7.009999999999998,BA,Nordeste,0.7332948933310185,1,Alto
3300803,33,60.17,49.28,734.8,-10.89,RJ,Sudeste,0.7332479697889754,1,Alto
2500502,25,64.7,53.1,745.98,-11.600000000000001,PB,Nordeste,0.7332177850753335,1,Alto
4121505,41,80.0,77.0,757.65,-3.0,PR,Sul,0.7329285284287268,1,Alto
4113809,41,80.0,77.71,757.13,-2.2900000000000063,PR,Sul,0.7328534033849904,1,Alto
2409407,24,51.81,38.9,731.25,-12.910000000000004,RN,Nordeste,0.7328081467522871,1,Alto
2405108,24,45.15,29.91,713.94,-15.239999999999998,RN,Nordeste,0.7324222551072952,1,Alto
2908804,29,39.48,40.62,727.69,1.1400000000000006,BA,Nordeste,0.7323931760953801,1,Alto
4122503,41,80.0,76.32,758.29,-3.680000000000007,PR,Sul,0.732035393795573,1,Alto
1708254,17,59.04,51.71,739.96,-7.329999999999998,TO,Norte,0.7317470251618553,1,Alto
4123006,41,80.0,76.46,758.25,-3.5400000000000063,PR,Sul,0.7315947426502317,1,Alto
4109401,41,76.11,67.0,751.4,-9.11,PR,Sul,0.7306032125330542,1,Alto
2600906,26,72.29,55.29,748.86,-17.000000000000007,PE,Nordeste,0.7303044635115727,1,Alto
2204105,22,57.89,32.38,730.97,-25.509999999999998,PI,Nordeste,0.7302233124987395,1,Alto
4111704,41,80.0,73.86,760.4,-6.140000000000001,PR,Sul,0.7301940490245346,1,Alto
2110203,21,66.19,56.53,746.32,-9.659999999999997,MA,Nordeste,0.729889339544205,1,Alto
2600302,26,74.28,64.09,749.54,-10.189999999999998,PE,Nordeste,0.7298683652419543,1,Alto
3301702,33,57.8,45.37,729.72,-12.43,RJ,Sudeste,0.7293734089666072,1,Alto
2206696,22,71.09,65.17,754.34,-5.920000000000002,PI,Nordeste,0.7292105950718002,1,Alto
3536000,35,76.91,73.38,767.14,-3.530000000000001,SP,Sudeste,0.7291864767115753,1,Alto
4121257,41,80.0,77.23,758.04,-2.769999999999996,PR,Sul,0.7290944571807728,1,Alto
2104701,21,75.0,75.68,763.99,0.6800000000000068,MA,Nordeste,0.7290301760470976,1,Alto
4118402,41,80.0,74.3,760.26,-5.700000000000003,PR,Sul,0.7288995521751446,1,Alto
1720002,17,63.88,57.14,753.83,-6.740000000000002,TO,Norte,0.7288505853363993,1,Alto
3549953,35,67.42,58.4,744.07,-9.020000000000003,SP,Sudeste,0.728821075437894,1,Alto
4118006,41,76.43,67.76,752.26,-8.670000000000002,PR,Sul,0.7287491779530112,1,Alto
3548609,35,67.79,57.89,745.82,-9.900000000000006,SP,Sudeste,0.7286143565640264,1,Alto
3527256,35,75.84,72.22,764.25,-3.6200000000000045,SP,Sudeste,0.7284127367301378,1,Alto
4113205,41,80.0,74.83,759.94,-5.170000000000002,PR,Sul,0.7283752899381243,1,Alto
3305802,33,66.32,64.17,746.69,-2.1499999999999915,RJ,Sudeste,0.7279143271231984,1,Alto
3519006,35,80.0,81.08,772.8,1.0799999999999983,SP,Sudeste,0.7275252648144176,1,Alto
3514304,35,74.14,71.85,758.53,-2.2900000000000063,SP,Sudeste,0.7273639888186912,1,Alto
1507508,15,47.76,35.42,722.04,-12.339999999999996,PA,Norte,0.7273051513667408,1,Alto
1706001,17,58.52,49.04,740.74,-9.480000000000004,TO,Norte,0.7272018081476129,1,Alto
4113106,41,80.0,77.98,757.77,-2.019999999999996,PR,Sul,0.7270959183457393,1,Alto
4117255,41,80.0,72.83,761.66,-7.170000000000002,PR,Sul,0.7268346943882119,1,Alto
2927507,29,36.59,31.58,724.81,-5.010000000000005,BA,Nordeste,0.7268341367357851,1,Alto
4128500,41,80.0,74.37,760.51,-5.6299999999999955,PR,Sul,0.7268217461990851,1,Alto
2210953,22,72.3,65.11,759.11,-7.189999999999998,PI,Nordeste,0.7268185038490544,1,Alto
4123709,41,80.0,75.13,759.96,-4.8700000000000045,PR,Sul,0.7266945666929467,1,Alto
3528007,35,69.83,62.4,750.12,-7.43,SP,Sudeste,0.7265919905054632,1,Alto
4123857,41,77.37,70.26,754.14,-7.109999999999999,PR,Sul,0.7263443487597517,1,Alto
3303302,33,61.09,51.2,737.71,-9.89,RJ,Sudeste,0.7262818496120245,1,Alto
3304904,33,56.76,43.71,727.67,-13.049999999999997,RJ,Sudeste,0.7261405344801131,1,Alto
3533601,35,72.76,64.88,758.94,-7.88000000000001,SP,Sudeste,0.726065448997328,1,Alto
4124608,41,78.79,73.36,757.01,-5.430000000000007,PR,Sul,0.7259843360102344,1,Alto
4109807,41,75.39,64.9,751.05,-10.489999999999995,PR,Sul,0.7259092137770351,1,Alto
2504702,25,59.31,40.66,736.87,-18.650000000000006,PB,Nordeste,0.7258087229534781,1,Alto
2103125,21,80.0,84.42,776.01,4.420000000000002,MA,Nordeste,0.725790783383316,1,Alto
4105508,41,79.69,74.95,759.12,-4.739999999999995,PR,Sul,0.7256824344846599,1,Alto
1500909,15,51.58,43.99,729.69,-7.589999999999996,PA,Norte,0.7256358789083415,1,Alto
2104628,21,80.0,91.67,770.61,11.670000000000002,MA,Nordeste,0.7256332582442913,1,Alto
3302700,33,64.27,59.97,742.76,-4.299999999999997,RJ,Sudeste,0.7255447190237011,1,Alto
1709807,17,42.44,21.43,703.57,-21.009999999999998,TO,Norte,0.7248260431957354,1,Alto
3508504,35,61.85,44.26,735.15,-17.590000000000003,SP,Sudeste,0.7243281705531449,1,Alto
4106506,41,80.0,74.6,760.75,-5.400000000000006,PR,Sul,0.7239743008018269,1,Alto
4123204,41,80.0,80.09,756.65,0.09000000000000341,PR,Sul,0.7239300910121929,1,Alto
4306304,43,52.02,45.5,747.76,-6.520000000000003,RS,Sul,0.7239112953043298,1,Alto
2806503,28,40.4,26.74,703.58,-13.66,SE,Nordeste,0.7238349615188754,1,Alto
3141504,31,79.75,60.0,746.4,-19.75,MG,Sudeste,0.7238230208215781,1,Alto
3304110,33,67.03,63.3,750.56,-3.730000000000004,RJ,Sudeste,0.7234182655511247,1,Alto
3514106,35,67.45,57.41,745.72,-10.040000000000006,SP,Sudeste,0.7232940663397555,1,Alto
4202081,42,73.21,56.89,746.08,-16.319999999999993,SC,Sul,0.7232396920174738,1,Alto
3300704,33,62.89,55.08,741.81,-7.810000000000002,RJ,Sudeste,0.7228821748731952,1,Alto
3505351,35,69.85,65.29,748.59,-4.559999999999988,SP,Sudeste,0.7227203847489354,1,Alto
3300407,33,65.96,63.88,746.36,-2.079999999999991,RJ,Sudeste,0.7226935939129813,1,Alto
2104602,21,61.75,48.13,737.65,-13.619999999999997,MA,Nordeste,0.7222460858122397,1,Alto
1712009,17,52.99,38.15,729.61,-14.840000000000003,TO,Norte,0.7221620000614282,1,Alto
5105606,51,70.21,52.57,747.92,-17.639999999999993,MT,Centro-Oeste,0.7221411178309836,1,Alto
2515401,25,63.76,54.16,743.42,-9.600000000000001,PB,Nordeste,0.7219897137728177,1,Alto
3545704,35,70.21,58.21,755.31,-11.999999999999993,SP,Sudeste,0.7218705223454035,1,Alto
2209401,22,67.3,55.71,748.78,-11.589999999999996,PI,Nordeste,0.7217929662834202,1,Alto
2505279,25,64.6,55.56,745.44,-9.039999999999992,PB,Nordeste,0.7217901575872926,1,Alto
3500402,35,69.66,61.82,750.65,-7.839999999999996,SP,Sudeste,0.7216636829669932,1,Alto
3301306,33,63.12,58.33,740.43,-4.789999999999999,RJ,Sudeste,0.7213579864228545,1,Alto
2111508,21,69.52,66.16,752.42,-3.3599999999999994,MA,Nordeste,0.7212028472102124,1,Alto
4111555,41,80.0,77.24,759.22,-2.760000000000005,PR,Sul,0.720880931853045,1,Alto
4109757,41,75.04,70.35,746.48,-4.690000000000012,PR,Sul,0.7205446503417968,1,Alto
3547700,35,79.99,79.01,775.37,-0.9799999999999898,SP,Sudeste,0.720189536231383,1,Alto
3535606,35,68.82,58.56,750.32,-10.259999999999991,SP,Sudeste,0.7197774137175628,1,Alto
3300100,33,64.51,60.8,743.84,-3.710000000000008,RJ,Sudeste,0.7197549204183181,1,Alto
4126801,41,72.72,61.07,745.16,-11.649999999999999,PR,Sul,0.7196293874878505,1,Alto
2801306,28,47.68,35.78,723.77,-11.899999999999999,SE,Nordeste,0.7195292230806354,1,Alto
2101004,21,71.46,72.37,755.07,0.9100000000000108,MA,Nordeste,0.7192636618918968,1,Alto
2928307,29,31.5,22.95,713.95,-8.55,BA,Nordeste,0.719213396711208,1,Alto
2106201,21,77.84,84.97,768.77,7.1299999999999955,MA,Nordeste,0.7189396073154143,1,Alto
1600279,16,52.13,39.8,732.46,-12.330000000000005,AP,Norte,0.7185075845046389,1,Alto
2510105,25,70.55,67.53,758.48,-3.019999999999996,PB,Nordeste,0.7185008455578924,1,Alto
2704609,27,72.33,74.38,761.06,2.049999999999997,AL,Nordeste,0.7184938479667218,1,Alto
3510708,35,72.42,59.86,762.59,-12.560000000000002,SP,Sudeste,0.7182341923991308,1,Alto
3556800,35,68.85,60.23,749.41,-8.619999999999997,SP,Sudeste,0.7181609565995143,1,Alto
2900405,29,36.58,30.43,726.91,-6.149999999999999,BA,Nordeste,0.7179570565606339,1,Alto
4109005,41,80.0,75.09,761.27,-4.909999999999997,PR,Sul,0.7177860519290796,1,Alto
2800209,28,37.01,20.53,696.85,-16.479999999999997,SE,Nordeste,0.7176367572099507,1,Alto
3505906,35,67.11,55.68,746.61,-11.43,SP,Sudeste,0.7175230409517193,1,Alto
2806305,28,41.22,22.15,710.92,-19.07,SE,Nordeste,0.717264153627606,1,Alto
5106851,51,80.0,77.75,765.29,-2.25,MT,Centro-Oeste,0.7166024356201066,1,Alto
3540606,35,75.58,70.08,766.64,-5.5,SP,Sudeste,0.716379084402703,1,Alto
4116109,41,79.52,78.01,757.56,-1.509999999999991,PR,Sul,0.716305221071443,1,Alto
3538907,35,62.15,46.03,736.07,-16.119999999999997,SP,Sudeste,0.7162291823581051,1,Alto
1718808,17,55.29,43.25,734.98,-12.04,TO,Norte,0.7161012813574725,1,Alto
2925253,29,38.69,36.99,729.9,-1.6999999999999957,BA,Nordeste,0.7160969178296372,1,Alto
2511301,25,58.98,38.92,738.45,-20.059999999999995,PB,Nordeste,0.7155276498777092,1,Alto
2918308,29,39.62,40.82,730.49,1.2000000000000028,BA,Nordeste,0.7154569540027,1,Alto
3526209,35,66.59,55.99,744.8,-10.600000000000001,SP,Sudeste,0.7153885702544857,1,Alto
4215307,42,78.59,68.23,758.18,-10.36,SC,Sul,0.7153873921663594,1,Alto
3532702,35,80.0,80.24,775.19,0.23999999999999488,SP,Sudeste,0.7152424824331161,1,Alto
2103752,21,70.97,69.82,755.79,-1.1500000000000057,MA,Nordeste,0.7151463977865723,1,Alto
1600212,16,57.7,53.36,742.95,-4.340000000000003,AP,Norte,0.71509693583446,1,Alto
3515186,35,70.09,61.16,753.64,-8.930000000000007,SP,Sudeste,0.7150596037764211,1,Alto
4217253,42,75.81,59.93,754.4,-15.880000000000003,SC,Sul,0.7149078834687209,1,Alto
3510153,35,79.58,79.49,774.3,-0.09000000000000341,SP,Sudeste,0.7147597977385589,1,Alto
4116703,41,80.0,74.99,761.78,-5.010000000000005,PR,Sul,0.7147175072532722,1,Alto
3504503,35,64.83,52.47,741.18,-12.36,SP,Sudeste,0.7145858640324124,1,Alto
3535101,35,80.0,77.46,777.37,-2.5400000000000063,SP,Sudeste,0.7145308775191976,1,Alto
2410405,24,49.56,36.22,727.77,-13.340000000000003,RN,Nordeste,0.7143958542927765,1,Alto
2205003,22,75.93,73.67,767.62,-2.260000000000005,PI,Nordeste,0.7143731226947427,1,Alto
4115705,41,73.39,63.15,746.78,-10.240000000000002,PR,Sul,0.7143340056564763,1,Alto
4105003,41,70.5,56.16,741.59,-14.340000000000003,PR,Sul,0.714081949484944,1,Alto
2515500,25,64.89,54.35,748.5,-10.54,PB,Nordeste,0.7140201998638614,1,Alto
3142809,31,76.36,56.72,738.0,-19.64,MG,Sudeste,0.713943548020018,1,Alto
4114005,41,80.0,74.68,762.13,-5.319999999999993,PR,Sul,0.7138811538671335,1,Alto
4112207,41,80.0,77.3,760.29,-2.700000000000003,PR,Sul,0.7130322348889797,1,Alto
3100708,31,80.0,55.3,752.38,-24.700000000000003,MG,Sudeste,0.712872548842352,1,Alto
3522158,35,67.08,51.85,750.07,-15.229999999999997,SP,Sudeste,0.7125480623529123,1,Alto
2604205,26,56.0,21.83,717.58,-34.17,PE,Nordeste,0.712044092803801,1,Alto
2701803,27,55.23,38.85,726.76,-16.379999999999995,AL,Nordeste,0.7115668151875465,1,Alto
3507902,35,67.77,56.01,749.62,-11.759999999999998,SP,Sudeste,0.7113695189837984,1,Alto
3522109,35,62.72,48.05,737.32,-14.670000000000002,SP,Sudeste,0.7112742118749579,1,Alto
2409308,24,46.58,32.76,720.06,-13.82,RN,Nordeste,0.710975350323846,1,Alto
4126900,41,80.0,77.42,760.53,-2.5799999999999983,PR,Sul,0.7106856491573759,1,Alto
2704807,27,57.41,41.5,732.79,-15.909999999999997,AL,Nordeste,0.7106654855635307,1,Alto
3536208,35,69.45,61.36,751.8,-8.090000000000003,SP,Sudeste,0.7106236031754531,1,Alto
4214904,42,78.84,68.78,759.36,-10.060000000000002,SC,Sul,0.710509253210276,1,Alto
2210631,22,80.0,76.86,780.53,-3.1400000000000006,PI,Nordeste,0.7102945260576872,1,Alto
4101507,41,77.18,70.97,755.21,-6.210000000000008,PR,Sul,0.7102839447446814,1,Alto
4213609,42,73.47,59.53,746.91,-13.939999999999998,SC,Sul,0.7101093305450183,1,Alto
5103700,51,69.93,51.15,749.72,-18.78000000000001,MT,Centro-Oeste,0.7097909935859597,1,Alto
1716505,17,61.86,56.7,749.62,-5.159999999999997,TO,Norte,0.7094624990812401,1,Alto
2411700,24,47.54,33.62,723.11,-13.920000000000002,RN,Nordeste,0.7093996246872933,1,Alto
5107354,51,60.66,35.26,728.13,-25.4,MT,Centro-Oeste,0.709384513008879,1,Alto
2208874,22,65.01,54.84,742.91,-10.170000000000002,PI,Nordeste,0.7093469599163563,1,Alto
4217709,42,69.76,49.72,740.97,-20.040000000000006,SC,Sul,0.709090752772782,1,Alto
1508308,15,48.28,38.21,724.43,-10.07,PA,Norte,0.7090828266863716,1,Alto
2105104,21,70.85,68.98,756.84,-1.8699999999999903,MA,Nordeste,0.7090598280692652,1,Alto
4118600,41,78.27,74.56,756.64,-3.7099999999999937,PR,Sul,0.7090516429439969,1,Alto
1504976,15,55.82,52.55,741.1,-3.270000000000003,PA,Norte,0.7082112728760883,1,Alto
4108452,41,80.0,78.1,760.38,-1.9000000000000057,PR,Sul,0.7081207852477455,1,Alto
2919603,29,34.07,30.14,719.45,-3.9299999999999997,BA,Nordeste,0.7080009134779567,1,Alto
3501004,35,72.14,67.78,757.12,-4.359999999999999,SP,Sudeste,0.7078224589418317,1,Alto
2208700,22,80.0,80.52,778.19,0.519999999999996,PI,Nordeste,0.707447939516596,1,Alto
2207306,22,60.98,45.31,735.75,-15.669999999999995,PI,Nordeste,0.7072723211649283,1,Alto
4115002,41,80.0,75.36,762.58,-4.640000000000001,PR,Sul,0.7070400664793811,1,Alto
4110300,41,75.64,69.71,751.05,-5.930000000000007,PR,Sul,0.7069302744358716,1,Alto
3156601,31,80.0,63.6,747.05,-16.4,MG,Sudeste,0.7065961728013966,1,Alto
2207504,22,60.39,46.19,733.06,-14.200000000000003,PI,Nordeste,0.7065361818066789,1,Alto
2514701,25,60.81,48.54,739.14,-12.270000000000003,PB,Nordeste,0.7065042941922014,1,Alto
2103208,21,57.77,41.58,730.38,-16.190000000000005,MA,Nordeste,0.7064801675115585,1,Alto
3129657,31,69.35,37.74,727.89,-31.609999999999992,MG,Sudeste,0.7064422364695375,1,Alto
2108058,21,69.72,68.89,753.19,-0.8299999999999983,MA,Nordeste,0.7064031640599364,1,Alto
3512605,35,57.19,38.69,725.01,-18.5,SP,Sudeste,0.7063153525023975,1,Alto
3500105,35,71.41,66.06,755.98,-5.349999999999994,SP,Sudeste,0.706283961666898,1,Alto
4215752,42,80.0,69.54,763.59,-10.459999999999994,SC,Sul,0.7061916063797498,1,Alto
4116208,41,72.08,59.7,745.8,-12.379999999999995,PR,Sul,0.7059208995428438,1,Alto
3509908,35,69.71,59.72,754.7,-9.989999999999995,SP,Sudeste,0.7053675455523549,1,Alto
4217501,42,80.0,70.92,762.75,-9.079999999999998,SC,Sul,0.7048061584178604,1,Alto
4127858,41,79.55,75.42,761.24,-4.1299999999999955,PR,Sul,0.7046438646971278,1,Alto
3525300,35,66.35,54.89,746.27,-11.459999999999994,SP,Sudeste,0.7045641519318607,1,Alto
3523909,35,69.98,61.67,754.33,-8.310000000000002,SP,Sudeste,0.7045602068971302,1,Alto
4108403,41,79.76,76.41,761.3,-3.3500000000000085,PR,Sul,0.7043487112201438,1,Alto
3508603,35,59.84,41.8,732.56,-18.040000000000006,SP,Sudeste,0.7042210340455232,1,Alto
1600535,16,69.95,73.42,773.86,3.469999999999999,AP,Norte,0.7036345679972039,1,Alto
3526605,35,61.59,46.14,735.78,-15.450000000000003,SP,Sudeste,0.7032375061035742,1,Alto
2400703,24,58.68,52.52,750.16,-6.159999999999997,RN,Nordeste,0.7029916425757285,1,Alto
2610301,26,75.92,66.67,757.38,-9.25,PE,Nordeste,0.7028322666732387,1,Alto
2401859,24,45.79,26.47,723.06,-19.32,RN,Nordeste,0.7026874236883407,1,Alto
2906824,29,34.38,30.13,721.37,-4.2500000000000036,BA,Nordeste,0.7022941945476601,1,Alto
5103601,51,80.0,71.45,772.02,-8.549999999999997,MT,Centro-Oeste,0.7021731192448143,1,Alto
2206704,22,57.65,39.0,729.14,-18.65,PI,Nordeste,0.7021043823309534,1,Alto
4102109,41,79.69,75.21,762.32,-4.480000000000004,PR,Sul,0.7016276550279409,1,Alto
4121109,41,77.71,74.15,755.97,-3.559999999999988,PR,Sul,0.7014870501959304,1,Alto
2931103,29,34.46,30.67,721.37,-3.789999999999999,BA,Nordeste,0.701462821957075,1,Alto
2205508,22,59.65,42.98,733.51,-16.67,PI,Nordeste,0.7012882746922676,1,Alto
4218400,42,74.39,62.38,749.4,-12.009999999999998,SC,Sul,0.7007827191243059,1,Alto
2614600,26,75.1,69.1,752.88,-6.0,PE,Nordeste,0.7007721607350722,1,Alto
1506351,15,50.88,46.35,728.91,-4.530000000000001,PA,Norte,0.7006856762344863,1,Alto
4124053,41,80.0,79.46,760.4,-0.5400000000000063,PR,Sul,0.7006278059501253,1,Alto
4304630,43,42.44,34.4,724.69,-8.04,RS,Sul,0.7005918526034673,1,Alto
2512762,25,71.96,75.0,760.53,3.0400000000000063,PB,Nordeste,0.7003616226319251,1,Alto
4103701,41,79.37,76.35,760.52,-3.0200000000000102,PR,Sul,0.7000986125790732,1,Alto
2609204,26,72.6,58.48,751.91,-14.119999999999997,PE,Nordeste,0.6998276819813628,1,Alto
5006275,50,77.46,78.5,760.66,1.0400000000000063,MS,Centro-Oeste,0.6997196555712252,1,Alto
2709103,27,55.59,38.96,729.65,-16.630000000000003,AL,Nordeste,0.6995311205782955,1,Alto
3511607,35,63.64,51.32,739.86,-12.32,SP,Sudeste,0.6993195841476689,1,Alto
4120333,41,77.64,73.85,756.24,-3.7900000000000063,PR,Sul,0.6993116557061522,1,Alto
1101492,11,70.33,62.99,750.97,-7.339999999999996,RO,Norte,0.699253898091061,1,Alto
1501808,15,55.57,55.58,739.18,0.00999999999999801,PA,Norte,0.6991644615711092,1,Alto
4104659,41,76.57,69.2,755.88,-7.36999999999999,PR,Sul,0.6990751805491803,1,Alto
1600501,16,41.39,21.03,710.4,-20.36,AP,Norte,0.6988149637594038,1,Alto
4215679,42,80.0,69.26,764.83,-10.739999999999995,SC,Sul,0.6987189440176231,1,Alto
3303708,33,59.74,51.96,736.21,-7.780000000000001,RJ,Sudeste,0.698199544088731,1,Alto
3545159,35,70.21,64.45,754.01,-5.759999999999991,SP,Sudeste,0.6978191721445881,1,Alto
4212403,42,80.0,69.2,765.01,-10.799999999999997,SC,Sul,0.697731191150747,1,Alto
2207355,22,70.48,64.0,757.47,-6.480000000000004,PI,Nordeste,0.6975883993124351,1,Alto
2403004,24,61.01,60.81,753.14,-0.19999999999999574,RN,Nordeste,0.6975123703467339,1,Alto
4211058,42,68.99,52.67,737.71,-16.319999999999993,SC,Sul,0.6965429635568781,1,Alto
3540002,35,67.88,60.32,748.95,-7.559999999999995,SP,Sudeste,0.6957732852052636,1,Alto
4124509,41,80.0,80.07,760.61,0.06999999999999318,PR,Sul,0.6957571234803654,1,Alto
3505609,35,63.47,51.43,739.65,-12.04,SP,Sudeste,0.695753419282578,1,Alto
1508100,15,50.61,44.7,729.86,-5.909999999999997,PA,Norte,0.6956227815218647,1,Alto
2408300,24,45.24,28.42,720.61,-16.82,RN,Nordeste,0.6954031083165769,1,Alto
4123956,41,79.06,80.22,757.18,1.1599999999999966,PR,Sul,0.6951513825850019,1,Alto
3515152,35,62.04,47.86,737.23,-14.18,SP,Sudeste,0.6951476512785437,1,Alto
4108551,41,80.0,74.07,765.2,-5.930000000000007,PR,Sul,0.6950063792581561,1,Alto
3538204,35,78.66,78.79,774.26,0.13000000000000966,SP,Sudeste,0.6948116789391612,1,Alto
4117222,41,78.45,72.16,761.06,-6.290000000000006,PR,Sul,0.6947257532799215,1,Alto
2203404,22,77.98,76.45,775.7,-1.5300000000000011,PI,Nordeste,0.6945594276879189,1,Alto
3535804,35,59.31,42.59,731.38,-16.72,SP,Sudeste,0.6945345464392717,1,Alto
1100403,11,67.51,60.45,743.39,-7.060000000000002,RO,Norte,0.6939684359676185,1,Alto
3530409,35,65.98,55.96,745.6,-10.020000000000003,SP,Sudeste,0.6938483390604099,1,Alto
3518909,35,80.0,79.92,778.45,-0.0799999999999983,SP,Sudeste,0.6934264386692317,1,Alto
2911501,29,42.85,50.0,738.38,7.149999999999999,BA,Nordeste,0.6932672078346999,1,Alto
1502905,15,45.47,33.48,719.98,-11.990000000000002,PA,Norte,0.6932631036168551,1,Alto
3531001,35,80.0,80.77,777.85,0.769999999999996,SP,Sudeste,0.6931625030771733,1,Alto
4102505,41,80.0,77.65,762.83,-2.3499999999999943,PR,Sul,0.6927385056169195,1,Alto
1502806,15,40.46,24.03,709.0,-16.43,PA,Norte,0.692715375353167,1,Alto
5106190,51,79.45,75.07,768.66,-4.38000000000001,MT,Centro-Oeste,0.6923815304696984,1,Alto
4114401,41,74.62,66.1,752.08,-8.52000000000001,PR,Sul,0.6922076456181163,1,Alto
4128203,41,76.47,73.17,753.51,-3.299999999999997,PR,Sul,0.6920138610628671,1,Alto
4110102,41,80.0,78.04,762.65,-1.9599999999999937,PR,Sul,0.6919129657546789,1,Alto
2513406,25,63.05,54.05,745.18,-9.0,PB,Nordeste,0.691479557661098,1,Alto
3302502,33,57.18,46.66,731.83,-10.520000000000003,RJ,Sudeste,0.6914615215625561,1,Alto
4114351,41,80.0,70.91,768.06,-9.090000000000003,PR,Sul,0.6913436135755102,1,Alto
2403509,24,53.38,47.13,736.67,-6.25,RN,Nordeste,0.6909023292791487,1,Alto
3537156,35,72.93,67.92,762.21,-5.010000000000005,SP,Sudeste,0.6907763143157644,1,Alto
4106407,41,77.74,73.21,758.25,-4.530000000000001,PR,Sul,0.6907111297212213,1,Alto
2411908,24,64.41,68.97,760.27,4.560000000000002,RN,Nordeste,0.6906267899617216,1,Alto
3304508,33,66.3,67.73,749.22,1.4300000000000068,RJ,Sudeste,0.6902742327679459,1,Alto
4117008,41,80.0,79.65,761.72,-0.3499999999999943,PR,Sul,0.6898811323105967,1,Alto
3543253,35,68.94,60.84,753.23,-8.099999999999994,SP,Sudeste,0.689609547574942,1,Alto
3527504,35,76.41,75.0,769.69,-1.4099999999999966,SP,Sudeste,0.6893848753113341,1,Alto
3302056,33,62.82,61.79,741.2,-1.0300000000000011,RJ,Sudeste,0.6893451193878887,1,Alto
3302007,33,54.17,41.61,725.1,-12.560000000000002,RJ,Sudeste,0.6886363770434591,1,Alto
1716604,17,57.32,42.93,746.37,-14.39,TO,Norte,0.6884980293101538,1,Alto
4104105,41,80.0,80.98,760.93,0.980000000000004,PR,Sul,0.6883589267432205,1,Alto
3118106,31,80.0,60.49,751.88,-19.509999999999998,MG,Sudeste,0.688270120902147,1,Alto
4108601,41,73.46,63.77,750.2,-9.68999999999999,PR,Sul,0.6879541882629324,1,Alto
3546603,35,65.98,54.03,747.86,-11.950000000000003,SP,Sudeste,0.6877988744093242,1,Alto
1507201,15,45.48,32.97,721.19,-12.509999999999998,PA,Norte,0.687386610724882,1,Alto
3547601,35,76.07,75.32,768.52,-0.75,SP,Sudeste,0.6871575707170889,1,Alto
1705102,17,59.09,52.38,746.01,-6.710000000000001,TO,Norte,0.6862183593283621,1,Alto
3522000,35,62.39,44.34,742.35,-18.049999999999997,SP,Sudeste,0.6860966292728271,1,Alto
4219408,42,79.97,77.27,760.46,-2.700000000000003,SC,Sul,0.6859371682842834,1,Alto
3531100,35,58.81,41.39,731.63,-17.42,SP,Sudeste,0.685922287586508,1,Alto
3551207,35,79.26,79.97,776.75,0.7099999999999937,SP,Sudeste,0.6858960427223753,1,Alto
4115200,41,80.0,78.37,763.22,-1.6299999999999955,PR,Sul,0.6858394275958345,1,Alto
3302270,33,51.98,36.88,721.1,-15.099999999999994,RJ,Sudeste,0.6857733135478861,1,Alto
5001243,50,75.77,73.43,760.23,-2.339999999999989,MS,Centro-Oeste,0.6857575373808714,1,Alto
4215505,42,70.72,57.41,741.88,-13.310000000000002,SC,Sul,0.6857498882011474,1,Alto
4107900,41,77.47,74.01,757.35,-3.4599999999999937,PR,Sul,0.6856858270488421,1,Alto
2806800,28,44.44,29.79,721.24,-14.649999999999999,SE,Nordeste,0.6854075497616751,1,Alto
4113007,41,74.65,66.03,753.21,-8.620000000000005,PR,Sul,0.6849983440992806,1,Alto
2105203,21,80.0,89.11,778.22,9.11,MA,Nordeste,0.6846002813350284,1,Alto
3515194,35,65.55,56.14,745.17,-9.409999999999997,SP,Sudeste,0.6844842504622877,1,Alto
2611606,26,68.08,54.36,740.73,-13.719999999999999,PE,Nordeste,0.6843904144742079,1,Alto
2410801,24,58.04,53.36,749.78,-4.68,RN,Nordeste,0.6840946249363673,1,Alto
3301876,33,68.12,70.32,754.72,2.1999999999999886,RJ,Sudeste,0.6839058798451396,1,Alto
2603009,26,71.96,61.21,749.76,-10.749999999999993,PE,Nordeste,0.6835010932351268,1,Alto
4117107,41,78.35,74.05,760.81,-4.299999999999997,PR,Sul,0.6833879632724448,1,Alto
4209805,42,76.51,62.5,759.38,-14.010000000000005,SC,Sul,0.6830285265570806,1,Alto
2704005,27,62.02,56.66,741.97,-5.3600000000000065,AL,Nordeste,0.6824968169653048,1,Alto
4105904,41,80.0,78.22,763.81,-1.7800000000000011,PR,Sul,0.6822568209903214,1,Alto
2704104,27,56.69,44.19,732.07,-12.5,AL,Nordeste,0.6820993365872755,1,Alto
2205516,22,72.26,71.43,760.45,-0.8299999999999983,PI,Nordeste,0.6820111589668248,1,Alto
2202901,22,58.23,37.78,734.87,-20.449999999999996,PI,Nordeste,0.6820030349134457,1,Alto
4103909,41,80.0,77.67,764.29,-2.3299999999999983,PR,Sul,0.6817405557990395,1,Alto
2111029,21,69.92,70.68,755.93,0.7600000000000051,MA,Nordeste,0.6816941044081518,1,Alto
2106409,21,72.92,76.86,762.19,3.9399999999999977,MA,Nordeste,0.6814633519501089,1,Alto
4115101,41,68.12,52.21,740.41,-15.910000000000004,PR,Sul,0.6813652754670656,1,Alto
3118502,31,68.16,38.89,726.16,-29.269999999999996,MG,Sudeste,0.6811376646514916,1,Alto
4117800,41,76.01,69.5,756.07,-6.510000000000005,PR,Sul,0.6809723427121608,1,Alto
1304005,13,46.24,38.73,728.32,-7.510000000000005,AM,Norte,0.6808590326850152,1,Alto
4104204,41,75.38,69.19,754.12,-6.189999999999998,PR,Sul,0.6802407047142793,1,Alto
2109601,21,64.27,57.6,745.51,-6.669999999999995,MA,Nordeste,0.679929065558056,1,Alto
4103453,41,80.0,78.14,764.22,-1.8599999999999994,PR,Sul,0.6796174778782225,1,Alto
2917805,29,41.18,46.85,736.53,5.670000000000002,BA,Nordeste,0.6795676348721011,1,Alto
3550506,35,72.6,71.42,759.91,-1.1799999999999926,SP,Sudeste,0.6794637346008984,1,Alto
2403103,24,53.54,46.77,739.08,-6.769999999999996,RN,Nordeste,0.6792117024782718,1,Alto
2605608,26,76.0,68.28,759.67,-7.719999999999999,PE,Nordeste,0.6790990716182987,1,Alto
4128005,41,80.0,77.6,764.73,-2.4000000000000057,PR,Sul,0.6788155104840882,1,Alto
3523206,35,63.77,53.17,741.71,-10.600000000000001,SP,Sudeste,0.6787830514610502,1,Alto
1100296,11,77.27,83.36,763.6,6.090000000000003,RO,Norte,0.6787238849334929,1,Alto
4215406,42,80.0,72.08,765.41,-7.920000000000002,SC,Sul,0.6787220067827534,1,Alto
1100114,11,68.37,63.99,745.92,-4.380000000000003,RO,Norte,0.6785308371391708,1,Alto
2606101,26,73.52,66.22,752.32,-7.299999999999997,PE,Nordeste,0.6784937703547155,1,Alto
4118105,41,80.0,80.03,763.0,0.030000000000001137,PR,Sul,0.6781527223722226,1,Alto
2105948,21,80.0,92.3,776.71,12.299999999999997,MA,Nordeste,0.6780013170364234,1,Alto
4113304,41,74.57,68.0,752.41,-6.569999999999993,PR,Sul,0.6777460352128674,1,Alto
3544608,35,62.76,46.98,742.83,-15.780000000000001,SP,Sudeste,0.6776966561371343,1,Alto
4115606,41,75.5,71.4,753.27,-4.099999999999994,PR,Sul,0.6774501242479376,1,Alto
1700251,17,67.87,75.0,762.05,7.1299999999999955,TO,Norte,0.6771893207842277,1,Alto
4200200,42,80.0,76.03,762.67,-3.969999999999999,SC,Sul,0.6770971508801228,1,Alto
4101408,41,80.0,78.78,764.08,-1.2199999999999989,PR,Sul,0.677053521384259,1,Alto
3505807,35,61.06,46.89,736.85,-14.170000000000002,SP,Sudeste,0.6769228235216316,1,Alto
1505486,15,50.64,45.49,731.9,-5.149999999999999,PA,Norte,0.6767837269301658,1,Alto
2514800,25,80.0,95.24,777.65,15.239999999999995,PB,Nordeste,0.6767403477671828,1,Alto
3544806,35,71.78,68.37,759.59,-3.4099999999999966,SP,Sudeste,0.6767007305469508,1,Alto
4102406,41,76.79,72.78,757.07,-4.010000000000005,PR,Sul,0.6761910507154489,1,Alto
2412500,24,52.54,44.85,737.36,-7.689999999999998,RN,Nordeste,0.6757157510735565,1,Alto
3142908,31,80.0,66.67,748.94,-13.329999999999998,MG,Sudeste,0.6756109114291766,1,Alto
2514651,25,52.66,30.0,727.73,-22.659999999999997,PB,Nordeste,0.675383774205105,1,Alto
4106902,41,73.41,65.96,750.07,-7.450000000000003,PR,Sul,0.6752391463077888,1,Alto
3304144,33,51.22,37.63,719.2,-13.589999999999996,RJ,Sudeste,0.6751367844662864,1,Alto
2905156,29,40.28,46.43,734.18,6.149999999999999,BA,Nordeste,0.6750834469267232,1,Alto
2707602,27,64.83,61.05,749.9,-3.780000000000001,AL,Nordeste,0.674558312266289,1,Alto
4213708,42,70.8,60.13,741.64,-10.669999999999995,SC,Sul,0.6743896593486192,1,Alto
1705508,17,60.47,55.82,750.01,-4.649999999999999,TO,Norte,0.6742876082517277,1,Alto
3303856,33,70.79,75.96,761.49,5.1699999999999875,RJ,Sudeste,0.6738440112841412,1,Alto
4106209,41,78.85,77.37,761.4,-1.4799999999999898,PR,Sul,0.673819474296897,1,Alto
2607307,26,74.47,70.08,753.49,-4.390000000000001,PE,Nordeste,0.6737778755156602,1,Alto
1100320,11,71.63,69.13,754.5,-2.5,RO,Norte,0.6737275589682773,1,Alto
3140902,31,80.0,65.0,750.53,-15.0,MG,Sudeste,0.6730136705796642,1,Alto
4122701,41,80.0,78.98,764.47,-1.019999999999996,PR,Sul,0.6729467953217924,1,Alto
4117503,41,72.12,62.96,747.95,-9.160000000000004,PR,Sul,0.6729345503479918,1,Alto
4112009,41,80.0,79.14,764.41,-0.8599999999999994,PR,Sul,0.6724909702616716,1,Alto
2112209,21,71.67,75.74,759.7,4.069999999999993,MA,Nordeste,0.6724056773807665,1,Alto
3529302,35,69.41,62.33,756.1,-7.079999999999998,SP,Sudeste,0.6723961512874033,1,Alto
2102077,21,80.0,95.28,775.27,15.280000000000001,MA,Nordeste,0.6719967738875475,1,Alto
1504604,15,46.42,37.29,723.4,-9.130000000000003,PA,Norte,0.6719726028551881,1,Alto
2608008,26,61.07,37.15,729.93,-23.92,PE,Nordeste,0.6716334734963706,1,Alto
2209005,22,58.8,41.79,735.33,-17.009999999999998,PI,Nordeste,0.6713963808430258,1,Alto
2100600,21,56.73,41.33,731.53,-15.399999999999999,MA,Nordeste,0.6713781984483206,1,Alto
1303569,13,49.09,46.76,733.88,-2.3300000000000054,AM,Norte,0.6713094061874767,1,Alto
4123501,41,79.44,79.37,762.37,-0.06999999999999318,PR,Sul,0.6712847650570123,1,Alto
2608909,26,74.63,67.03,756.68,-7.599999999999994,PE,Nordeste,0.6712570778799917,1,Alto
2107407,21,62.45,58.91,739.12,-3.5400000000000063,MA,Nordeste,0.6710064380902692,1,Alto
4107504,41,80.0,82.06,762.46,2.0600000000000023,PR,Sul,0.6706998178824276,1,Alto
1600303,16,55.09,49.14,742.7,-5.950000000000003,AP,Norte,0.670601662137509,1,Alto
1702158,17,50.95,37.81,729.54,-13.14,TO,Norte,0.670501135747416,1,Alto
4120358,41,80.0,79.55,764.46,-0.45000000000000284,PR,Sul,0.6697598353525698,1,Alto
4104303,41,78.3,76.77,760.47,-1.5300000000000011,PR,Sul,0.669145634332444,1,Alto
2708402,27,59.11,50.43,737.88,-8.68,AL,Nordeste,0.6689945102950389,1,Alto
2609402,26,62.08,43.93,728.88,-18.15,PE,Nordeste,0.6688130810332169,1,Alto
3509957,35,62.2,48.15,741.11,-14.050000000000004,SP,Sudeste,0.6686843616953486,1,Alto
4106605,41,75.87,73.47,754.24,-2.4000000000000057,PR,Sul,0.6684411627860144,1,Alto
3155504,31,79.08,60.21,751.39,-18.869999999999997,MG,Sudeste,0.6683771688314813,1,Alto
4210506,42,80.0,76.03,763.82,-3.969999999999999,SC,Sul,0.6683132487532836,1,Alto
1101500,11,68.5,66.06,746.19,-2.4399999999999977,RO,Norte,0.6682453468155712,1,Alto
3519071,35,65.17,55.05,746.76,-10.120000000000005,SP,Sudeste,0.6681637566626367,1,Alto
3516408,35,60.38,46.57,735.78,-13.810000000000002,SP,Sudeste,0.6681334502876896,1,Alto
4215554,42,78.82,66.67,766.59,-12.149999999999991,SC,Sul,0.6680259320344498,1,Alto
3301405,33,59.59,56.17,736.56,-3.4200000000000017,RJ,Sudeste,0.6678604150089492,1,Alto
3529609,35,71.31,67.31,759.85,-4.0,SP,Sudeste,0.6677784398915746,1,Alto
2806008,28,47.8,38.48,729.24,-9.32,SE,Nordeste,0.6676001301335757,1,Alto
2507903,25,60.06,46.57,743.25,-13.490000000000002,PB,Nordeste,0.666606478139206,1,Alto
3532603,35,70.8,67.47,758.04,-3.3299999999999983,SP,Sudeste,0.6665883281588,1,Alto
2106003,21,80.0,90.91,779.28,10.909999999999997,MA,Nordeste,0.6663027689767519,1,Alto
3144359,31,79.67,64.96,750.25,-14.710000000000008,MG,Sudeste,0.6662306989691088,1,Alto
3507506,35,65.9,57.09,748.13,-8.810000000000002,SP,Sudeste,0.6661973676501736,1,Alto
1304203,13,44.5,36.78,725.41,-7.719999999999999,AM,Norte,0.666171555540824,1,Alto
2701704,27,53.57,42.53,724.12,-11.04,AL,Nordeste,0.6661402665556158,1,Alto
3503604,35,74.69,75.02,766.54,0.3299999999999983,SP,Sudeste,0.6660021170592473,1,Alto
3116001,31,80.0,70.09,747.64,-9.909999999999997,MG,Sudeste,0.6659729462584042,1,Alto
2508604,25,57.83,44.96,736.47,-12.869999999999997,PB,Nordeste,0.6659716920990782,1,Alto
4115754,41,80.0,80.48,764.26,0.480000000000004,PR,Sul,0.6659456820105805,1,Alto
1703800,17,56.06,50.39,739.22,-5.670000000000002,TO,Norte,0.6658457392172684,1,Alto
2407906,24,47.55,32.92,729.53,-14.629999999999995,RN,Nordeste,0.6657797834137728,1,Alto
1507607,15,51.68,49.59,734.04,-2.0899999999999963,PA,Norte,0.665723931678741,1,Alto
4122156,41,80.0,80.25,764.52,0.25,PR,Sul,0.6652664224089921,1,Alto
4125100,41,78.99,79.45,761.5,0.46000000000000796,PR,Sul,0.664995418877244,1,Alto
4111001,41,79.37,80.58,762.04,1.2099999999999937,PR,Sul,0.6649131395410435,1,Alto
3304557,33,63.97,63.75,747.13,-0.21999999999999886,RJ,Sudeste,0.6648061487298786,1,Alto
3305554,33,57.34,50.53,733.05,-6.810000000000002,RJ,Sudeste,0.6646953243381852,1,Alto
3135357,31,76.48,60.75,742.06,-15.730000000000004,MG,Sudeste,0.664684875555387,1,Alto
3302858,33,51.02,35.09,721.74,-15.93,RJ,Sudeste,0.6646761792042853,1,Alto
4103305,41,80.0,75.03,768.51,-4.969999999999999,PR,Sul,0.6646049564566425,1,Alto
4215356,42,80.0,75.29,764.87,-4.709999999999994,SC,Sul,0.6644839224817128,1,Alto
4211009,42,72.2,56.85,750.45,-15.350000000000001,SC,Sul,0.664467488027024,1,Alto
2509800,25,64.02,54.12,752.21,-9.899999999999999,PB,Nordeste,0.6644225677975371,1,Alto
1711951,17,36.33,15.09,694.44,-21.24,TO,Norte,0.6644130720949619,1,Alto
5103304,51,65.02,47.59,740.77,-17.429999999999993,MT,Centro-Oeste,0.6639782210952353,1,Alto
3524907,35,65.74,56.89,748.0,-8.849999999999994,SP,Sudeste,0.6638852958007985,1,Alto
3525904,35,72.61,70.49,762.71,-2.1200000000000045,SP,Sudeste,0.6636394610614831,1,Alto
2200301,22,80.0,82.41,782.65,2.4099999999999966,PI,Nordeste,0.6635700638316167,1,Alto
1502707,15,51.67,50.69,733.47,-0.980000000000004,PA,Norte,0.6634894494274102,1,Alto
3143609,31,80.0,67.59,749.84,-12.409999999999997,MG,Sudeste,0.6634208036421604,1,Alto
2111102,21,62.2,55.16,742.09,-7.040000000000006,MA,Nordeste,0.6627646639487833,1,Alto
2916500,29,43.15,51.23,742.59,8.079999999999998,BA,Nordeste,0.6626464951960098,1,Alto
3509254,35,65.8,57.52,747.91,-8.279999999999994,SP,Sudeste,0.6626130565381807,1,Alto
3305109,33,50.86,35.97,720.79,-14.89,RJ,Sudeste,0.6624534704633628,1,Alto
2513703,25,53.27,35.79,727.29,-17.480000000000004,PB,Nordeste,0.6624443132034419,1,Alto
4122404,41,75.42,71.84,754.61,-3.5799999999999983,PR,Sul,0.6624276970130064,1,Alto
4107751,41,80.0,77.82,766.72,-2.180000000000007,PR,Sul,0.6623054678553387,1,Alto
2700102,27,57.79,48.8,735.24,-8.990000000000002,AL,Nordeste,0.661922972485878,1,Alto
4117701,41,74.23,65.93,754.81,-8.299999999999997,PR,Sul,0.6617754479829234,1,Alto
2506004,25,67.49,64.21,757.61,-3.280000000000001,PB,Nordeste,0.6613594261553901,1,Alto
1200500,12,67.71,64.83,751.8,-2.8799999999999955,AC,Norte,0.661296803538963,1,Alto
4126504,41,70.98,61.98,746.07,-9.000000000000007,PR,Sul,0.6612965146889157,1,Alto
3301009,33,51.68,38.33,722.16,-13.350000000000001,RJ,Sudeste,0.6611407729071473,1,Alto
2600708,26,63.27,39.22,737.72,-24.050000000000004,PE,Nordeste,0.6609869141284935,1,Alto
4211876,42,73.69,54.55,758.01,-19.14,SC,Sul,0.6609785472288604,1,Alto
2105989,21,66.92,65.92,751.35,-1.0,MA,Nordeste,0.6609427336953191,1,Alto
3528908,35,61.83,48.4,740.59,-13.43,SP,Sudeste,0.6609118783272935,1,Alto
2105807,21,80.0,97.1,775.35,17.099999999999994,MA,Nordeste,0.6608817913329676,1,Alto
4202537,42,69.59,55.49,742.49,-14.100000000000001,SC,Sul,0.660870226335897,1,Alto
3539806,35,62.8,51.72,741.66,-11.079999999999998,SP,Sudeste,0.6605656932111533,1,Alto
3508801,35,67.29,61.51,750.58,-5.780000000000008,SP,Sudeste,0.6605572208466294,1,Alto
3300308,33,56.48,48.01,732.38,-8.469999999999999,RJ,Sudeste,0.6603828871701722,1,Alto
3546900,35,71.02,70.68,757.24,-0.3399999999999892,SP,Sudeste,0.6603512338322834,1,Alto
3301603,33,65.07,65.4,750.48,0.3300000000000125,RJ,Sudeste,0.6601116410772647,1,Alto
3548104,35,74.11,72.45,767.16,-1.6599999999999966,SP,Sudeste,0.6598333779966301,1,Alto
3300209,33,60.36,55.89,740.68,-4.469999999999999,RJ,Sudeste,0.659144643222963,1,Alto
2203800,22,57.58,43.3,731.38,-14.280000000000001,PI,Nordeste,0.6590936395712567,1,Alto
1300029,13,52.59,58.47,739.37,5.8799999999999955,AM,Norte,0.659037925305032,1,Alto
4204152,42,78.13,75.67,758.53,-2.4599999999999937,SC,Sul,0.6589816236913923,1,Alto
3552700,35,68.11,62.83,752.83,-5.280000000000001,SP,Sudeste,0.6584447134930813,1,Alto
3511003,35,58.29,45.42,730.35,-12.869999999999997,SP,Sudeste,0.6582930361737802,1,Alto
4102307,41,77.08,75.18,758.75,-1.8999999999999915,PR,Sul,0.6574951766113175,1,Alto
4107652,41,72.37,64.69,749.56,-7.680000000000007,PR,Sul,0.6574863469158139,1,Alto
4104006,41,73.41,66.84,751.73,-6.569999999999993,PR,Sul,0.6573599593449297,1,Alto
2110005,21,62.78,58.7,742.28,-4.079999999999998,MA,Nordeste,0.6570042975499952,1,Alto
4218350,42,72.19,56.3,751.82,-15.89,SC,Sul,0.656729774813537,1,Alto
3517901,35,75.7,73.02,772.9,-2.680000000000007,SP,Sudeste,0.6565953505068727,1,Alto
2502805,25,62.2,51.6,748.54,-10.600000000000001,PB,Nordeste,0.6564202221257976,1,Alto
1703057,17,49.34,36.96,726.21,-12.380000000000003,TO,Norte,0.6561064855638074,1,Alto
4102802,41,67.2,54.88,738.39,-12.32,PR,Sul,0.6559713993667807,1,Alto
4106704,41,74.09,71.42,750.97,-2.6700000000000017,PR,Sul,0.6557486422069377,1,Alto
3504800,35,80.0,83.51,780.73,3.510000000000005,SP,Sudeste,0.6556407298879808,1,Alto
2503001,25,50.99,29.81,724.43,-21.180000000000003,PB,Nordeste,0.6553135608140152,1,Alto
3305000,33,61.22,58.22,742.55,-3.0,RJ,Sudeste,0.6552215790381625,1,Alto
3527405,35,69.5,68.26,754.21,-1.2399999999999949,SP,Sudeste,0.6552112818539559,1,Alto
4110201,41,75.44,70.03,757.04,-5.409999999999997,PR,Sul,0.6545965257865438,1,Alto
4201604,42,80.0,76.24,765.43,-3.760000000000005,SC,Sul,0.6545862519854369,1,Alto
1506609,15,47.15,39.79,726.47,-7.359999999999999,PA,Norte,0.6541540469151633,1,Alto
5003801,50,67.03,59.59,743.09,-7.439999999999998,MS,Centro-Oeste,0.6541467849810082,1,Alto
4126306,41,80.0,81.96,764.67,1.9599999999999937,PR,Sul,0.6541371557040103,1,Alto
3526100,35,63.08,55.18,740.93,-7.899999999999999,SP,Sudeste,0.6539607354560668,1,Alto
2202554,22,67.44,58.14,756.61,-9.299999999999997,PI,Nordeste,0.6539021259823159,1,Alto
4107736,41,80.0,79.81,766.31,-0.18999999999999773,PR,Sul,0.6538870715405538,1,Alto
1707207,17,58.86,52.81,749.1,-6.049999999999997,TO,Norte,0.6536843796614301,1,Alto
3545001,35,69.57,65.52,756.72,-4.049999999999997,SP,Sudeste,0.6535844195733881,1,Alto
4125902,41,74.43,75.0,749.8,0.5699999999999932,PR,Sul,0.6535691638664544,1,Alto
4102000,41,80.0,80.31,765.99,0.3100000000000023,PR,Sul,0.653463058166537,1,Alto
1707553,17,61.51,57.84,754.97,-3.6699999999999946,TO,Norte,0.6533188960586289,1,Alto
3517307,35,80.0,83.39,781.13,3.3900000000000006,SP,Sudeste,0.6532065697313332,1,Alto
2907202,29,27.82,20.93,711.03,-6.890000000000001,BA,Nordeste,0.6530478438876776,1,Alto
2615706,26,80.0,80.64,768.28,0.6400000000000006,PE,Nordeste,0.6529809845823911,1,Alto
4300646,43,59.07,70.8,763.91,11.729999999999997,RS,Sul,0.6529122050432709,1,Alto
3505104,35,69.69,65.05,757.61,-4.640000000000001,SP,Sudeste,0.6527640703623895,1,Alto
3518701,35,58.55,44.13,733.0,-14.419999999999995,SP,Sudeste,0.652458459035857,1,Alto
4127502,41,78.42,77.79,762.3,-0.6299999999999955,PR,Sul,0.6523591850885527,1,Alto
3527900,35,74.2,78.67,763.8,4.469999999999999,SP,Sudeste,0.6522646885491092,1,Alto
2103901,21,72.72,81.51,761.82,8.790000000000006,MA,Nordeste,0.6519397331293482,1,Alto
1505494,15,47.9,44.75,725.77,-3.1499999999999986,PA,Norte,0.6518192998203871,1,Alto
3538303,35,64.01,45.2,752.09,-18.810000000000002,SP,Sudeste,0.6513562898857781,1,Alto
4101705,41,77.23,77.54,758.33,0.3100000000000023,PR,Sul,0.6511972323052805,1,Alto
5100607,51,74.69,70.01,760.64,-4.679999999999993,MT,Centro-Oeste,0.6510062192527796,1,Alto
3544301,35,68.86,67.2,753.23,-1.6599999999999966,SP,Sudeste,0.6509494101006307,1,Alto
4128708,41,74.06,70.19,752.4,-3.8700000000000045,PR,Sul,0.650888571410927,1,Alto
3505500,35,66.28,58.42,750.48,-7.859999999999999,SP,Sudeste,0.6508282818691007,1,Alto
3548500,35,63.79,52.77,745.71,-11.019999999999996,SP,Sudeste,0.6507418035971254,1,Alto
4116059,41,80.0,83.28,764.12,3.280000000000001,PR,Sul,0.6506965784694159,1,Alto
2703106,27,44.57,24.34,707.17,-20.23,AL,Nordeste,0.65053641993495,1,Alto
3542305,35,80.0,84.33,780.78,4.329999999999998,SP,Sudeste,0.6504264134580624,1,Alto
2203305,22,73.23,73.33,766.64,0.09999999999999432,PI,Nordeste,0.650378720756827,1,Alto
3512506,35,72.75,72.95,763.1,0.20000000000000284,SP,Sudeste,0.6501635489352519,1,Alto
1506161,15,53.98,56.31,739.33,2.3300000000000054,PA,Norte,0.650136133689864,1,Alto
4113700,41,75.74,72.99,756.48,-2.75,PR,Sul,0.6501211141828437,1,Alto
3514403,35,68.57,62.74,755.64,-5.829999999999991,SP,Sudeste,0.6499788301403453,1,Alto
4126603,41,80.0,82.88,764.52,2.8799999999999955,PR,Sul,0.6499012238953963,1,Alto
3541703,35,70.64,68.43,758.9,-2.2099999999999937,SP,Sudeste,0.649756158901871,1,Alto
4208104,42,70.15,57.23,744.66,-12.920000000000009,SC,Sul,0.6495393828163615,1,Alto
1100049,11,68.16,65.81,747.56,-2.3499999999999943,RO,Norte,0.649433255300919,1,Alto
2208809,22,53.32,31.32,726.17,-22.0,PI,Nordeste,0.649371376445083,1,Alto
4101903,41,80.0,80.24,766.58,0.23999999999999488,PR,Sul,0.6492272014766673,1,Alto
2105963,21,80.0,97.12,776.83,17.120000000000005,MA,Nordeste,0.6491627930350349,1,Alto
2110807,21,55.41,44.69,727.12,-10.719999999999999,MA,Nordeste,0.6489843694080321,1,Alto
4127809,41,80.0,83.7,764.04,3.700000000000003,PR,Sul,0.6488479544062685,1,Alto
4115804,41,79.45,79.1,765.5,-0.3500000000000085,PR,Sul,0.6487782101999954,1,Alto
3509304,35,67.31,60.42,752.97,-6.890000000000001,SP,Sudeste,0.648774440771156,1,Alto
4111209,41,76.84,75.37,758.85,-1.4699999999999989,PR,Sul,0.6487691097482384,1,Alto
2923050,29,37.32,39.06,732.38,1.740000000000002,BA,Nordeste,0.6487385681488941,1,Alto
3505005,35,70.18,64.23,760.59,-5.950000000000003,SP,Sudeste,0.6480769076392539,1,Alto
3503158,35,58.42,37.41,738.12,-21.010000000000005,SP,Sudeste,0.6480094751119657,1,Alto
2708956,27,61.07,57.08,742.7,-3.990000000000002,AL,Nordeste,0.647900796824042,1,Alto
2703205,27,58.34,50.74,737.59,-7.600000000000001,AL,Nordeste,0.6477186434027222,1,Alto
2200400,22,67.77,61.82,755.87,-5.949999999999996,PI,Nordeste,0.6474451248335403,1,Alto
1713304,17,61.51,63.01,751.86,1.5,TO,Norte,0.6473466448208083,1,Alto
2705408,27,49.07,31.11,718.82,-17.96,AL,Nordeste,0.6470895701555753,1,Alto
4124301,41,80.0,81.17,766.17,1.1700000000000017,PR,Sul,0.6469673022125721,1,Alto
3537305,35,66.89,61.01,751.24,-5.880000000000003,SP,Sudeste,0.6469495962912997,1,Alto
3548708,35,63.55,54.16,744.29,-9.39,SP,Sudeste,0.6468855258162336,1,Alto
3126752,31,80.0,63.78,754.84,-16.22,MG,Sudeste,0.6465658467833235,1,Alto
3525706,35,63.69,54.93,744.27,-8.759999999999998,SP,Sudeste,0.646492982467636,1,Alto
4127908,41,74.11,68.12,754.72,-5.989999999999995,PR,Sul,0.6462165071015359,1,Alto
4212205,42,73.49,64.15,752.01,-9.33999999999999,SC,Sul,0.6460226974580798,1,Alto
4200754,42,80.0,85.18,759.84,5.180000000000007,SC,Sul,0.6459321290401945,1,Alto
3513504,35,58.73,45.43,733.55,-13.299999999999997,SP,Sudeste,0.6455731488208195,1,Alto
4119509,41,65.39,50.54,736.42,-14.850000000000001,PR,Sul,0.6454763188112622,1,Alto
2102903,21,63.56,61.21,744.72,-2.3500000000000014,MA,Nordeste,0.645215463619544,1,Alto
1707009,17,61.01,61.27,751.65,0.2600000000000051,TO,Norte,0.6449895177711894,1,Alto
3157336,31,69.06,43.82,730.4,-25.240000000000002,MG,Sudeste,0.6449511803227675,1,Alto
2615805,26,72.18,68.38,750.18,-3.8000000000000114,PE,Nordeste,0.6449438124334602,1,Alto
2612208,26,77.15,75.13,763.16,-2.0200000000000102,PE,Nordeste,0.6445388945553197,1,Alto
4113403,41,80.0,89.7,760.11,9.700000000000003,PR,Sul,0.6444257906240944,1,Alto
3519808,35,75.39,81.32,767.12,5.929999999999993,SP,Sudeste,0.6443740384777206,1,Alto
2506400,25,48.93,27.02,720.48,-21.91,PB,Nordeste,0.6441441034608861,1,Alto
2604007,26,70.0,59.18,749.31,-10.82,PE,Nordeste,0.6438761130528581,1,Alto
1503200,15,47.07,40.43,727.03,-6.640000000000001,PA,Norte,0.6436573567053011,1,Alto
2407104,24,44.07,30.13,721.87,-13.940000000000001,RN,Nordeste,0.6434995023699915,1,Alto
4125506,41,71.26,64.3,747.61,-6.960000000000008,PR,Sul,0.6434993755664948,1,Alto
2806206,28,47.88,44.89,727.82,-2.990000000000002,SE,Nordeste,0.6434379779571662,1,Alto
4114807,41,75.31,73.09,755.75,-2.219999999999999,PR,Sul,0.6429841305749753,1,Alto
4103800,41,80.0,83.63,764.84,3.6299999999999955,PR,Sul,0.6429155248082942,1,Alto
2108108,21,77.38,90.57,773.11,13.189999999999998,MA,Nordeste,0.6423533527591443,1,Alto
3510401,35,69.46,66.48,757.04,-2.9799999999999898,SP,Sudeste,0.6422204371618543,1,Alto
3533007,35,67.3,59.94,754.12,-7.359999999999999,SP,Sudeste,0.6422079226680109,1,Alto
4119152,41,68.31,57.37,742.31,-10.940000000000005,PR,Sul,0.6420056178254798,1,Alto
4126355,41,80.0,82.66,765.7,2.6599999999999966,PR,Sul,0.6418438340611888,1,Alto
1100023,11,68.02,65.62,748.16,-2.3999999999999915,RO,Norte,0.641779046285246,1,Alto
3300159,33,66.06,68.41,754.14,2.3499999999999943,RJ,Sudeste,0.6417450298834692,1,Alto
3506201,35,80.0,84.11,782.04,4.109999999999999,SP,Sudeste,0.6417366022450689,1,Alto
2503704,25,60.92,50.91,746.3,-10.010000000000005,PB,Nordeste,0.6416116831926902,1,Alto
4111407,41,80.0,82.65,765.74,2.6500000000000057,PR,Sul,0.6415844336800409,1,Alto
4123808,41,80.0,82.63,765.8,2.6299999999999955,PR,Sul,0.6412250275948631,1,Alto
4105805,41,69.76,60.67,745.19,-9.090000000000003,PR,Sul,0.641181820966531,1,Alto
3521150,35,58.39,43.3,734.5,-15.090000000000003,SP,Sudeste,0.640902257704234,1,Alto
4114609,41,76.71,76.44,758.58,-0.269999999999996,PR,Sul,0.6408188017866827,1,Alto
3552403,35,61.76,50.61,741.24,-11.149999999999999,SP,Sudeste,0.6407627997276962,1,Alto
2401305,24,49.73,43.77,732.49,-5.959999999999994,RN,Nordeste,0.6407204432795695,1,Alto
4121406,41,80.0,79.84,768.05,-0.1599999999999966,PR,Sul,0.6399218038091157,1,Alto
4117214,41,80.0,79.18,768.57,-0.8199999999999932,PR,Sul,0.6397112344900477,1,Alto
2101251,21,60.79,53.73,741.0,-7.060000000000002,MA,Nordeste,0.6395967639829387,1,Alto
2607505,26,66.17,58.6,736.47,-7.57,PE,Nordeste,0.6392461054958307,1,Alto
1502756,15,53.12,54.24,739.18,1.1200000000000045,PA,Norte,0.6389088951581031,1,Alto
3526902,35,68.08,62.75,755.29,-5.329999999999998,SP,Sudeste,0.638610098332476,1,Alto
2704401,27,52.71,37.84,728.02,-14.869999999999997,AL,Nordeste,0.6385909264055059,1,Alto
2107357,21,64.61,62.23,748.59,-2.3800000000000026,MA,Nordeste,0.638558241819011,1,Alto
1703206,17,61.68,59.26,756.39,-2.4200000000000017,TO,Norte,0.638504983890553,1,Alto
3550100,35,66.3,60.53,750.58,-5.769999999999996,SP,Sudeste,0.638063444931358,1,Alto
3143500,31,80.0,64.5,755.47,-15.5,MG,Sudeste,0.6372474974135122,1,Alto
1100015,11,69.51,67.79,752.5,-1.7199999999999989,RO,Norte,0.6371931785936304,1,Alto
4119905,41,77.05,75.9,760.67,-1.1499999999999915,PR,Sul,0.6371676633113225,1,Alto
4103602,41,68.18,58.04,741.95,-10.140000000000008,PR,Sul,0.637116039425025,1,Alto
2601409,26,67.68,53.05,746.36,-14.63000000000001,PE,Nordeste,0.63702973305601,1,Alto
4206504,42,73.35,64.09,752.68,-9.259999999999991,SC,Sul,0.6369949545533978,1,Alto
4108304,41,75.15,72.01,756.73,-3.1400000000000006,PR,Sul,0.6369814974709902,1,Alto
4110805,41,80.0,80.07,768.26,0.06999999999999318,PR,Sul,0.6368621602527866,1,Alto
4219853,42,69.85,57.58,744.97,-12.269999999999996,SC,Sul,0.6363436163581051,1,Alto
2407005,24,41.52,26.6,716.19,-14.920000000000002,RN,Nordeste,0.6362750484566042,1,Alto
4110078,41,74.42,70.26,755.49,-4.159999999999997,PR,Sul,0.6362458650718438,1,Alto
2104651,21,72.55,78.08,765.75,5.530000000000001,MA,Nordeste,0.6361991555299719,1,Alto
3531803,35,59.49,46.98,736.34,-12.510000000000005,SP,Sudeste,0.6359888832058747,1,Alto
2613909,26,77.29,77.92,762.65,0.6299999999999955,PE,Nordeste,0.6359856409960084,1,Alto
3300258,33,60.11,58.05,741.1,-2.0600000000000023,RJ,Sudeste,0.6358712372556149,1,Alto
2103174,21,52.68,36.86,724.75,-15.82,MA,Nordeste,0.6358472443391331,1,Alto
2704203,27,55.18,44.61,732.24,-10.57,AL,Nordeste,0.6357909691439589,1,Alto
2804102,28,54.97,58.01,744.62,3.039999999999999,SE,Nordeste,0.6357052629615925,1,Alto
3164001,31,80.0,68.34,752.83,-11.659999999999997,MG,Sudeste,0.6353830898490823,1,Alto
3525201,35,58.93,44.07,736.57,-14.86,SP,Sudeste,0.6353535662862946,1,Alto
3529500,35,73.1,77.56,762.8,4.460000000000008,SP,Sudeste,0.6351700807101276,1,Alto
5005707,50,66.68,59.87,744.01,-6.810000000000009,MS,Centro-Oeste,0.635111854793761,1,Alto
1100288,11,72.34,75.19,757.49,2.8499999999999943,RO,Norte,0.6348792743402011,1,Alto
2910859,29,33.77,36.76,723.0,2.989999999999995,BA,Nordeste,0.6348541088716158,1,Alto
4304101,43,41.73,33.9,731.07,-7.829999999999998,RS,Sul,0.6347497137760314,1,Alto
3521903,35,80.0,82.74,783.95,2.739999999999995,SP,Sudeste,0.6346450130733465,1,Alto
3171907,31,80.0,70.97,750.96,-9.030000000000001,MG,Sudeste,0.6346017259746649,1,Alto
4106803,41,80.0,84.49,765.24,4.489999999999995,PR,Sul,0.6345639886911627,1,Alto
2803302,28,54.23,58.28,741.91,4.050000000000004,SE,Nordeste,0.634348477733396,1,Alto
3501400,35,63.01,58.33,740.81,-4.68,SP,Sudeste,0.6341662505963589,1,Alto
4113429,41,80.0,83.47,766.06,3.469999999999999,PR,Sul,0.6341047587568989,1,Alto
3539400,35,59.02,44.37,736.84,-14.650000000000006,SP,Sudeste,0.633995427590378,1,Alto
3517406,35,63.07,53.49,744.68,-9.579999999999998,SP,Sudeste,0.6339024512116515,1,Alto
3304755,33,55.22,47.47,731.57,-7.75,RJ,Sudeste,0.6339015508424373,1,Alto
4124400,41,79.65,81.43,766.36,1.7800000000000011,PR,Sul,0.6337812706987005,1,Alto
4126272,41,80.0,85.49,764.6,5.489999999999995,PR,Sul,0.6336948899146496,1,Alto
1600204,16,48.89,39.25,732.39,-9.64,AP,Norte,0.6334781003157417,1,Alto
4120606,41,80.0,82.91,766.59,2.9099999999999966,PR,Sul,0.6332097307602501,1,Alto
2414100,24,54.77,52.25,745.32,-2.520000000000003,RN,Nordeste,0.6331653408393889,1,Alto
4109708,41,75.07,71.64,757.2,-3.4299999999999926,PR,Sul,0.6331008520678769,1,Alto
3543303,35,69.38,66.4,757.95,-2.9799999999999898,SP,Sudeste,0.633086289051577,1,Alto
2607208,26,72.04,64.15,754.32,-7.890000000000001,PE,Nordeste,0.6330804129871813,1,Alto
4212056,42,71.23,57.22,750.65,-14.010000000000005,SC,Sul,0.632974014303689,1,Alto
4118709,41,80.0,84.51,765.45,4.510000000000005,PR,Sul,0.6327522710708579,1,Alto
4103354,41,80.0,85.11,765.03,5.109999999999999,PR,Sul,0.6325201836871325,1,Alto
3530102,35,62.1,54.13,740.87,-7.969999999999999,SP,Sudeste,0.6324724801726809,1,Alto
3518404,35,64.39,55.83,747.89,-8.560000000000002,SP,Sudeste,0.6324080374120161,1,Alto
5103957,51,80.0,83.78,771.9,3.780000000000001,MT,Centro-Oeste,0.6322476557857466,1,Alto
3538600,35,65.5,57.46,750.72,-8.04,SP,Sudeste,0.6321336235316573,1,Alto
3555406,35,53.62,36.64,723.38,-16.979999999999997,SP,Sudeste,0.6316458976292035,1,Alto
1300680,13,41.46,31.41,722.82,-10.05,AM,Norte,0.6314913082535343,1,Alto
4127700,41,79.7,81.69,766.64,1.9899999999999949,PR,Sul,0.631413805508193,1,Alto
2207405,22,73.69,72.22,771.52,-1.4699999999999989,PI,Nordeste,0.6313314642132712,1,Alto
4119400,41,75.14,74.06,755.87,-1.0799999999999983,PR,Sul,0.6312705273917433,1,Alto
3117405,31,80.0,74.88,748.46,-5.1200000000000045,MG,Sudeste,0.6311793765109512,1,Alto
2918506,29,38.71,43.44,736.34,4.729999999999997,BA,Nordeste,0.6310892321843434,1,Alto
4203006,42,73.04,65.51,751.24,-7.530000000000001,SC,Sul,0.6310097947524177,1,Alto
3547403,35,66.75,52.94,758.8,-13.810000000000002,SP,Sudeste,0.6306999651832582,1,Alto
4216107,42,78.9,76.94,763.95,-1.960000000000008,SC,Sul,0.6305080472061269,1,Alto
4119707,41,79.85,80.42,768.26,0.5700000000000074,PR,Sul,0.6303838989938866,1,Alto
2407401,24,53.85,53.91,741.14,0.05999999999999517,RN,Nordeste,0.6300208435364957,1,Alto
2109908,21,57.79,48.48,735.29,-9.310000000000002,MA,Nordeste,0.6298243061950161,1,Alto
3536109,35,65.0,56.51,749.91,-8.490000000000002,SP,Sudeste,0.6298065894681623,1,Alto
4114203,41,80.0,81.53,768.07,1.5300000000000011,PR,Sul,0.6295941178045624,1,Alto
3526506,35,67.84,59.08,758.29,-8.760000000000005,SP,Sudeste,0.6295701615475439,1,Alto
2606200,26,61.91,45.89,731.87,-16.019999999999996,PE,Nordeste,0.6287582265262328,1,Alto
4119806,41,80.0,78.93,770.12,-1.0699999999999932,PR,Sul,0.6287420281975903,1,Alto
2703809,27,47.64,27.93,718.32,-19.71,AL,Nordeste,0.628708179184197,1,Alto
1718758,17,42.93,26.8,714.07,-16.13,TO,Norte,0.6286411575446821,1,Alto
2504033,25,63.86,60.4,751.45,-3.460000000000001,PB,Nordeste,0.6286406014203971,1,Alto
1721208,17,48.38,35.44,727.34,-12.940000000000005,TO,Norte,0.6284926624510588,1,Alto
2204006,22,78.56,84.21,780.52,5.6499999999999915,PI,Nordeste,0.6284840211681005,1,Alto
4207809,42,75.75,71.4,756.97,-4.349999999999994,SC,Sul,0.6283178893493195,1,Alto
4203303,42,70.79,59.82,747.69,-10.970000000000006,SC,Sul,0.6283166094580568,1,Alto
3540804,35,66.98,62.55,752.75,-4.430000000000007,SP,Sudeste,0.6282234219156191,1,Alto
3556206,35,60.28,48.21,739.25,-12.07,SP,Sudeste,0.6281439080681385,1,Alto
2408003,24,51.21,45.41,738.19,-5.800000000000004,RN,Nordeste,0.6280630509055626,1,Alto
3303203,33,55.83,47.32,734.62,-8.509999999999998,RJ,Sudeste,0.6279941810706434,1,Alto
4203501,42,67.09,48.28,742.99,-18.810000000000002,SC,Sul,0.6278927101637531,1,Alto
3124609,31,80.0,66.67,755.01,-13.329999999999998,MG,Sudeste,0.6278689671831152,1,Alto
2612554,26,65.78,53.14,740.64,-12.64,PE,Nordeste,0.6271862548976309,1,Alto
1200351,12,66.11,62.82,751.81,-3.289999999999999,AC,Norte,0.627170713548698,1,Alto
2512309,25,80.0,86.29,790.75,6.290000000000006,PB,Nordeste,0.6263522392537201,1,Alto
4111100,41,80.0,86.9,764.49,6.900000000000006,PR,Sul,0.6260546975643158,1,Alto
2807006,28,51.64,46.34,742.54,-5.299999999999997,SE,Nordeste,0.62571263318416,1,Alto
3513009,35,60.23,49.49,738.45,-10.739999999999995,SP,Sudeste,0.6253985943905623,1,Alto
2613206,26,67.04,54.47,744.43,-12.570000000000007,PE,Nordeste,0.6253426777718405,1,Alto
3302304,33,56.42,48.41,736.27,-8.010000000000005,RJ,Sudeste,0.62530672528135,1,Alto
4101804,41,72.81,69.02,751.95,-3.7900000000000063,PR,Sul,0.6252872456578126,1,Alto
3526001,35,77.85,80.44,779.09,2.5900000000000034,SP,Sudeste,0.6249647509847969,1,Alto
4127965,41,80.0,84.81,766.19,4.810000000000002,PR,Sul,0.6249434694693098,1,Alto
2109304,21,55.77,47.82,729.08,-7.950000000000003,MA,Nordeste,0.6249318548506877,1,Alto
4128658,41,79.07,81.54,765.28,2.470000000000013,PR,Sul,0.6248768410265024,1,Alto
4203907,42,74.66,69.54,754.85,-5.11999999999999,SC,Sul,0.6248143596650547,1,Alto
4119608,41,75.14,73.42,757.16,-1.7199999999999989,PR,Sul,0.6246950507513183,1,Alto
4200507,42,74.65,75.76,750.18,1.1099999999999994,SC,Sul,0.6246633194877347,1,Alto
1100304,11,70.22,71.66,753.73,1.4399999999999977,RO,Norte,0.6246203277295963,1,Alto
5004601,50,75.39,79.41,762.2,4.019999999999996,MS,Centro-Oeste,0.62460633573612,1,Alto
4105706,41,75.22,74.84,756.4,-0.37999999999999545,PR,Sul,0.6245914138178522,1,Alto
4202057,42,66.68,51.19,739.83,-15.490000000000009,SC,Sul,0.6238334158055047,1,Alto
1500305,15,45.47,38.18,725.4,-7.289999999999999,PA,Norte,0.6237317915310079,1,Alto
4100400,41,61.44,45.12,728.89,-16.32,PR,Sul,0.6237263097094287,1,Alto
4117305,41,68.24,58.43,743.56,-9.809999999999995,PR,Sul,0.6234979200605992,1,Alto
4216404,42,77.27,76.69,759.13,-0.5799999999999983,SC,Sul,0.6232929468639292,1,Alto
1101005,11,69.88,70.76,753.34,0.8800000000000097,RO,Norte,0.6232633461577857,1,Alto
3542206,35,66.53,60.02,753.63,-6.509999999999998,SP,Sudeste,0.6232233803006032,1,Alto
4112801,41,80.0,85.12,766.17,5.1200000000000045,PR,Sul,0.6232190091234304,1,Alto
4107850,41,80.0,85.55,765.92,5.549999999999997,PR,Sul,0.6226353017476656,1,Alto
4217303,42,80.0,80.9,765.94,0.9000000000000057,SC,Sul,0.6226100481134337,1,Alto
2610509,26,76.43,76.23,762.46,-0.20000000000000284,PE,Nordeste,0.6225776374525054,1,Alto
4113502,41,74.76,73.8,755.77,-0.960000000000008,PR,Sul,0.6225061720755519,1,Alto
3507159,35,64.05,55.46,748.16,-8.589999999999996,SP,Sudeste,0.6224892025684206,1,Alto
2400406,24,47.49,39.66,729.75,-7.830000000000005,RN,Nordeste,0.6222468382125671,1,Alto
5104104,51,67.04,54.22,748.39,-12.820000000000007,MT,Centro-Oeste,0.6220279182899426,1,Alto
3534609,35,65.39,59.23,750.25,-6.160000000000004,SP,Sudeste,0.6219778055154453,1,Alto
1503044,15,58.23,67.37,750.01,9.140000000000008,PA,Norte,0.6213929471088824,1,Alto
4217758,42,77.33,73.21,762.24,-4.1200000000000045,SC,Sul,0.6209275926034785,1,Alto
2925931,29,51.7,75.47,760.66,23.769999999999996,BA,Nordeste,0.6206167677300842,1,Alto
3516804,35,61.91,54.3,741.54,-7.609999999999999,SP,Sudeste,0.6204216943819056,1,Alto
1508209,15,44.6,37.71,723.04,-6.890000000000001,PA,Norte,0.6201794331606159,1,Alto
4209854,42,80.0,84.61,763.49,4.609999999999999,SC,Sul,0.6199572232418277,1,Alto
3523701,35,75.77,82.38,770.74,6.609999999999999,SP,Sudeste,0.6198688800700167,1,Alto
1303601,13,41.95,36.02,722.59,-5.93,AM,Norte,0.6197445308990353,1,Alto
4109203,41,74.98,72.67,757.76,-2.3100000000000023,PR,Sul,0.6196567988234158,1,Alto
4124103,41,66.77,55.04,741.25,-11.729999999999997,PR,Sul,0.6196480723997616,1,Alto
2805505,28,45.43,40.54,725.16,-4.890000000000001,SE,Nordeste,0.6196397318296714,1,Alto
5103403,51,62.45,46.56,737.82,-15.89,MT,Centro-Oeste,0.6195465550379923,1,Alto
3157377,31,80.0,72.73,751.5,-7.269999999999996,MG,Sudeste,0.6195418105697263,1,Alto
3302452,33,68.9,77.99,760.0,9.08999999999999,RJ,Sudeste,0.6195060347952834,1,Alto
4121752,41,78.52,83.13,762.77,4.609999999999999,PR,Sul,0.6194225524536942,1,Alto
5107156,51,77.38,83.86,763.95,6.480000000000004,MT,Centro-Oeste,0.6193545670906416,1,Alto
3540408,35,78.52,79.69,782.78,1.1700000000000017,SP,Sudeste,0.6192110946423011,1,Alto
1200013,12,63.6,59.69,746.05,-3.9100000000000037,AC,Norte,0.6192016234468986,1,Alto
2514305,25,58.52,52.39,739.29,-6.130000000000003,PB,Nordeste,0.6191570970457067,1,Alto
2203503,22,59.84,51.08,738.74,-8.760000000000005,PI,Nordeste,0.6190802146177141,1,Alto
2204659,22,52.58,34.84,724.63,-17.739999999999995,PI,Nordeste,0.6190447272831562,1,Alto
5104542,51,80.0,77.99,777.88,-2.010000000000005,MT,Centro-Oeste,0.6188462932093148,1,Alto
4104501,41,78.91,79.5,766.97,0.5900000000000034,PR,Sul,0.6188162000533696,1,Alto
1100031,11,72.53,75.88,759.66,3.3499999999999943,RO,Norte,0.6186592297121015,1,Alto
4119657,41,80.0,83.19,768.2,3.1899999999999977,PR,Sul,0.6184299328507651,1,Alto
2207009,22,70.42,72.5,761.07,2.0799999999999983,PI,Nordeste,0.6184188862506559,1,Alto
4203808,42,75.78,71.93,757.9,-3.8499999999999943,SC,Sul,0.6183979973764879,1,Alto
2104057,21,63.09,59.79,747.41,-3.3000000000000043,MA,Nordeste,0.6183650636254274,1,Alto
4312476,43,60.83,76.9,770.03,16.070000000000007,RS,Sul,0.618248513643972,1,Alto
4206405,42,80.0,83.69,764.41,3.6899999999999977,SC,Sul,0.6180601247421365,1,Alto
3513207,35,59.75,49.46,737.64,-10.29,SP,Sudeste,0.6180238798529457,1,Alto
4218509,42,76.05,71.92,758.96,-4.1299999999999955,SC,Sul,0.6177767770712232,1,Alto
2205151,22,80.0,84.31,786.97,4.310000000000002,PI,Nordeste,0.617763274821766,1,Alto
4107207,41,80.0,82.56,768.76,2.5600000000000023,PR,Sul,0.6177028798031279,1,Alto
4101309,41,80.0,88.26,764.53,8.260000000000005,PR,Sul,0.6174287894081557,1,Alto
3532868,35,52.66,25.0,730.38,-27.659999999999997,SP,Sudeste,0.6172778544449775,1,Alto
3514908,35,63.26,56.28,745.33,-6.979999999999997,SP,Sudeste,0.6172493051687772,1,Alto
2111631,21,64.03,55.35,754.27,-8.68,MA,Nordeste,0.6172283915095201,1,Alto
3548906,35,60.84,50.27,741.08,-10.57,SP,Sudeste,0.6171797310810511,1,Alto
1300607,13,42.28,34.3,725.39,-7.980000000000004,AM,Norte,0.6171265746293934,1,Alto
2704302,27,52.09,40.95,726.11,-11.14,AL,Nordeste,0.6170409360337719,1,Alto
4219705,42,70.88,59.5,749.64,-11.379999999999995,SC,Sul,0.6170270194944973,1,Alto
2107506,21,60.26,55.55,740.51,-4.710000000000001,MA,Nordeste,0.6170092738466557,1,Alto
2702306,27,80.0,92.03,788.88,12.030000000000001,AL,Nordeste,0.6168909312596819,1,Alto
3121209,31,79.45,68.3,753.17,-11.150000000000006,MG,Sudeste,0.6167085263297832,1,Alto
3554300,35,71.01,70.49,762.85,-0.5200000000000102,SP,Sudeste,0.6163078430030637,1,Alto
3516507,35,80.0,85.45,784.2,5.450000000000003,SP,Sudeste,0.6161407439191035,1,Alto
3539103,35,55.2,40.79,727.91,-14.410000000000004,SP,Sudeste,0.6160261607225094,1,Alto
3550605,35,61.36,51.51,742.19,-9.850000000000001,SP,Sudeste,0.6158960680925272,1,Alto
3507803,35,62.27,54.27,743.45,-8.0,SP,Sudeste,0.6156277721655878,1,Alto
4316436,43,54.75,69.6,753.89,14.849999999999994,RS,Sul,0.6150267417294204,1,Alto
3520905,35,63.68,54.96,748.13,-8.719999999999999,SP,Sudeste,0.6148414870727262,1,Alto
2516706,25,75.05,81.85,777.58,6.799999999999997,PB,Nordeste,0.6147978082063384,1,Alto
5000856,50,80.0,86.52,774.76,6.519999999999996,MS,Centro-Oeste,0.6147751857325159,1,Alto
4101200,41,70.68,63.75,749.49,-6.930000000000007,PR,Sul,0.6146371664927398,1,Alto
5106802,51,76.91,74.29,769.99,-2.6199999999999903,MT,Centro-Oeste,0.6145829097288895,1,Alto
3163003,31,74.82,52.73,748.36,-22.089999999999996,MG,Sudeste,0.6143107531987733,1,Alto
1504950,15,49.35,50.02,731.75,0.6700000000000017,PA,Norte,0.6141506617529725,1,Alto
4113601,41,67.74,54.92,745.52,-12.819999999999993,PR,Sul,0.6141424762668195,1,Alto
3551504,35,56.96,43.97,732.13,-12.990000000000002,SP,Sudeste,0.6141193113772502,1,Alto
4204103,42,72.82,60.13,756.58,-12.68999999999999,SC,Sul,0.6137942310916995,1,Alto
1101468,11,63.01,57.63,739.47,-5.3799999999999955,RO,Norte,0.6137695996153346,1,Alto
2202406,22,62.28,54.01,746.03,-8.270000000000003,PI,Nordeste,0.6137037656262095,1,Alto
4216008,42,80.0,80.35,767.44,0.3499999999999943,SC,Sul,0.6136956970434739,1,Alto
4105201,41,63.01,49.89,732.24,-13.119999999999997,PR,Sul,0.6135881053784055,1,Alto
1702554,17,59.78,59.95,752.07,0.1700000000000017,TO,Norte,0.613585747149182,1,Alto
2613800,26,58.82,42.6,725.03,-16.22,PE,Nordeste,0.6134386121087746,1,Alto
4218608,42,71.89,63.31,750.89,-8.579999999999998,SC,Sul,0.6133613520090564,1,Alto
3509601,35,59.67,48.77,738.47,-10.899999999999999,SP,Sudeste,0.6130709280085884,1,Alto
3538709,35,62.99,55.08,745.76,-7.910000000000004,SP,Sudeste,0.613068010353468,1,Alto
4103958,41,80.0,84.25,768.09,4.25,PR,Sul,0.6128241444118955,1,Alto
4127106,41,68.62,61.71,743.81,-6.910000000000004,PR,Sul,0.6126159892721758,1,Alto
4101101,41,69.82,64.82,745.87,-5.0,PR,Sul,0.6122415866231172,1,Alto
1720903,17,51.39,42.45,734.98,-8.939999999999998,TO,Norte,0.6121912708300851,1,Alto
4108700,41,69.82,61.6,748.29,-8.219999999999992,PR,Sul,0.6121466662452503,1,Alto
2112274,21,48.68,36.17,713.74,-12.509999999999998,MA,Nordeste,0.6118944253215739,1,Alto
4126009,41,80.0,87.77,765.6,7.769999999999996,PR,Sul,0.6116474428280181,1,Alto
2410207,24,60.37,65.36,758.43,4.990000000000002,RN,Nordeste,0.6114863998389208,1,Alto
2605103,26,80.0,84.57,770.49,4.569999999999993,PE,Nordeste,0.6114744201722355,1,Alto
4108007,41,69.4,63.48,745.45,-5.920000000000009,PR,Sul,0.6114426045606352,1,Alto
2103307,21,57.65,50.85,735.27,-6.799999999999997,MA,Nordeste,0.6113729436255612,1,Alto
3526803,35,67.37,63.65,755.41,-3.720000000000006,SP,Sudeste,0.6112850723932017,1,Alto
4119202,41,75.8,76.88,758.6,1.0799999999999983,PR,Sul,0.6112589866349398,1,Alto
4104907,41,76.0,74.56,761.06,-1.4399999999999977,PR,Sul,0.6112487212287804,1,Alto
4212809,42,67.49,53.84,742.32,-13.649999999999991,SC,Sul,0.6111977097673327,1,Alto
4209508,42,69.33,60.32,744.15,-9.009999999999998,SC,Sul,0.6110239015449078,1,Alto
3300936,33,60.47,59.54,744.35,-0.9299999999999997,RJ,Sudeste,0.6109360734906771,1,Alto
3515608,35,80.0,85.99,784.45,5.989999999999995,SP,Sudeste,0.6107612724210331,1,Alto
4125209,41,80.0,84.59,768.13,4.590000000000003,PR,Sul,0.6103986910680135,1,Alto
4311130,43,44.16,36.4,740.99,-7.759999999999998,RS,Sul,0.6102991396973243,1,Alto
2603454,26,65.61,57.57,738.78,-8.04,PE,Nordeste,0.6102594426665446,1,Alto
4210001,42,80.0,76.19,771.01,-3.8100000000000023,SC,Sul,0.6099184389108645,1,Alto
5101308,51,68.04,58.62,750.22,-9.420000000000009,MT,Centro-Oeste,0.6096860234321742,1,Alto
4110656,41,80.0,85.71,767.39,5.709999999999994,PR,Sul,0.6095920644143942,1,Alto
1100379,11,72.81,79.54,759.08,6.730000000000004,RO,Norte,0.6092465438844538,1,Alto
4306320,43,59.58,80.0,764.32,20.42,RS,Sul,0.6089513294529347,1,Alto
3162302,31,78.68,72.0,748.58,-6.680000000000007,MG,Sudeste,0.6087826119554417,1,Alto
3120839,31,80.0,69.0,755.6,-11.0,MG,Sudeste,0.6087720978026268,1,Alto
3503406,35,74.89,79.38,771.24,4.489999999999995,SP,Sudeste,0.6080346204431809,1,Alto
4110508,41,80.0,82.28,770.16,2.280000000000001,PR,Sul,0.607902691186542,1,Alto
2709152,27,61.47,57.59,748.72,-3.8799999999999955,AL,Nordeste,0.6077668389802945,1,Alto
2408904,24,55.09,50.73,750.74,-4.3600000000000065,RN,Nordeste,0.6076356948907231,1,Alto
4103370,41,76.04,77.7,759.34,1.6599999999999966,PR,Sul,0.607251718325052,1,Alto
1502772,15,60.3,72.88,755.11,12.579999999999998,PA,Norte,0.6071436718088442,1,Alto
4116901,41,75.92,74.65,761.23,-1.269999999999996,PR,Sul,0.6068979131523712,1,Alto
3508108,35,69.16,67.83,759.32,-1.3299999999999983,SP,Sudeste,0.6066454807306044,1,Alto
4204301,42,77.47,75.26,762.95,-2.2099999999999937,SC,Sul,0.6066441096368259,1,Alto
4128104,41,69.24,63.1,745.76,-6.1399999999999935,PR,Sul,0.6064482720887927,1,Alto
5007976,50,79.18,85.45,773.61,6.269999999999996,MS,Centro-Oeste,0.6063957580764539,1,Alto
1500503,15,45.36,38.92,726.57,-6.439999999999998,PA,Norte,0.6063081573101818,1,Alto
2612455,26,72.64,69.1,756.11,-3.5400000000000063,PE,Nordeste,0.6059214385575826,1,Alto
3162609,31,80.0,67.66,756.95,-12.340000000000003,MG,Sudeste,0.6058952405628879,1,Alto
2707701,27,50.31,38.78,722.65,-11.530000000000001,AL,Nordeste,0.6058677748193353,1,Alto
3162807,31,80.0,70.27,755.01,-9.730000000000004,MG,Sudeste,0.6057940704835905,1,Alto
2511103,25,76.93,83.68,784.13,6.75,PB,Nordeste,0.6055696963633733,1,Alto
2516508,25,78.82,90.59,785.81,11.77000000000001,PB,Nordeste,0.6054715340079461,1,Alto
2802502,28,35.57,21.91,705.15,-13.66,SE,Nordeste,0.6054655919334119,1,Alto
3551702,35,62.3,54.16,744.91,-8.14,SP,Sudeste,0.6051566447389296,1,Alto
2509206,25,55.77,40.69,739.8,-15.080000000000005,PB,Nordeste,0.6051039664992396,1,Alto
2409704,24,35.03,21.89,700.18,-13.14,RN,Nordeste,0.6040649176813694,1,Alto
2701001,27,75.55,88.19,777.24,12.64,AL,Nordeste,0.603817089359444,1,Alto
2202604,22,76.57,82.63,777.53,6.060000000000002,PI,Nordeste,0.6036547245246467,1,Alto
4107702,41,69.92,61.86,749.51,-8.060000000000002,PR,Sul,0.6034405242321228,1,Alto
4111803,41,63.25,47.68,736.0,-15.57,PR,Sul,0.6033494460849769,1,Alto
2202851,22,67.26,61.36,759.8,-5.900000000000006,PI,Nordeste,0.6033438481859793,1,Alto
3503307,35,65.24,59.68,751.7,-5.559999999999995,SP,Sudeste,0.6027997813033393,1,Alto
3114006,31,79.32,68.1,754.54,-11.219999999999999,MG,Sudeste,0.6027523553293574,1,Alto
5106752,51,71.81,66.49,758.81,-5.320000000000007,MT,Centro-Oeste,0.6027341295917369,1,Alto
2706703,27,53.29,42.23,731.27,-11.060000000000002,AL,Nordeste,0.6023744747289131,1,Alto
4119103,41,80.0,83.34,770.04,3.3400000000000034,PR,Sul,0.6023248198501675,1,Alto
4105300,41,80.0,84.56,769.16,4.560000000000002,PR,Sul,0.6020544779495104,1,Alto
4207601,42,80.0,84.43,765.85,4.430000000000007,SC,Sul,0.6016060457588547,1,Alto
2601102,26,64.43,52.06,739.7,-12.370000000000005,PE,Nordeste,0.6014195455973506,1,Alto
3546256,35,56.94,42.56,734.65,-14.379999999999995,SP,Sudeste,0.6014026860922319,1,Alto
2101400,21,52.53,39.54,726.42,-12.990000000000002,MA,Nordeste,0.6013462785598452,1,Alto
3303500,33,47.44,33.42,717.94,-14.019999999999996,RJ,Sudeste,0.6011120615992214,1,Alto
3527702,35,62.93,54.95,747.09,-7.979999999999997,SP,Sudeste,0.6010707639016407,1,Alto
3516309,35,60.21,50.49,740.59,-9.719999999999999,SP,Sudeste,0.6010455510755494,1,Alto
4123824,41,79.64,85.71,767.12,6.069999999999993,PR,Sul,0.6010367368134762,1,Alto
2707404,27,44.89,27.47,712.14,-17.42,AL,Nordeste,0.600586238740287,1,Alto
4204707,42,80.0,77.07,771.48,-2.930000000000007,SC,Sul,0.6005669237336315,1,Alto
1720101,17,55.55,52.93,743.64,-2.6199999999999974,TO,Norte,0.6001754727548889,1,Alto
4102604,41,74.86,73.99,758.7,-0.8700000000000045,PR,Sul,0.6001684683808054,1,Alto
4107801,41,78.12,85.2,762.12,7.079999999999998,PR,Sul,0.6000647064134099,1,Alto
3522604,35,66.82,62.18,755.88,-4.6399999999999935,SP,Sudeste,0.6000167696759303,1,Alto
2203453,22,80.0,87.27,786.91,7.269999999999996,PI,Nordeste,0.5999689680928003,1,Alto
3550803,35,69.66,68.66,761.32,-1.0,SP,Sudeste,0.5999018353265484,1,Alto
3520400,35,55.69,43.27,729.81,-12.419999999999995,SP,Sudeste,0.5996327815830553,1,Alto
3545605,35,66.96,64.33,754.83,-2.6299999999999955,SP,Sudeste,0.5995860164410998,1,Alto
2404507,24,50.03,43.15,739.08,-6.880000000000003,RN,Nordeste,0.59955255512782,1,Alto
3546207,35,70.86,73.36,762.2,2.5,SP,Sudeste,0.599445888650722,1,Alto
4104402,41,80.0,85.54,768.75,5.540000000000006,PR,Sul,0.599366541480025,1,Alto
4100806,41,72.72,72.48,752.22,-0.23999999999999488,PR,Sul,0.599072930432125,1,Alto
3511409,35,55.58,39.99,731.97,-15.589999999999996,SP,Sudeste,0.5987617092969172,1,Alto
4124806,41,80.0,87.16,767.63,7.159999999999997,PR,Sul,0.5986022220967926,1,Alto
4112702,41,68.09,60.93,744.18,-7.160000000000004,PR,Sul,0.598498701451242,1,Alto
4109609,41,71.37,66.9,751.58,-4.469999999999999,PR,Sul,0.5984925780729053,1,Alto
3521408,35,66.22,62.26,753.84,-3.960000000000001,SP,Sudeste,0.5984320374985915,1,Alto
2702405,27,45.72,28.13,714.91,-17.59,AL,Nordeste,0.5984094615892367,1,Alto
4200606,42,80.0,79.3,770.08,-0.7000000000000028,SC,Sul,0.5983345906751136,1,Alto
4113734,41,80.0,86.61,768.14,6.609999999999999,PR,Sul,0.5977798943127974,1,Alto
3540309,35,74.09,74.25,773.47,0.1599999999999966,SP,Sudeste,0.5973457677075343,1,Alto
3519600,35,59.58,49.2,739.8,-10.379999999999995,SP,Sudeste,0.5966784575325744,1,Alto
3302908,33,64.77,70.49,753.44,5.719999999999999,RJ,Sudeste,0.5966118107717886,1,Alto
2208908,22,80.0,85.26,788.9,5.260000000000005,PI,Nordeste,0.5959107201205273,1,Alto
3521507,35,72.85,76.62,767.42,3.7700000000000102,SP,Sudeste,0.5956078689372545,1,Alto
1500701,15,42.04,33.83,719.67,-8.21,PA,Norte,0.595474362719241,1,Alto
3500550,35,59.8,48.99,740.9,-10.809999999999995,SP,Sudeste,0.5954495038994321,1,Alto
3533700,35,80.0,90.38,783.04,10.379999999999995,SP,Sudeste,0.5952017942391826,1,Alto
2505204,25,44.16,24.78,710.9,-19.379999999999995,PB,Nordeste,0.595144334607063,1,Alto
2616183,26,80.0,82.94,773.71,2.9399999999999977,PE,Nordeste,0.5948615224993603,1,Alto
3540853,35,80.0,80.0,790.85,0.0,SP,Sudeste,0.5948169647356726,1,Alto
4125803,41,80.0,85.66,769.21,5.659999999999997,PR,Sul,0.5947780877886933,1,Alto
2101202,21,56.75,51.38,733.63,-5.369999999999997,MA,Nordeste,0.5946651522652971,1,Alto
4107108,41,75.14,78.26,757.19,3.1200000000000045,PR,Sul,0.5945693553739134,1,Alto
2407203,24,42.44,32.32,720.34,-10.119999999999997,RN,Nordeste,0.5944227469886907,1,Alto
2601706,26,59.56,43.93,729.02,-15.630000000000003,PE,Nordeste,0.5942870915620859,1,Alto
3522208,35,62.06,54.9,744.83,-7.160000000000004,SP,Sudeste,0.5939821363105225,1,Alto
2707503,27,71.61,83.74,767.5,12.129999999999995,AL,Nordeste,0.5939533553479245,1,Alto
4212007,42,80.0,79.92,770.2,-0.0799999999999983,SC,Sul,0.5934578798445573,1,Alto
3160454,31,78.66,65.69,755.07,-12.969999999999999,MG,Sudeste,0.5934560142305338,1,Alto
4121901,41,80.0,84.51,770.25,4.510000000000005,PR,Sul,0.5932735227077662,1,Alto
4212908,42,78.76,78.35,766.93,-0.4100000000000108,SC,Sul,0.5931137743465075,1,Alto
3547106,35,80.0,81.08,790.25,1.0799999999999983,SP,Sudeste,0.5930781827245929,1,Alto
3515509,35,64.91,61.01,750.69,-3.8999999999999986,SP,Sudeste,0.5929703493298776,1,Alto
4120804,41,70.99,67.24,750.64,-3.75,PR,Sul,0.5927362997316452,1,Alto
4212239,42,80.0,83.86,767.35,3.8599999999999994,SC,Sul,0.5926455643585995,1,Alto
2208304,22,76.95,82.48,780.34,5.530000000000001,PI,Nordeste,0.5926205293766844,1,Alto
3303955,33,60.7,63.28,744.63,2.5799999999999983,RJ,Sudeste,0.5922674106988446,1,Alto
4202131,42,80.0,81.95,768.85,1.9500000000000028,SC,Sul,0.5920476657262619,1,Alto
3108255,31,69.35,49.15,733.98,-20.199999999999996,MG,Sudeste,0.5916521025396233,1,Alto
2916302,29,30.06,23.44,724.8,-6.619999999999997,BA,Nordeste,0.5916311756086132,1,Alto
2100501,21,57.53,51.99,736.36,-5.539999999999999,MA,Nordeste,0.5916110269164119,1,Alto
5007703,50,62.66,53.09,739.84,-9.569999999999993,MS,Centro-Oeste,0.5915385363082364,1,Alto
4218707,42,73.35,68.26,755.1,-5.089999999999989,SC,Sul,0.5915017897372004,1,Alto
3544202,35,80.0,84.72,787.78,4.719999999999999,SP,Sudeste,0.5909613043429549,1,Alto
3541059,35,63.88,56.48,750.6,-7.400000000000006,SP,Sudeste,0.5908964957932309,1,Alto
2602902,26,63.25,50.72,737.78,-12.530000000000001,PE,Nordeste,0.5901735100973795,1,Alto
2708600,27,59.83,57.17,745.23,-2.6599999999999966,AL,Nordeste,0.5900328369232305,1,Alto
4112751,41,80.0,89.98,766.56,9.980000000000004,PR,Sul,0.5899087484558287,1,Alto
2103802,21,52.95,43.95,726.04,-9.0,MA,Nordeste,0.5896530224446809,1,Alto
3548401,35,75.74,77.36,778.05,1.6200000000000045,SP,Sudeste,0.589496984930765,1,Alto
3541000,35,60.28,51.25,741.68,-9.030000000000001,SP,Sudeste,0.5892996016759753,1,Alto
5102850,51,68.55,64.87,749.84,-3.6799999999999926,MT,Centro-Oeste,0.5892808446118771,1,Alto
2512077,25,61.89,57.57,751.21,-4.32,PB,Nordeste,0.5892650051808774,1,Alto
5108808,51,71.81,67.3,759.83,-4.510000000000005,MT,Centro-Oeste,0.5891527657883016,1,Alto
2605400,26,80.0,83.27,774.18,3.269999999999996,PE,Nordeste,0.5888541436517091,1,Alto
2801108,28,56.6,64.29,751.54,7.690000000000005,SE,Nordeste,0.5886258452207522,1,Alto
1720655,17,48.64,37.39,731.65,-11.25,TO,Norte,0.5886178625326757,1,Alto
2602100,26,66.49,60.74,742.21,-5.749999999999993,PE,Nordeste,0.5884545686290251,1,Alto
4200101,42,69.69,59.88,748.57,-9.809999999999995,SC,Sul,0.5877980461619629,1,Alto
4201802,42,73.88,64.79,760.08,-9.08999999999999,SC,Sul,0.587578131350893,1,Alto
2401503,24,63.35,74.35,765.38,10.999999999999993,RN,Nordeste,0.5873774768284955,1,Alto
3515103,35,57.34,45.34,735.72,-12.0,SP,Sudeste,0.5871629163823607,1,Alto
3101508,31,72.42,55.1,741.18,-17.32,MG,Sudeste,0.5870727865669199,1,Alto
3540705,35,59.02,50.08,738.28,-8.940000000000005,SP,Sudeste,0.5869243092744688,1,Alto
1502400,15,41.06,32.97,717.81,-8.090000000000003,PA,Norte,0.5867398239964329,1,Alto
3510609,35,56.43,44.8,732.92,-11.630000000000003,SP,Sudeste,0.5864242074053089,1,Alto
2501104,25,80.0,90.53,792.41,10.530000000000001,PB,Nordeste,0.5863706817552784,1,Alto
4100905,41,74.4,76.71,756.66,2.309999999999988,PR,Sul,0.5862854433366531,1,Alto
2106672,21,80.0,96.86,784.78,16.86,MA,Nordeste,0.5857192196870475,1,Alto
4108205,41,80.0,85.18,770.65,5.180000000000007,PR,Sul,0.5857081732213505,1,Alto
4205159,42,79.25,79.1,769.07,-0.15000000000000568,SC,Sul,0.5853170536995802,1,Alto
2401008,24,50.29,48.86,737.45,-1.4299999999999997,RN,Nordeste,0.5853092588947006,1,Alto
2406700,24,44.05,36.01,724.54,-8.04,RN,Nordeste,0.5848852400333214,1,Alto
3509452,35,56.83,43.46,735.57,-13.369999999999997,SP,Sudeste,0.5847335922061032,1,Alto
4104600,41,75.13,78.04,758.51,2.910000000000011,PR,Sul,0.5845661125462601,1,Alto
3300605,33,65.11,70.64,756.01,5.530000000000001,RJ,Sudeste,0.5844289261217619,1,Alto
3546702,35,66.28,64.05,754.42,-2.230000000000004,SP,Sudeste,0.5841647466720573,1,Alto
2208007,22,61.79,54.93,747.13,-6.859999999999999,PI,Nordeste,0.5840396380085896,1,Alto
1300201,13,62.63,84.07,765.76,21.43999999999999,AM,Norte,0.5839754526788064,1,Alto
3507209,35,62.52,58.33,745.12,-4.190000000000005,SP,Sudeste,0.5839746754416665,1,Alto
5200605,52,80.0,60.2,748.57,-19.799999999999997,GO,Centro-Oeste,0.5839693694885201,1,Alto
3552007,35,56.9,47.27,733.08,-9.629999999999995,SP,Sudeste,0.5838355336340336,1,Alto
2700805,27,63.22,64.57,752.71,1.3499999999999943,AL,Nordeste,0.583703799293843,1,Alto
1100254,11,68.1,71.14,751.39,3.0400000000000063,RO,Norte,0.5836638633193957,1,Alto
1506906,15,61.25,78.25,757.34,17.0,PA,Norte,0.5836623910067278,1,Alto
3542503,35,80.0,84.53,788.87,4.530000000000001,SP,Sudeste,0.5829889575639794,1,Alto
3510302,35,58.06,47.64,737.12,-10.420000000000002,SP,Sudeste,0.5828176659890699,1,Alto
3507605,35,61.15,53.36,744.02,-7.789999999999999,SP,Sudeste,0.5828090305122089,1,Alto
2501500,25,60.49,54.93,748.9,-5.560000000000002,PB,Nordeste,0.58270388954788,1,Alto
3517802,35,62.73,60.72,744.28,-2.009999999999998,SP,Sudeste,0.5823889754730238,1,Alto
1100809,11,59.06,51.63,733.48,-7.43,RO,Norte,0.5820002878885885,1,Alto
4124020,41,75.36,77.75,759.87,2.3900000000000006,PR,Sul,0.5819425432700255,1,Alto
2801702,28,40.17,34.73,715.07,-5.440000000000005,SE,Nordeste,0.5814521129671113,1,Alto
1701002,17,52.61,46.69,739.92,-5.920000000000002,TO,Norte,0.5813275026039779,1,Alto
2105401,21,62.06,60.47,747.64,-1.5900000000000034,MA,Nordeste,0.5812067619895948,1,Alto
2611705,26,69.13,68.11,747.11,-1.019999999999996,PE,Nordeste,0.5811854213530954,1,Alto
2101731,21,67.24,72.29,757.54,5.050000000000011,MA,Nordeste,0.5811767434181896,1,Alto
1100189,11,72.95,81.06,761.85,8.11,RO,Norte,0.5808275946191398,1,Alto
4104253,41,66.39,57.97,742.37,-8.420000000000002,PR,Sul,0.580658598040219,1,Alto
2206357,22,50.78,33.33,723.89,-17.450000000000003,PI,Nordeste,0.5804110971771216,1,Alto
1706100,17,57.59,61.42,747.03,3.8299999999999983,TO,Norte,0.580367855397968,1,Alto
2705804,27,48.24,36.22,720.13,-12.020000000000003,AL,Nordeste,0.5803130082344644,1,Alto
2705002,27,52.74,42.45,731.75,-10.29,AL,Nordeste,0.5802950152025336,1,Alto
3522406,35,62.06,56.2,745.5,-5.859999999999999,SP,Sudeste,0.5801704221722668,1,Alto
3554409,35,71.27,74.29,765.31,3.0200000000000102,SP,Sudeste,0.579953034628711,1,Alto
3512209,35,62.48,55.54,747.66,-6.939999999999998,SP,Sudeste,0.5789270340823914,1,Alto
5104526,51,67.71,59.46,752.11,-8.249999999999993,MT,Centro-Oeste,0.5786444503867579,1,Alto
4128534,41,75.89,77.17,762.68,1.2800000000000011,PR,Sul,0.5780632802882311,1,Alto
1709500,17,55.89,54.37,746.43,-1.5200000000000031,TO,Norte,0.5780327709776798,1,Alto
2706406,27,58.15,55.26,742.03,-2.8900000000000006,AL,Nordeste,0.5778250968242983,1,Alto
4204558,42,66.25,56.53,739.83,-9.719999999999999,SC,Sul,0.5776947311344576,1,Alto
4126256,41,65.16,56.55,739.34,-8.61,PR,Sul,0.5776387389711332,1,Alto
2402006,24,49.31,44.58,738.02,-4.730000000000004,RN,Nordeste,0.5775957442726402,1,Alto
2607653,26,58.78,43.31,728.65,-15.469999999999999,PE,Nordeste,0.5775577734954184,1,Alto
4105607,41,69.62,63.42,750.41,-6.200000000000003,PR,Sul,0.5769993609382253,1,Alto
3300456,33,48.64,38.9,721.06,-9.740000000000002,RJ,Sudeste,0.5769457733270809,1,Alto
2605806,26,71.82,70.68,755.48,-1.1399999999999864,PE,Nordeste,0.5764337030448593,1,Alto
2502508,25,51.16,37.65,728.82,-13.509999999999998,PB,Nordeste,0.5764126468499119,1,Alto
3300951,33,60.9,66.11,745.15,5.210000000000001,RJ,Sudeste,0.5761449360121782,1,Alto
1600808,16,43.69,35.39,723.4,-8.299999999999997,AP,Norte,0.5760674460846048,1,Alto
4122172,41,72.96,73.84,754.81,0.8800000000000097,PR,Sul,0.5760491662877745,1,Alto
2709301,27,80.0,94.75,791.75,14.75,AL,Nordeste,0.5759622716299533,1,Alto
2210391,22,63.7,64.42,747.91,0.7199999999999989,PI,Nordeste,0.5758479498208364,1,Alto
3550902,35,68.38,65.55,761.9,-2.8299999999999983,SP,Sudeste,0.5756652313547118,1,Alto
3128501,31,80.0,72.73,756.77,-7.269999999999996,MG,Sudeste,0.5756082488490213,1,Alto
4110953,41,80.0,84.64,772.27,4.640000000000001,PR,Sul,0.575434901323247,1,Alto
3547304,35,64.41,60.69,751.21,-3.719999999999999,SP,Sudeste,0.5753648791992737,1,Alto
2700300,27,52.24,43.75,729.57,-8.490000000000002,AL,Nordeste,0.5752084097165557,1,Alto
2702553,27,48.49,36.15,721.69,-12.340000000000003,AL,Nordeste,0.5752068124171251,1,Alto
3545209,35,63.99,60.52,749.85,-3.469999999999999,SP,Sudeste,0.5750927606908948,1,Alto
2615003,26,66.27,59.64,743.83,-6.6299999999999955,PE,Nordeste,0.5750078232662217,1,Alto
3554003,35,60.53,53.92,742.29,-6.609999999999999,SP,Sudeste,0.574930389013075,1,Alto
3503109,35,62.64,56.61,747.92,-6.030000000000001,SP,Sudeste,0.5748490383896303,1,Alto
3537800,35,65.55,63.25,753.48,-2.299999999999997,SP,Sudeste,0.5748467527175458,1,Alto
3520301,35,64.63,61.67,751.34,-2.9599999999999937,SP,Sudeste,0.5747950608392277,1,Alto
1720259,17,58.13,59.09,751.4,0.9600000000000009,TO,Norte,0.5746635315525341,1,Alto
3528601,35,67.96,65.64,760.51,-2.319999999999993,SP,Sudeste,0.5739984727988949,1,Alto
4111258,41,64.13,52.37,739.19,-11.759999999999998,PR,Sul,0.573831543071032,1,Alto
5100300,51,75.72,75.59,769.6,-0.12999999999999545,MT,Centro-Oeste,0.5737271427964943,1,Alto
3525409,35,56.43,49.55,730.87,-6.880000000000003,SP,Sudeste,0.5737243747359128,1,Alto
2708303,27,79.45,95.31,789.62,15.86,AL,Nordeste,0.5736019115548066,1,Alto
2102804,21,55.96,50.96,733.59,-5.0,MA,Nordeste,0.5735696552354157,1,Alto
2203420,22,80.0,82.22,793.84,2.219999999999999,PI,Nordeste,0.5734539261291973,1,Alto
2102101,21,59.99,58.08,742.86,-1.9100000000000037,MA,Nordeste,0.5734173625365646,1,Alto
2112704,21,80.0,96.58,786.47,16.58,MA,Nordeste,0.5732028531515369,1,Alto
5000203,50,73.26,77.03,762.45,3.769999999999996,MS,Centro-Oeste,0.5732022681311562,1,Alto
1507474,15,44.66,40.76,726.63,-3.8999999999999986,PA,Norte,0.5730104153341746,1,Alto
2210300,22,80.0,87.93,789.65,7.930000000000007,PI,Nordeste,0.5727669963099088,1,Alto
2112100,21,54.08,44.63,731.62,-9.449999999999996,MA,Nordeste,0.5727564849235466,1,Alto
2609154,26,64.43,52.89,742.5,-11.540000000000006,PE,Nordeste,0.5726579888771489,1,Alto
2611309,26,57.66,40.45,727.33,-17.209999999999994,PE,Nordeste,0.5725376594904078,1,Alto
2607901,26,64.67,54.98,741.82,-9.690000000000005,PE,Nordeste,0.5725296227633094,1,Alto
1507003,15,41.06,31.66,720.5,-9.400000000000002,PA,Norte,0.5722833462502466,1,Alto
4111605,41,79.16,86.72,768.07,7.560000000000002,PR,Sul,0.572089466741369,1,Alto
2704708,27,53.1,46.23,731.2,-6.8700000000000045,AL,Nordeste,0.5720339369388107,1,Alto
2202208,22,61.3,54.48,747.14,-6.82,PI,Nordeste,0.5718043450853083,1,Alto
4114500,41,71.6,71.98,751.85,0.38000000000000966,PR,Sul,0.5712273645776658,1,Alto
2801207,28,38.24,26.66,715.37,-11.580000000000002,SE,Nordeste,0.5709032594216965,1,Alto
4116802,41,79.64,88.03,769.04,8.39,PR,Sul,0.5702747983757154,1,Alto
3530201,35,80.0,87.52,788.15,7.519999999999996,SP,Sudeste,0.5701455971313113,1,Alto
3539509,35,68.42,67.24,761.44,-1.1800000000000068,SP,Sudeste,0.5700677039801221,1,Alto
3519907,35,60.98,53.84,744.59,-7.1399999999999935,SP,Sudeste,0.5697301608863199,1,Alto
1200401,12,60.34,55.64,743.22,-4.700000000000003,AC,Norte,0.5696258179498002,1,Alto
3510906,35,71.28,75.0,766.04,3.719999999999999,SP,Sudeste,0.5695671110904995,1,Alto
3548807,35,67.13,66.12,757.71,-1.009999999999991,SP,Sudeste,0.5692294749728604,1,Alto
2600401,26,67.26,55.57,751.14,-11.690000000000005,PE,Nordeste,0.5691932548270819,1,Alto
3553807,35,61.5,56.67,744.43,-4.829999999999998,SP,Sudeste,0.5690855466472718,1,Alto
2208106,22,66.84,61.41,762.33,-5.430000000000007,PI,Nordeste,0.5689670578637867,1,Alto
2201200,22,63.62,60.13,751.64,-3.489999999999995,PI,Nordeste,0.568965133046284,1,Alto
4125704,41,75.54,77.84,762.01,2.299999999999997,PR,Sul,0.5687524266351692,1,Alto
2508554,25,80.0,94.6,791.47,14.599999999999994,PB,Nordeste,0.5685600240145627,1,Alto
3538808,35,69.62,71.36,762.88,1.7399999999999949,SP,Sudeste,0.5685286743665475,1,Alto
4119301,41,67.75,61.33,746.29,-6.420000000000002,PR,Sul,0.5678200595726279,1,Alto
4116950,41,80.0,88.59,770.22,8.590000000000003,PR,Sul,0.5677509193958015,1,Alto
4119004,41,80.0,88.78,770.08,8.780000000000001,PR,Sul,0.5677329117751894,1,Alto
3167905,31,80.0,74.43,756.43,-5.569999999999993,MG,Sudeste,0.5676946752374096,1,Alto
2401404,24,41.32,35.36,717.2,-5.960000000000001,RN,Nordeste,0.5675285344720223,1,Alto
3555208,35,80.0,93.33,784.14,13.329999999999998,SP,Sudeste,0.5672887289775408,1,Alto
4214003,42,67.96,55.72,747.88,-12.239999999999995,SC,Sul,0.5670075401542625,1,Alto
2210607,22,71.92,73.25,772.11,1.3299999999999983,PI,Nordeste,0.5667514761109127,1,Alto
3543105,35,74.4,74.51,778.04,0.10999999999999943,SP,Sudeste,0.5666082853917086,1,Alto
2708105,27,80.0,97.67,790.69,17.67,AL,Nordeste,0.566410680184169,1,Alto
4118204,41,67.77,61.71,746.28,-6.059999999999995,PR,Sul,0.5661004564051422,1,Alto
3504404,35,73.75,77.37,773.61,3.6200000000000045,SP,Sudeste,0.5660933402352626,1,Alto
4115408,41,78.81,85.08,768.74,6.269999999999996,PR,Sul,0.5660543699272742,1,Alto
2109502,21,57.28,51.85,738.6,-5.43,MA,Nordeste,0.5659081156678921,1,Alto
3515202,35,62.47,58.91,746.65,-3.5600000000000023,SP,Sudeste,0.5657925817952569,1,Alto
2611200,26,68.19,64.18,748.48,-4.009999999999991,PE,Nordeste,0.5656508867025735,1,Alto
3531209,35,63.25,56.59,751.23,-6.659999999999997,SP,Sudeste,0.5655946263839257,1,Alto
2413409,24,41.16,31.59,719.69,-9.569999999999997,RN,Nordeste,0.565407874115247,1,Alto
3538501,35,70.13,69.56,766.44,-0.5699999999999932,SP,Sudeste,0.5653870257690393,1,Alto
3121803,31,80.0,72.13,758.43,-7.8700000000000045,MG,Sudeste,0.5653120089657034,1,Alto
4217600,42,67.61,53.57,748.43,-14.04,SC,Sul,0.5652358660319625,1,Alto
3154309,31,74.16,61.12,745.57,-13.04,MG,Sudeste,0.5650587295492535,1,Alto
2512101,25,65.6,65.57,761.51,-0.030000000000001137,PB,Nordeste,0.5650238932199081,1,Alto
3508702,35,73.29,75.94,773.16,2.6499999999999915,SP,Sudeste,0.5648628616385559,1,Alto
2104800,21,54.39,45.8,732.8,-8.590000000000003,MA,Nordeste,0.5648110238750617,1,Alto
1713205,17,53.79,46.42,746.35,-7.369999999999997,TO,Norte,0.5646948650084321,1,Alto
1707405,17,53.27,47.82,743.43,-5.450000000000003,TO,Norte,0.5646253803778606,1,Alto
2509701,25,63.19,61.09,756.23,-2.0999999999999943,PB,Nordeste,0.5642843594351018,1,Alto
2205565,22,63.62,59.52,752.65,-4.099999999999994,PI,Nordeste,0.5642476702218372,1,Alto
3527306,35,62.92,58.25,748.96,-4.670000000000002,SP,Sudeste,0.5641847503179078,1,Alto
5107768,51,69.66,62.63,758.54,-7.029999999999994,MT,Centro-Oeste,0.5637975195919088,1,Alto
4311759,43,43.57,50.0,734.24,6.43,RS,Sul,0.5636015513972137,1,Alto
4122206,41,68.02,61.35,747.76,-6.669999999999995,PR,Sul,0.5634874993626501,1,Alto
2614709,26,56.94,43.99,723.16,-12.949999999999996,PE,Nordeste,0.5633243645749554,1,Alto
2102325,21,52.09,42.03,727.5,-10.060000000000002,MA,Nordeste,0.5631058013257274,1,Alto
2111904,21,59.75,60.0,741.78,0.25,MA,Nordeste,0.5629970060916472,1,Alto
2614105,26,65.93,56.65,746.25,-9.280000000000008,PE,Nordeste,0.5629827408231441,1,Alto
2601003,26,67.86,62.41,748.93,-5.450000000000003,PE,Nordeste,0.5629231241395332,1,Alto
3516853,35,71.04,73.65,766.98,2.6099999999999994,SP,Sudeste,0.5627638655101607,1,Alto
2800704,28,42.44,34.6,725.59,-7.839999999999996,SE,Nordeste,0.5626715623322437,1,Alto
4201208,42,76.15,74.89,763.7,-1.2600000000000051,SC,Sul,0.5624608363751726,1,Alto
2111748,21,80.0,96.12,788.08,16.120000000000005,MA,Nordeste,0.5624254521809199,1,Alto
2512754,25,55.97,46.23,741.45,-9.740000000000002,PB,Nordeste,0.5623910598360746,1,Alto
2602605,26,61.79,48.73,737.27,-13.060000000000002,PE,Nordeste,0.5623717037346421,1,Alto
4207858,42,80.0,87.82,767.97,7.819999999999993,SC,Sul,0.56233460289152,1,Alto
2607752,26,78.37,82.95,771.66,4.579999999999998,PE,Nordeste,0.5622760005316475,1,Alto
5106158,51,75.35,76.59,768.89,1.240000000000009,MT,Centro-Oeste,0.5620100113094291,1,Alto
3553500,35,62.29,57.45,747.57,-4.839999999999996,SP,Sudeste,0.5617050401367809,1,Alto
4202909,42,72.25,67.18,755.47,-5.069999999999993,SC,Sul,0.5615171413927807,1,Alto
3521804,35,57.98,46.71,740.05,-11.269999999999996,SP,Sudeste,0.5613870610186366,1,Alto
2207959,22,58.41,49.11,741.94,-9.299999999999997,PI,Nordeste,0.5612631963906345,1,Alto
3505708,35,68.35,68.13,761.56,-0.21999999999999886,SP,Sudeste,0.5612124875521975,1,Alto
5107909,51,64.53,54.33,746.56,-10.200000000000003,MT,Centro-Oeste,0.5606513452534408,1,Alto
2413201,24,39.38,27.46,716.93,-11.920000000000002,RN,Nordeste,0.5603748543699411,1,Alto
1505700,15,51.69,57.13,741.3,5.440000000000005,PA,Norte,0.5603614642652336,1,Alto
3156502,31,80.0,76.83,755.5,-3.1700000000000017,MG,Sudeste,0.5603141653486192,1,Alto
3509205,35,60.4,53.17,744.1,-7.229999999999997,SP,Sudeste,0.5602924583303538,1,Alto
3530607,35,57.39,47.88,737.18,-9.509999999999998,SP,Sudeste,0.5601965320509924,1,Alto
1101450,11,67.19,70.6,751.27,3.4099999999999966,RO,Norte,0.5601590719437148,1,Alto
2804409,28,36.76,25.49,712.17,-11.27,SE,Nordeste,0.5600054245024749,1,Alto
3532009,35,57.66,47.32,738.61,-10.339999999999996,SP,Sudeste,0.5599018768208753,1,Alto
2604403,26,68.48,63.28,750.88,-5.200000000000003,PE,Nordeste,0.5598646839362446,1,Alto
1200252,12,57.62,52.28,737.08,-5.339999999999996,AC,Norte,0.5595128715916047,1,Alto
2601300,26,80.0,86.54,775.2,6.540000000000006,PE,Nordeste,0.5594642290577124,1,Alto
2111607,21,73.81,84.5,774.73,10.689999999999998,MA,Nordeste,0.559439240047382,1,Alto
2200277,22,62.42,55.26,752.06,-7.160000000000004,PI,Nordeste,0.559427671164111,1,Alto
3527603,35,53.79,43.03,727.89,-10.759999999999998,SP,Sudeste,0.5593029002637074,1,Alto
3545308,35,55.67,45.12,733.19,-10.550000000000004,SP,Sudeste,0.5587659447896082,1,Alto
2929701,29,30.51,30.68,724.9,0.16999999999999815,BA,Nordeste,0.5586883841085503,1,Alto
2800605,28,37.7,28.04,713.85,-9.660000000000004,SE,Nordeste,0.5584054635523555,1,Alto
2500536,25,54.58,45.86,737.19,-8.719999999999999,PB,Nordeste,0.5581921425414822,1,Alto
2504850,25,76.51,93.33,781.02,16.819999999999993,PB,Nordeste,0.5581114715673523,1,Alto
3541901,35,67.79,68.79,759.42,1.0,SP,Sudeste,0.5579691138972014,1,Alto
3529005,35,65.94,64.28,756.16,-1.6599999999999966,SP,Sudeste,0.5574676230469601,1,Alto
4121208,41,74.31,75.8,760.41,1.4899999999999949,PR,Sul,0.5574576465332958,1,Alto
2705705,27,52.75,45.46,732.24,-7.289999999999999,AL,Nordeste,0.5572802572628461,1,Alto
4211207,42,71.81,68.09,753.74,-3.719999999999999,SC,Sul,0.5568799271824072,1,Alto
3516903,35,67.03,67.35,757.88,0.3199999999999932,SP,Sudeste,0.5568389128359278,1,Alto
2411007,24,45.78,41.06,730.33,-4.719999999999999,RN,Nordeste,0.556766067286185,1,Alto
4300307,43,41.39,33.3,739.68,-8.090000000000003,RS,Sul,0.5564681339944118,1,Alto
3151701,31,80.0,70.92,760.44,-9.079999999999998,MG,Sudeste,0.5558694472886125,1,Alto
5107925,51,79.35,81.05,780.77,1.7000000000000028,MT,Centro-Oeste,0.5556220321194545,1,Alto
3510500,35,62.72,58.19,749.31,-4.530000000000001,SP,Sudeste,0.5553913759289558,1,Alto
3501608,35,65.54,64.36,754.94,-1.1800000000000068,SP,Sudeste,0.5550120299000411,1,Alto
3304128,33,59.04,60.05,745.5,1.009999999999998,RJ,Sudeste,0.5544479678743149,1,Alto
3304805,33,52.5,48.7,730.36,-3.799999999999997,RJ,Sudeste,0.5542123533313084,1,Alto
3157906,31,74.46,60.93,748.07,-13.529999999999994,MG,Sudeste,0.5541775799702692,1,Alto
2615300,26,75.9,77.57,767.7,1.6699999999999875,PE,Nordeste,0.5541432911460727,1,Alto
3301157,33,46.4,34.97,718.58,-11.43,RJ,Sudeste,0.5540776911383365,1,Alto
3526407,35,62.64,59.37,748.32,-3.270000000000003,SP,Sudeste,0.5538317390735884,1,Alto
3501707,35,70.76,71.18,768.86,0.4200000000000017,SP,Sudeste,0.5538207668150257,1,Alto
4107405,41,80.0,85.24,774.41,5.239999999999995,PR,Sul,0.5533578904756559,1,Alto
2615904,26,77.96,82.52,771.59,4.560000000000002,PE,Nordeste,0.5529354095916367,1,Alto
3534708,35,60.03,53.67,743.25,-6.359999999999999,SP,Sudeste,0.5529087573072781,1,Alto
2100105,21,74.56,93.1,771.8,18.539999999999992,MA,Nordeste,0.5526768349552428,1,Alto
3520509,35,65.51,62.82,756.32,-2.690000000000005,SP,Sudeste,0.5521257791822058,1,Alto
3535705,35,77.78,87.14,782.54,9.36,SP,Sudeste,0.551896431296036,1,Alto
1100064,11,68.39,71.69,755.78,3.299999999999997,RO,Norte,0.5517267919775558,1,Alto
1703008,17,36.07,19.17,704.15,-16.9,TO,Norte,0.5517262585243962,1,Alto
4128625,41,70.28,68.04,752.33,-2.239999999999995,PR,Sul,0.5515154857900237,1,Alto
3511904,35,60.5,54.12,744.78,-6.380000000000003,SP,Sudeste,0.5514806625402523,1,Alto
2922300,29,38.86,51.72,740.21,12.86,BA,Nordeste,0.5514647287274029,1,Alto
4124202,41,80.0,88.04,772.54,8.040000000000006,PR,Sul,0.5514336009549704,1,Alto
3509502,35,53.9,41.49,730.36,-12.409999999999997,SP,Sudeste,0.5514195613347274,1,Alto
3540200,35,66.53,64.47,758.88,-2.0600000000000023,SP,Sudeste,0.5512288072733587,1,Alto
4106555,41,80.0,87.98,772.63,7.980000000000004,PR,Sul,0.5510463572647645,1,Alto
3100401,31,80.0,73.93,758.78,-6.069999999999993,MG,Sudeste,0.5507984437987055,1,Alto
2604155,26,79.62,84.85,776.11,5.22999999999999,PE,Nordeste,0.5507208925159197,1,Alto
4120705,41,80.0,90.26,770.99,10.260000000000005,PR,Sul,0.5504851380705622,1,Alto
5104807,51,64.51,55.26,746.99,-9.250000000000007,MT,Centro-Oeste,0.5503895414531508,1,Alto
3529401,35,56.81,46.04,737.62,-10.770000000000003,SP,Sudeste,0.550243561958605,1,Alto
2800670,28,38.3,33.02,713.3,-5.279999999999994,SE,Nordeste,0.5497949661606437,1,Alto
2600104,26,70.86,70.19,755.52,-0.6700000000000017,PE,Nordeste,0.5495870872283394,1,Alto
4113908,41,80.0,87.79,772.96,7.790000000000006,PR,Sul,0.5494332250025437,1,Alto
3123528,31,78.73,71.43,756.22,-7.299999999999997,MG,Sudeste,0.5493902341782091,1,Alto
4210555,42,76.69,75.96,766.39,-0.730000000000004,SC,Sul,0.5492972352833498,1,Alto
2202729,22,80.0,87.68,792.6,7.680000000000007,PI,Nordeste,0.549163559647889,1,Alto
3524105,35,58.66,49.94,741.53,-8.719999999999999,SP,Sudeste,0.5490830560133417,1,Alto
2610103,26,66.87,59.45,749.2,-7.420000000000002,PE,Nordeste,0.5489025543792325,1,Alto
2606804,26,68.23,66.97,748.51,-1.2600000000000051,PE,Nordeste,0.5487714080655991,1,Alto
2805109,28,29.87,11.52,699.04,-18.35,SE,Nordeste,0.5484875580494986,1,Alto
3555000,35,59.89,51.23,745.13,-8.660000000000004,SP,Sudeste,0.5480895852623129,1,Alto
4208955,42,80.0,77.08,777.67,-2.9200000000000017,SC,Sul,0.5480554500630773,1,Alto
2105906,21,67.9,76.73,760.54,8.829999999999998,MA,Nordeste,0.5476391552764263,1,Alto
3518602,35,72.94,78.67,771.87,5.730000000000004,SP,Sudeste,0.5475831077144192,1,Alto
4207007,42,72.97,69.72,757.81,-3.25,SC,Sul,0.5475022333030923,1,Alto
3119807,31,80.0,75.27,758.17,-4.730000000000004,MG,Sudeste,0.5474288730742793,1,Alto
5000906,50,62.54,56.2,742.27,-6.339999999999996,MS,Centro-Oeste,0.5474224601350528,1,Alto
3504602,35,63.6,61.39,751.03,-2.210000000000001,SP,Sudeste,0.5474079285390322,1,Alto
2509602,25,80.0,93.4,794.85,13.400000000000006,PB,Nordeste,0.547321647962082,1,Alto
2205805,22,60.96,54.9,748.5,-6.060000000000002,PI,Nordeste,0.5469776717166963,1,Alto
3556305,35,69.43,70.44,765.41,1.009999999999991,SP,Sudeste,0.5468884004355191,1,Alto
3533403,35,63.12,57.96,751.93,-5.159999999999997,SP,Sudeste,0.5467997995502287,1,Alto
1100056,11,65.53,66.81,749.66,1.2800000000000011,RO,Norte,0.5467854929989381,1,Alto
4200051,42,74.51,77.08,757.98,2.569999999999993,SC,Sul,0.5466040653755564,1,Alto
1101435,11,66.93,70.92,751.69,3.989999999999995,RO,Norte,0.5464417098738116,1,Alto
3506508,35,73.86,78.13,775.74,4.269999999999996,SP,Sudeste,0.5463950501819199,1,Alto
4120853,41,80.0,89.52,772.03,9.519999999999996,PR,Sul,0.5463051298741338,1,Alto
3530805,35,62.35,57.7,749.44,-4.649999999999999,SP,Sudeste,0.5459327869524488,1,Alto
4211652,42,80.0,86.57,770.9,6.569999999999993,SC,Sul,0.5452330298111173,1,Alto
1507300,15,39.2,30.95,717.47,-8.250000000000004,PA,Norte,0.5452005347963534,1,Alto
2208502,22,52.75,36.04,733.13,-16.71,PI,Nordeste,0.5450766027209141,1,Alto
2108306,21,63.48,63.88,754.51,0.4000000000000057,MA,Nordeste,0.5446560074990918,1,Alto
5003207,50,53.78,38.3,724.33,-15.480000000000004,MS,Centro-Oeste,0.5443382621349833,1,Alto
3110806,31,67.47,47.62,733.89,-19.85,MG,Sudeste,0.5443069041552765,1,Alto
4110706,41,80.0,88.31,773.19,8.310000000000002,PR,Sul,0.5441119343610795,1,Alto
2407500,24,42.99,35.11,726.17,-7.880000000000003,RN,Nordeste,0.5440456318829504,1,Alto
2109759,21,49.98,40.91,722.93,-9.07,MA,Nordeste,0.5440340007871427,1,Alto
5007307,50,61.88,53.05,742.65,-8.830000000000005,MS,Centro-Oeste,0.543885006437292,1,Alto
2208650,22,66.65,67.42,760.11,0.769999999999996,PI,Nordeste,0.5436028437542536,1,Alto
2804201,28,40.19,35.07,719.36,-5.119999999999997,SE,Nordeste,0.5432888935999686,1,Alto
4117271,41,80.0,84.88,775.95,4.8799999999999955,PR,Sul,0.5424380453960885,1,Alto
3547809,35,61.71,56.5,748.49,-5.210000000000001,SP,Sudeste,0.541909416751129,1,Alto
3155900,31,73.91,62.04,746.68,-11.869999999999997,MG,Sudeste,0.5418919697366525,1,Alto
3537909,35,64.29,63.33,752.73,-0.960000000000008,SP,Sudeste,0.5417708738834245,1,Alto
3519055,35,65.4,62.59,757.31,-2.8100000000000023,SP,Sudeste,0.5416733617938415,1,Alto
3549250,35,55.57,44.44,735.33,-11.130000000000003,SP,Sudeste,0.5416551882584654,1,Alto
4125753,41,76.32,80.66,765.91,4.340000000000003,PR,Sul,0.5414465074863554,1,Alto
1722081,17,48.97,41.89,735.03,-7.079999999999998,TO,Norte,0.5413134151817767,1,Alto
4122651,41,72.73,77.0,755.68,4.269999999999996,PR,Sul,0.5412876572492946,1,Alto
3523305,35,67.57,70.98,758.96,3.410000000000011,SP,Sudeste,0.5410186196851121,1,Alto
5107404,51,75.07,76.26,770.6,1.190000000000012,MT,Centro-Oeste,0.540765024569862,1,Alto
4117909,41,72.48,74.33,756.86,1.8499999999999943,PR,Sul,0.5405361566532008,1,Alto
4203154,42,68.46,57.9,751.15,-10.559999999999995,SC,Sul,0.540506683938778,1,Alto
4117602,41,63.61,54.27,739.82,-9.339999999999996,PR,Sul,0.540183783004048,1,Alto
2403806,24,49.83,43.75,744.91,-6.079999999999998,RN,Nordeste,0.5400814276551636,1,Alto
2610608,26,68.48,66.03,751.13,-2.450000000000003,PE,Nordeste,0.5400584625787211,1,Alto
3547502,35,68.06,67.97,763.12,-0.09000000000000341,SP,Sudeste,0.5398456173830835,1,Alto
1716703,17,58.71,60.62,756.48,1.9099999999999966,TO,Norte,0.5393550615795278,1,Alto
2708808,27,50.14,42.43,727.19,-7.710000000000001,AL,Nordeste,0.5390248133355017,1,Alto
4309126,43,45.15,37.5,752.23,-7.649999999999999,RS,Sul,0.5385018786567533,1,Alto
4202701,42,72.68,65.2,761.22,-7.480000000000004,SC,Sul,0.5382199256956085,1,Alto
4104055,41,75.06,78.31,763.5,3.25,PR,Sul,0.5380850566001295,1,Alto
3518503,35,68.0,68.52,762.71,0.519999999999996,SP,Sudeste,0.5379626429891816,1,Alto
4115457,41,75.82,82.18,763.37,6.360000000000014,PR,Sul,0.5379511551275158,1,Alto
1721109,17,54.82,51.16,749.65,-3.6600000000000037,TO,Norte,0.5379292720701382,1,Alto
5104906,51,63.76,54.87,746.03,-8.89,MT,Centro-Oeste,0.5378149622549233,1,Alto
2404101,24,51.41,55.2,742.33,3.7900000000000063,RN,Nordeste,0.5377624250859582,1,Alto
3111150,31,80.0,73.26,760.8,-6.739999999999995,MG,Sudeste,0.5377289239810068,1,Alto
3534401,35,56.96,49.13,737.31,-7.829999999999998,SP,Sudeste,0.5376907566299934,1,Alto
3549805,35,61.18,56.85,746.84,-4.329999999999998,SP,Sudeste,0.537350537141771,1,Alto
2611101,26,70.58,70.25,755.9,-0.3299999999999983,PE,Nordeste,0.5372119211091411,1,Alto
3114808,31,80.0,72.5,761.44,-7.5,MG,Sudeste,0.5371119113720878,1,Alto
3118403,31,71.07,57.14,740.63,-13.929999999999993,MG,Sudeste,0.5370825196561212,1,Alto
3552551,35,80.0,90.85,789.67,10.849999999999994,SP,Sudeste,0.535763583907346,1,Alto
4216909,42,74.08,71.25,762.06,-2.8299999999999983,SC,Sul,0.5356230352719026,1,Alto
3511508,35,67.12,69.15,759.41,2.030000000000001,SP,Sudeste,0.5349049121793803,1,Alto
4106571,41,80.0,86.52,775.62,6.519999999999996,PR,Sul,0.534707322389991,1,Alto
2504603,25,68.08,69.48,771.1,1.4000000000000057,PB,Nordeste,0.5346029243846636,1,Alto
4127205,41,80.0,89.1,773.76,9.099999999999994,PR,Sul,0.5341050284842647,1,Alto
1200302,12,58.48,53.33,742.4,-5.149999999999999,AC,Norte,0.5337724496152277,1,Alto
3543907,35,59.96,54.52,744.6,-5.439999999999998,SP,Sudeste,0.5336372397621849,1,Alto
4120150,41,80.0,86.29,775.92,6.290000000000006,PR,Sul,0.5336026118030525,1,Alto
3505203,35,69.69,72.3,766.54,2.6099999999999994,SP,Sudeste,0.533267101306605,1,Alto
4121307,41,77.9,86.02,768.59,8.11999999999999,PR,Sul,0.5330471418818699,1,Alto
1600600,16,53.95,55.32,750.67,1.3699999999999974,AP,Norte,0.5326954489278133,1,Alto
2513901,25,54.46,46.87,739.03,-7.590000000000003,PB,Nordeste,0.5321366263889423,1,Alto
4114104,41,66.6,62.29,745.58,-4.309999999999995,PR,Sul,0.5320469114113684,1,Alto
4100202,41,66.55,60.95,746.43,-5.599999999999994,PR,Sul,0.53180004793603,1,Alto
5007406,50,57.9,49.11,732.61,-8.79,MS,Centro-Oeste,0.5317283489405015,1,Alto
2507101,25,74.3,84.21,782.93,9.909999999999997,PB,Nordeste,0.5315962023402608,1,Alto
4107157,41,71.27,74.32,753.54,3.049999999999997,PR,Sul,0.5314816144030493,1,Alto
2111300,21,58.04,56.69,741.77,-1.3500000000000014,MA,Nordeste,0.5312038431834258,1,Alto
3128303,31,75.58,65.21,751.62,-10.370000000000005,MG,Sudeste,0.5309337912399179,1,Alto
3549508,35,58.14,50.38,741.43,-7.759999999999998,SP,Sudeste,0.5309007000933328,1,Alto
2205953,22,80.0,89.66,793.24,9.659999999999997,PI,Nordeste,0.5308875381245908,1,Alto
3147600,31,80.0,75.75,759.78,-4.25,MG,Sudeste,0.5304561463130512,1,Alto
2706604,27,50.47,38.46,732.36,-12.009999999999998,AL,Nordeste,0.5303343830270905,1,Alto
3502754,35,59.86,54.04,745.03,-5.82,SP,Sudeste,0.5298994602879735,1,Alto
3527801,35,63.6,60.96,753.44,-2.6400000000000006,SP,Sudeste,0.5294036900063697,1,Alto
1505601,15,62.33,84.31,763.15,21.980000000000004,PA,Norte,0.5286032728529652,1,Alto
3517703,35,71.39,76.27,770.26,4.8799999999999955,SP,Sudeste,0.5286007373759544,1,Alto
4122008,41,80.0,89.22,774.33,9.219999999999999,PR,Sul,0.5284051696136167,1,Alto
2607604,26,61.93,50.6,740.36,-11.329999999999998,PE,Nordeste,0.5281288552114827,1,Alto
3502804,35,70.33,74.22,768.03,3.8900000000000006,SP,Sudeste,0.5279871847770641,1,Alto
2928950,29,40.65,52.94,748.53,12.29,BA,Nordeste,0.5277016836327119,1,Alto
1703701,17,51.24,49.45,739.24,-1.7899999999999991,TO,Norte,0.5270404002922969,1,Alto
3523404,35,69.88,73.47,767.08,3.5900000000000034,SP,Sudeste,0.5269772505929331,1,Alto
4201653,42,77.0,77.94,768.63,0.9399999999999977,SC,Sul,0.5268845168763222,1,Alto
3162559,31,77.7,71.72,754.93,-5.980000000000004,MG,Sudeste,0.5265191328996831,1,Alto
4112900,41,64.4,55.42,743.41,-8.980000000000004,PR,Sul,0.5264335249641372,1,Alto
1501204,15,42.66,38.16,726.77,-4.5,PA,Norte,0.5264168638650756,1,Alto
2203909,22,59.2,53.36,745.69,-5.840000000000003,PI,Nordeste,0.5262372794063821,1,Alto
2500304,25,45.86,28.48,722.38,-17.38,PB,Nordeste,0.5260570236776403,1,Alto
3113602,31,80.0,74.18,761.52,-5.819999999999993,MG,Sudeste,0.5255652516962012,1,Alto
3539608,35,76.17,83.68,782.37,7.510000000000005,SP,Sudeste,0.5254710424889951,1,Alto
3524303,35,61.83,57.94,749.79,-3.8900000000000006,SP,Sudeste,0.5251344377183115,1,Alto
2707305,27,50.05,45.99,725.81,-4.059999999999995,AL,Nordeste,0.5251334841384624,1,Alto
4110607,41,69.25,68.95,751.0,-0.29999999999999716,PR,Sul,0.5249950411234918,1,Alto
4208609,42,75.75,77.67,764.53,1.9200000000000017,SC,Sul,0.524984605257447,1,Alto
5005806,50,62.45,60.98,740.99,-1.470000000000006,MS,Centro-Oeste,0.5248133878811594,1,Alto
4111506,41,70.86,72.39,754.29,1.5300000000000011,PR,Sul,0.5246557668876493,1,Alto
3507001,35,67.57,69.83,761.72,2.260000000000005,SP,Sudeste,0.5246132702794618,1,Alto
3534757,35,80.0,89.21,792.19,9.209999999999994,SP,Sudeste,0.5245875124164442,1,Alto
3545100,35,64.58,61.69,757.03,-2.8900000000000006,SP,Sudeste,0.5242918112782754,1,Alto
2805307,28,41.14,37.68,723.05,-3.460000000000001,SE,Nordeste,0.5242469164147748,1,Alto
4208906,42,75.01,75.11,763.86,0.09999999999999432,SC,Sul,0.5241888308751906,1,Alto
2600500,26,64.88,59.77,744.65,-5.109999999999992,PE,Nordeste,0.5239947086478103,1,Alto
4100509,41,73.4,78.17,759.24,4.769999999999996,PR,Sul,0.5239167729494637,1,Alto
2500106,25,58.14,52.67,748.97,-5.469999999999999,PB,Nordeste,0.5237788172282857,1,Alto
4122305,41,80.0,88.56,775.37,8.560000000000002,PR,Sul,0.523679502741966,1,Alto
2205540,22,80.0,87.79,795.5,7.790000000000006,PI,Nordeste,0.523439492337567,1,Alto
3162575,31,79.92,71.7,763.34,-8.219999999999999,MG,Sudeste,0.5233639846265296,1,Alto
3516200,35,64.99,64.54,756.49,-0.44999999999998863,SP,Sudeste,0.5233516654125155,1,Alto
2516805,25,59.83,63.35,747.16,3.520000000000003,PB,Nordeste,0.5232148930073725,1,Alto
3552304,35,60.99,57.15,747.58,-3.8400000000000034,SP,Sudeste,0.5230783330126989,1,Alto
1304260,13,28.14,11.25,702.59,-16.89,AM,Norte,0.5229872893499409,1,Alto
4217808,42,72.11,70.32,757.13,-1.7900000000000063,SC,Sul,0.5226543465950555,1,Alto
3501152,35,58.78,53.68,742.26,-5.100000000000001,SP,Sudeste,0.5223970379733982,1,Alto
4213104,42,80.0,83.99,775.53,3.989999999999995,SC,Sul,0.5219230372539544,1,Alto
2401206,24,40.17,31.22,721.47,-8.950000000000003,RN,Nordeste,0.5216730406960609,1,Alto
3556503,35,58.9,53.24,743.15,-5.659999999999997,SP,Sudeste,0.5212992035821848,1,Alto
3124203,31,74.22,61.52,750.68,-12.699999999999996,MG,Sudeste,0.5203851601592075,1,Alto
3102902,31,78.61,71.37,759.3,-7.239999999999995,MG,Sudeste,0.5194525671558151,1,Alto
4214300,42,74.97,80.38,760.36,5.409999999999997,SC,Sul,0.5191113956950576,1,Alto
2109809,21,64.59,72.74,754.9,8.149999999999991,MA,Nordeste,0.518730363733919,1,Alto
5108055,51,65.65,61.14,750.42,-4.510000000000005,MT,Centro-Oeste,0.5184234785013777,1,Alto
2613602,26,71.48,73.38,759.01,1.8999999999999915,PE,Nordeste,0.5182295568737839,1,Alto
2601508,26,73.96,79.67,763.29,5.710000000000008,PE,Nordeste,0.5181090881543902,1,Alto
3512803,35,61.79,59.61,749.22,-2.1799999999999997,SP,Sudeste,0.5180027109100941,1,Alto
1718840,17,56.78,53.5,757.31,-3.280000000000001,TO,Norte,0.5178691361209947,1,Alto
4121703,41,75.06,81.08,763.8,6.019999999999996,PR,Sul,0.5175795822927594,1,Alto
3103207,31,80.0,72.22,763.94,-7.780000000000001,MG,Sudeste,0.5173065518980771,1,Alto
2703304,27,69.84,83.03,770.6,13.189999999999998,AL,Nordeste,0.5172634728388292,1,Alto
4101002,41,70.15,70.06,754.32,-0.09000000000000341,PR,Sul,0.5172490145631753,1,Alto
4127403,41,72.16,76.19,757.04,4.030000000000001,PR,Sul,0.5169514134531995,1,Alto
3522505,35,59.95,55.46,745.8,-4.490000000000002,SP,Sudeste,0.5168618353696558,1,Alto
3503802,35,59.85,54.41,746.28,-5.440000000000005,SP,Sudeste,0.5163735888585896,1,Alto
3520707,35,71.51,78.96,770.1,7.449999999999989,SP,Sudeste,0.5163276235838781,1,Alto
3524709,35,68.37,70.22,765.3,1.8499999999999943,SP,Sudeste,0.5161460302494364,1,Alto
4310652,43,57.95,71.4,775.77,13.450000000000003,RS,Sul,0.5160640281158689,1,Alto
2412401,24,49.86,56.41,738.35,6.549999999999997,RN,Nordeste,0.515869785536662,1,Alto
4204350,42,68.14,65.36,747.28,-2.780000000000001,SC,Sul,0.5157204751982736,1,Alto
3535408,35,80.0,92.54,790.75,12.540000000000006,SP,Sudeste,0.5154888875005056,1,Alto
2101509,21,53.84,51.56,732.24,-2.280000000000001,MA,Nordeste,0.5154067843562204,1,Alto
4202800,42,66.93,59.36,747.43,-7.570000000000007,SC,Sul,0.5153820026148948,1,Alto
3549409,35,56.67,50.24,738.04,-6.43,SP,Sudeste,0.515126817888711,1,Alto
2202703,22,75.26,83.93,782.21,8.670000000000002,PI,Nordeste,0.5150501624816958,1,Alto
2312601,23,80.0,65.1,757.03,-14.900000000000006,CE,Nordeste,0.5148318196926689,1,Alto
2402600,24,40.56,32.38,722.81,-8.18,RN,Nordeste,0.5147704628582196,1,Alto
3556701,35,60.73,56.12,748.38,-4.609999999999999,SP,Sudeste,0.5146767206824973,1,Alto
3162948,31,80.0,75.22,762.01,-4.780000000000001,MG,Sudeste,0.5145865863099782,1,Alto
3500709,35,64.66,64.6,756.27,-0.060000000000002274,SP,Sudeste,0.5145301049328928,1,Alto
3503208,35,63.77,62.01,754.99,-1.7600000000000051,SP,Sudeste,0.5145116941932449,1,Alto
2709004,27,54.17,53.45,736.37,-0.7199999999999989,AL,Nordeste,0.5144243648841632,1,Alto
4207650,42,80.0,92.28,770.31,12.280000000000001,SC,Sul,0.5134279206252224,1,Alto
4215455,42,72.64,68.6,761.4,-4.040000000000006,SC,Sul,0.513418042189011,1,Alto
1100106,11,53.95,43.07,729.4,-10.880000000000003,RO,Norte,0.5133436852673686,1,Alto
4100608,41,69.81,70.12,753.56,0.3100000000000023,PR,Sul,0.5127884580921693,1,Alto
4103008,41,80.0,92.95,773.35,12.950000000000003,PR,Sul,0.5127348240413094,1,Alto
4205100,42,80.0,88.51,773.21,8.510000000000005,SC,Sul,0.5127333290072411,1,Alto
4211702,42,70.36,68.14,753.61,-2.219999999999999,SC,Sul,0.5124358028291972,1,Alto
4123907,41,75.59,83.73,764.33,8.14,PR,Sul,0.5124238763190013,1,Alto
4202875,42,70.92,68.75,755.2,-2.1700000000000017,SC,Sul,0.5122573385929597,1,Alto
2201408,22,51.39,40.17,728.94,-11.219999999999999,PI,Nordeste,0.5120767855708577,1,Alto
3148509,31,80.0,81.4,757.68,1.4000000000000057,MG,Sudeste,0.5120516332776095,1,Alto
3300506,33,60.07,66.67,749.22,6.600000000000001,RJ,Sudeste,0.511766133961256,1,Alto
2601805,26,73.43,76.97,764.15,3.539999999999992,PE,Nordeste,0.511543815458514,1,Alto
1720804,17,52.31,50.64,744.02,-1.6700000000000017,TO,Norte,0.5114562789484641,1,Alto
3552205,35,58.32,52.43,742.86,-5.890000000000001,SP,Sudeste,0.5108836470636814,1,Alto
2609600,26,66.22,62.29,749.13,-3.9299999999999997,PE,Nordeste,0.5108475858412865,1,Alto
3520004,35,72.17,77.29,774.38,5.1200000000000045,SP,Sudeste,0.5107506606391355,1,Alto
2802908,28,41.88,41.79,724.22,-0.09000000000000341,SE,Nordeste,0.5106698792533859,1,Alto
3550407,35,61.09,58.16,748.62,-2.930000000000007,SP,Sudeste,0.5106579664402369,1,Alto
3516705,35,61.08,57.27,749.26,-3.809999999999995,SP,Sudeste,0.5105671453032405,1,Alto
1300839,13,30.23,21.72,703.77,-8.510000000000002,AM,Norte,0.5104154796156231,1,Alto
4118808,41,72.78,74.24,761.51,1.4599999999999937,PR,Sul,0.5102889405419267,1,Alto
2209708,22,65.26,64.27,761.31,-0.9900000000000091,PI,Nordeste,0.5101302905894919,1,Alto
5007950,50,60.88,56.62,740.31,-4.260000000000005,MS,Centro-Oeste,0.5097586734488915,1,Alto
4106308,41,76.25,85.26,765.91,9.010000000000005,PR,Sul,0.5095024073018672,1,Alto
3557006,35,59.0,54.69,743.82,-4.310000000000002,SP,Sudeste,0.509230555321513,1,Alto
1300086,13,47.47,53.48,742.52,6.009999999999998,AM,Norte,0.5091688247570835,1,Alto
4200903,42,80.0,90.0,772.52,10.0,SC,Sul,0.5090534337075748,1,Alto
3107802,31,80.0,75.91,762.14,-4.090000000000003,MG,Sudeste,0.5089859104518268,1,Alto
2807600,28,40.77,39.34,722.24,-1.4299999999999997,SE,Nordeste,0.5089129779669976,1,Alto
1701903,17,51.63,49.27,742.88,-2.3599999999999994,TO,Norte,0.5088985043456106,1,Alto
4212601,42,80.0,87.5,774.44,7.5,SC,Sul,0.5086193364387626,1,Alto
3152006,31,69.94,56.14,740.6,-13.799999999999997,MG,Sudeste,0.5084451536308783,1,Alto
4108908,41,74.85,80.71,764.38,5.859999999999999,PR,Sul,0.5083673710706705,1,Alto
5105580,51,68.03,65.36,757.05,-2.6700000000000017,MT,Centro-Oeste,0.5082197256183981,1,Alto
3552809,35,56.7,49.01,739.91,-7.690000000000005,SP,Sudeste,0.5078324236430629,1,Alto
4218855,42,71.41,65.0,760.29,-6.409999999999997,SC,Sul,0.5078129363026714,1,Alto
3158904,31,80.0,77.24,761.33,-2.760000000000005,MG,Sudeste,0.507383466655871,1,Alto
4117206,41,79.45,91.63,772.97,12.179999999999993,PR,Sul,0.5073407116595849,1,Alto
5002209,50,62.07,58.78,743.29,-3.289999999999999,MS,Centro-Oeste,0.507234920470855,1,Alto
3557303,35,56.38,51.48,737.02,-4.900000000000006,SP,Sudeste,0.5068349975604713,1,Alto
4211405,42,72.56,72.86,758.71,0.29999999999999716,SC,Sul,0.5066058129932296,1,Alto
2613305,26,72.13,72.13,763.65,0.0,PE,Nordeste,0.5064953144617915,1,Alto
5004700,50,67.71,68.78,756.35,1.0700000000000074,MS,Centro-Oeste,0.5060356572757831,1,Alto
1200708,12,57.32,51.91,742.5,-5.410000000000004,AC,Norte,0.5057748849307453,1,Alto
3536406,35,71.29,75.86,772.87,4.569999999999993,SP,Sudeste,0.5055168665915089,1,Alto
2702900,27,49.42,39.96,730.34,-9.46,AL,Nordeste,0.5052179841803112,1,Alto
4206306,42,73.24,73.93,760.53,0.6900000000000119,SC,Sul,0.5052132166149763,1,Alto
5108907,51,67.66,62.38,758.31,-5.279999999999994,MT,Centro-Oeste,0.505016109289007,1,Alto
4209904,42,66.39,58.41,747.42,-7.980000000000004,SC,Sul,0.5046946464340754,1,Alto
4215802,42,75.22,76.73,765.66,1.5100000000000051,SC,Sul,0.5046745016414388,1,Alto
2604601,26,56.69,43.24,729.62,-13.449999999999996,PE,Nordeste,0.5046585689498183,1,Alto
1703305,17,41.43,28.56,721.97,-12.870000000000001,TO,Norte,0.5046000409325287,1,Alto
4218756,42,74.79,73.65,766.42,-1.1400000000000006,SC,Sul,0.5045732947989344,1,Alto
2709400,27,52.68,49.91,734.79,-2.770000000000003,AL,Nordeste,0.5043505932949689,1,Alto
2105302,21,56.42,54.73,740.49,-1.6900000000000048,MA,Nordeste,0.5042359747216745,1,Alto
5003306,50,52.43,39.19,723.43,-13.240000000000002,MS,Centro-Oeste,0.5041324951642192,1,Alto
5107180,51,68.76,70.87,756.08,2.1099999999999994,MT,Centro-Oeste,0.5037907254438423,1,Alto
4127007,41,78.1,88.2,771.1,10.100000000000009,PR,Sul,0.5034574974394606,1,Alto
3170008,31,73.3,58.55,751.6,-14.75,MG,Sudeste,0.5028207121977519,1,Alto
3509700,35,60.62,57.12,748.61,-3.5,SP,Sudeste,0.5027475132498628,1,Alto
4217154,42,80.0,84.21,777.6,4.209999999999994,SC,Sul,0.5025560781140341,1,Alto
3121704,31,78.88,76.25,758.6,-2.6299999999999955,MG,Sudeste,0.5023460332118509,1,Alto
3159803,31,73.65,59.6,752.14,-14.050000000000004,MG,Sudeste,0.5023061767257937,1,Alto
3541406,35,62.54,61.12,752.74,-1.4200000000000017,SP,Sudeste,0.5012147628443262,1,Alto
3147709,31,80.0,78.42,761.17,-1.5799999999999983,MG,Sudeste,0.5011165818747303,1,Alto
2501807,25,47.97,36.71,726.75,-11.259999999999998,PB,Nordeste,0.5009855306784408,1,Alto
2611804,26,67.54,65.68,752.51,-1.8599999999999994,PE,Nordeste,0.5009545445270732,1,Alto
1709302,17,49.68,48.16,737.6,-1.5200000000000031,TO,Norte,0.500716690244037,1,Alto
3514924,35,74.72,85.34,778.74,10.620000000000005,SP,Sudeste,0.500716137822865,1,Alto
4126207,41,75.36,83.01,765.41,7.650000000000006,PR,Sul,0.5005142148569119,1,Alto
4210100,42,75.13,77.41,765.36,2.280000000000001,SC,Sul,0.5000415487842244,1,Alto
3109204,31,80.0,75.91,763.18,-4.090000000000003,MG,Sudeste,0.4999666262552193,0,Moderado
2700508,27,45.27,32.98,721.17,-12.290000000000006,AL,Nordeste,0.49983340319654146,0,Moderado
4210308,42,72.51,74.01,758.45,1.5,SC,Sul,0.4998320420951457,0,Moderado
3553401,35,69.92,74.07,769.92,4.1499999999999915,SP,Sudeste,0.49973375048098717,0,Moderado
3504206,35,72.2,77.87,775.36,5.670000000000002,SP,Sudeste,0.49943097814969106,0,Moderado
4117453,41,80.0,90.05,777.06,10.049999999999997,PR,Sul,0.49937307145478765,0,Moderado
3549904,35,64.8,64.75,758.42,-0.04999999999999716,SP,Sudeste,0.49930578125653124,0,Moderado
2708907,27,54.8,55.11,739.19,0.3100000000000023,AL,Nordeste,0.49896599365794087,0,Moderado
3152170,31,74.9,67.71,751.0,-7.190000000000012,MG,Sudeste,0.49879808610527276,0,Moderado
3524006,35,56.2,48.94,739.25,-7.260000000000005,SP,Sudeste,0.4983246804748975,0,Moderado
4116406,41,79.4,94.81,771.46,15.409999999999997,PR,Sul,0.4982392857417793,0,Moderado
3141009,31,72.48,61.37,747.06,-11.110000000000007,MG,Sudeste,0.4981765901807233,0,Moderado
2201507,22,55.33,46.97,739.74,-8.36,PI,Nordeste,0.4979056444174623,0,Moderado
2602506,26,74.1,79.05,766.61,4.950000000000003,PE,Nordeste,0.49773613861682053,0,Moderado
3154101,31,74.59,64.51,752.42,-10.079999999999998,MG,Sudeste,0.4975158440263572,0,Moderado
3108206,31,80.0,71.88,766.48,-8.120000000000005,MG,Sudeste,0.49748898042527223,0,Moderado
2504009,25,54.42,47.92,742.12,-6.5,PB,Nordeste,0.4973137203622215,0,Moderado
4102752,41,77.78,88.13,770.74,10.349999999999994,PR,Sul,0.4969944867977725,0,Moderado
3549102,35,62.88,61.6,754.15,-1.2800000000000011,SP,Sudeste,0.49653857295578785,0,Moderado
2803401,28,41.37,39.3,725.89,-2.0700000000000003,SE,Nordeste,0.4963401495021348,0,Moderado
2800506,28,42.28,44.81,725.07,2.530000000000001,SE,Nordeste,0.49625677203168606,0,Moderado
1200054,12,55.08,49.17,737.57,-5.909999999999997,AC,Norte,0.4960328959783104,0,Moderado
4210803,42,63.04,48.04,744.07,-15.0,SC,Sul,0.4959227670194758,0,Moderado
4205191,42,71.82,69.96,759.46,-1.8599999999999994,SC,Sul,0.4956982084277474,0,Moderado
3556453,35,63.87,64.59,755.62,0.720000000000006,SP,Sudeste,0.4954515524160271,0,Moderado
4118303,41,65.96,61.71,747.93,-4.249999999999993,PR,Sul,0.495392202994316,0,Moderado
2204204,22,55.53,48.78,739.4,-6.75,PI,Nordeste,0.49538722874516716,0,Moderado
2501005,25,48.99,40.53,728.24,-8.46,PB,Nordeste,0.49528177373271204,0,Moderado
2207801,22,56.33,50.47,741.05,-5.859999999999999,PI,Nordeste,0.495211574807234,0,Moderado
4204608,42,65.88,59.75,745.69,-6.1299999999999955,SC,Sul,0.49500601730255345,0,Moderado
4121802,41,76.22,85.68,767.16,9.460000000000008,PR,Sul,0.4949961411590151,0,Moderado
4203600,42,69.34,64.77,754.51,-4.570000000000007,SC,Sul,0.4944939191880637,0,Moderado
2608503,26,73.36,79.42,764.04,6.060000000000002,PE,Nordeste,0.49440983037917074,0,Moderado
2108454,21,64.71,70.53,759.81,5.820000000000007,MA,Nordeste,0.4942554338271673,0,Moderado
4104451,41,70.26,71.81,756.09,1.5499999999999972,PR,Sul,0.494002515334139,0,Moderado
2707107,27,40.17,25.08,709.32,-15.090000000000003,AL,Nordeste,0.49385674982478234,0,Moderado
3158409,31,80.0,73.26,765.87,-6.739999999999995,MG,Sudeste,0.4938273636488468,0,Moderado
4206652,42,55.89,38.7,725.44,-17.189999999999998,SC,Sul,0.4937767281005798,0,Moderado
3142205,31,80.0,79.2,761.52,-0.7999999999999972,MG,Sudeste,0.4930211909226907,0,Moderado
2611533,26,80.0,87.04,782.52,7.040000000000006,PE,Nordeste,0.493015037098412,0,Moderado
2614501,26,63.44,58.71,743.81,-4.729999999999997,PE,Nordeste,0.4929975889848816,0,Moderado
5007554,50,58.59,51.3,737.94,-7.290000000000006,MS,Centro-Oeste,0.49298319069204743,0,Moderado
4218103,42,74.0,80.2,760.01,6.200000000000003,SC,Sul,0.4928920006364858,0,Moderado
3117702,31,80.0,78.17,762.35,-1.8299999999999983,MG,Sudeste,0.49250448277170944,0,Moderado
2608305,26,66.95,68.61,749.2,1.6599999999999966,PE,Nordeste,0.49214520767432945,0,Moderado
2512507,25,80.0,92.65,801.82,12.650000000000006,PB,Nordeste,0.49187694725891035,0,Moderado
4219002,42,72.37,71.86,760.47,-0.5100000000000051,SC,Sul,0.4918682668028385,0,Moderado
2112902,21,59.07,60.19,747.44,1.1199999999999974,MA,Nordeste,0.491676556285803,0,Moderado
2615102,26,71.97,76.08,761.86,4.109999999999999,PE,Nordeste,0.49137667548126107,0,Moderado
4202404,42,69.08,64.77,753.96,-4.310000000000002,SC,Sul,0.4911077718232984,0,Moderado
3120805,31,80.0,75.3,764.67,-4.700000000000003,MG,Sudeste,0.4910016761788363,0,Moderado
3515806,35,44.79,27.27,715.03,-17.52,SP,Sudeste,0.49100068050727075,0,Moderado
2701902,27,55.46,51.71,745.04,-3.75,AL,Nordeste,0.49099197227173913,0,Moderado
4206900,42,71.45,71.81,757.29,0.35999999999999943,SC,Sul,0.49091018096024164,0,Moderado
2112001,21,56.36,54.9,741.69,-1.4600000000000009,MA,Nordeste,0.49084382819779393,0,Moderado
3502101,35,64.49,65.48,757.73,0.9900000000000091,SP,Sudeste,0.49082970788103814,0,Moderado
2604106,26,63.13,58.37,743.22,-4.760000000000005,PE,Nordeste,0.4905953421689252,0,Moderado
4123105,41,80.0,91.5,776.99,11.5,PR,Sul,0.4905745671409182,0,Moderado
3137536,31,80.0,76.48,763.84,-3.519999999999996,MG,Sudeste,0.49054553567394726,0,Moderado
2110708,21,54.0,50.11,736.79,-3.8900000000000006,MA,Nordeste,0.4903758113512808,0,Moderado
3500907,35,63.73,62.85,757.02,-0.8799999999999955,SP,Sudeste,0.4902058048884828,0,Moderado
2609006,26,74.88,81.95,768.15,7.070000000000007,PE,Nordeste,0.4900385878472034,0,Moderado
3501509,35,76.03,91.84,779.88,15.810000000000002,SP,Sudeste,0.48976146050358565,0,Moderado
4127957,41,73.61,79.06,763.29,5.450000000000003,PR,Sul,0.4896242842788799,0,Moderado
3519253,35,54.53,42.77,738.83,-11.759999999999998,SP,Sudeste,0.48960207784555043,0,Moderado
2804805,28,35.42,29.8,712.26,-5.620000000000001,SE,Nordeste,0.48951530231361073,0,Moderado
3539707,35,74.09,84.61,778.33,10.519999999999996,SP,Sudeste,0.4892441784107218,0,Moderado
1701101,17,44.85,35.78,730.72,-9.07,TO,Norte,0.48916957584863996,0,Moderado
3521002,35,53.32,44.75,733.05,-8.57,SP,Sudeste,0.4889267924429986,0,Moderado
2615201,26,67.85,71.07,751.04,3.219999999999999,PE,Nordeste,0.4884650780977717,0,Moderado
5107008,51,57.77,46.03,736.69,-11.740000000000002,MT,Centro-Oeste,0.4883179319289431,0,Moderado
4209102,42,70.43,68.79,756.24,-1.6400000000000006,SC,Sul,0.4876094218687867,0,Moderado
2605004,26,78.56,88.96,776.54,10.399999999999991,PE,Nordeste,0.48724968535494634,0,Moderado
2503209,25,59.03,57.26,753.01,-1.7700000000000031,PB,Nordeste,0.4869049978482711,0,Moderado
4217006,42,70.37,68.64,756.22,-1.730000000000004,SC,Sul,0.48687405188426636,0,Moderado
2703700,27,49.67,40.27,733.13,-9.399999999999999,AL,Nordeste,0.48685499416685957,0,Moderado
1504406,15,43.72,45.42,729.75,1.7000000000000028,PA,Norte,0.48675568177544176,0,Moderado
3522703,35,70.92,77.38,772.59,6.459999999999994,SP,Sudeste,0.4864797385230181,0,Moderado
3535200,35,71.53,83.91,769.92,12.379999999999995,SP,Sudeste,0.4864127418953492,0,Moderado
4112405,41,75.43,80.87,768.93,5.439999999999998,PR,Sul,0.4860669759763855,0,Moderado
2103554,21,55.49,54.26,739.59,-1.230000000000004,MA,Nordeste,0.4859172406104105,0,Moderado
2406155,24,41.43,33.33,728.62,-8.100000000000001,RN,Nordeste,0.4855189895530998,0,Moderado
5101407,51,66.61,61.83,757.18,-4.780000000000001,MT,Centro-Oeste,0.48544682890118046,0,Moderado
2612505,26,61.69,55.94,740.44,-5.75,PE,Nordeste,0.4852964493771528,0,Moderado
2604502,26,63.39,58.51,744.67,-4.880000000000003,PE,Nordeste,0.48527113250083354,0,Moderado
2403301,24,58.07,67.02,763.67,8.949999999999996,RN,Nordeste,0.4850185785475713,0,Moderado
2616209,26,63.2,56.85,745.29,-6.350000000000001,PE,Nordeste,0.48470227647802727,0,Moderado
2402501,24,42.55,42.31,726.1,-0.23999999999999488,RN,Nordeste,0.484258567779539,0,Moderado
4100103,41,63.89,57.74,744.7,-6.149999999999999,PR,Sul,0.4842234074895806,0,Moderado
2105153,21,65.78,77.64,759.52,11.86,MA,Nordeste,0.4842201246129563,0,Moderado
4124905,41,80.0,93.06,776.56,13.060000000000002,PR,Sul,0.4841878832354559,0,Moderado
1101302,11,65.98,73.82,753.29,7.839999999999989,RO,Norte,0.4840854127720073,0,Moderado
3528403,35,55.2,49.33,737.0,-5.8700000000000045,SP,Sudeste,0.48394127524718594,0,Moderado
2500577,25,55.8,50.16,746.99,-5.640000000000001,PB,Nordeste,0.4838442886636072,0,Moderado
2408607,24,36.07,27.59,713.72,-8.48,RN,Nordeste,0.4838272367329946,0,Moderado
2509396,25,60.21,60.76,755.06,0.5499999999999972,PB,Nordeste,0.4834428825815521,0,Moderado
2412559,24,38.85,30.54,721.64,-8.310000000000002,RN,Nordeste,0.4832165004079788,0,Moderado
4122800,41,80.0,93.11,776.66,13.11,PR,Sul,0.4829974643279053,0,Moderado
5220264,52,80.0,67.1,755.16,-12.900000000000006,GO,Centro-Oeste,0.48285878868851406,0,Moderado
2706901,27,50.85,45.81,733.72,-5.039999999999999,AL,Nordeste,0.48282226906603504,0,Moderado
4120002,41,76.06,87.25,766.82,11.189999999999998,PR,Sul,0.4827467044505278,0,Moderado
4202156,42,75.08,80.41,764.96,5.329999999999998,SC,Sul,0.4824871057175467,0,Moderado
4120101,41,72.98,76.84,763.5,3.8599999999999994,PR,Sul,0.48244518546947035,0,Moderado
2602001,26,56.45,47.32,728.28,-9.130000000000003,PE,Nordeste,0.48228999436550934,0,Moderado
2804458,28,51.24,59.01,748.48,7.769999999999996,SE,Nordeste,0.48220975636397195,0,Moderado
2414753,24,53.53,53.85,757.43,0.3200000000000003,RN,Nordeste,0.48214541476188666,0,Moderado
2600054,26,58.0,46.4,734.61,-11.600000000000001,PE,Nordeste,0.48198608529147835,0,Moderado
3205150,32,76.22,61.4,753.19,-14.82,ES,Sudeste,0.4816196071702114,0,Moderado
2103000,21,55.39,55.15,739.09,-0.240000000000002,MA,Nordeste,0.4813476540124657,0,Moderado
3552502,35,54.18,46.82,735.49,-7.359999999999999,SP,Sudeste,0.4813232936774861,0,Moderado
4205704,42,73.53,75.75,763.01,2.219999999999999,SC,Sul,0.4810040267462767,0,Moderado
3501905,35,61.42,59.94,751.95,-1.480000000000004,SP,Sudeste,0.48059293691825894,0,Moderado
3545506,35,79.36,89.83,794.49,10.469999999999999,SP,Sudeste,0.4805670904006182,0,Moderado
4108809,41,68.64,69.53,753.5,0.8900000000000006,PR,Sul,0.4804418609726775,0,Moderado
5207402,52,80.0,72.29,751.56,-7.709999999999994,GO,Centro-Oeste,0.4804163524308087,0,Moderado
5002159,50,56.02,46.43,733.74,-9.590000000000003,MS,Centro-Oeste,0.48038379357602834,0,Moderado
2603900,26,80.0,92.5,779.9,12.5,PE,Nordeste,0.48032754849481085,0,Moderado
1502509,15,56.14,74.09,753.99,17.950000000000003,PA,Norte,0.4801900839800859,0,Moderado
2609501,26,62.99,56.96,744.98,-6.030000000000001,PE,Nordeste,0.48009464166945975,0,Moderado
3555505,35,58.94,56.25,745.81,-2.6899999999999977,SP,Sudeste,0.47997961210483925,0,Moderado
2209500,22,75.43,85.37,785.81,9.939999999999998,PI,Nordeste,0.4798333749052653,0,Moderado
2200202,22,80.0,91.98,797.43,11.980000000000004,PI,Nordeste,0.4795463278278383,0,Moderado
1100700,11,66.05,71.94,755.5,5.890000000000001,RO,Norte,0.4793163183670755,0,Moderado
4126652,41,69.39,74.93,752.39,5.540000000000006,PR,Sul,0.47857070023363446,0,Moderado
2610905,26,66.27,64.38,751.48,-1.8900000000000006,PE,Nordeste,0.47849026318260507,0,Moderado
4101051,41,68.09,69.97,751.43,1.8799999999999955,PR,Sul,0.47828925433989217,0,Moderado
4213351,42,69.21,70.19,751.91,0.980000000000004,SC,Sul,0.47781850698125633,0,Moderado
3548005,35,62.69,62.07,755.28,-0.6199999999999974,SP,Sudeste,0.4777422793516168,0,Moderado
3122504,31,76.33,73.35,754.42,-2.980000000000004,MG,Sudeste,0.47742619696269195,0,Moderado
3532207,35,61.93,60.6,753.67,-1.3299999999999983,SP,Sudeste,0.4773994278667329,0,Moderado
2110278,21,47.51,39.84,722.54,-7.669999999999995,MA,Nordeste,0.47699547257162295,0,Moderado
2607109,26,78.99,89.89,778.62,10.900000000000006,PE,Nordeste,0.47668078364160865,0,Moderado
2707909,27,46.34,38.52,723.59,-7.82,AL,Nordeste,0.4764909996078677,0,Moderado
4214201,42,71.22,70.08,759.44,-1.1400000000000006,SC,Sul,0.47628660245154036,0,Moderado
3553955,35,80.0,91.72,795.93,11.719999999999999,SP,Sudeste,0.47590441226384445,0,Moderado
4123600,41,80.0,100.0,772.35,20.0,PR,Sul,0.4756937897173478,0,Moderado
1500958,15,48.03,55.54,739.05,7.509999999999998,PA,Norte,0.4756783542567555,0,Moderado
3510203,35,68.09,74.63,765.67,6.539999999999992,SP,Sudeste,0.47556782368824696,0,Moderado
3502903,35,59.35,56.16,747.91,-3.190000000000005,SP,Sudeste,0.47522237005595125,0,Moderado
2700607,27,46.28,39.04,723.15,-7.240000000000002,AL,Nordeste,0.4750547567233895,0,Moderado
2705309,27,44.81,27.99,726.14,-16.820000000000004,AL,Nordeste,0.4746889188160446,0,Moderado
2907400,29,24.3,25.71,715.91,1.4100000000000001,BA,Nordeste,0.4743669474155619,0,Moderado
3112802,31,80.0,78.93,763.88,-1.0699999999999932,MG,Sudeste,0.47432590715044226,0,Moderado
2800308,28,44.53,47.18,734.0,2.6499999999999986,SE,Nordeste,0.47404319256503064,0,Moderado
3204807,32,76.18,62.35,753.25,-13.830000000000005,ES,Sudeste,0.4736972280542976,0,Moderado
3506102,35,58.87,55.75,746.7,-3.1199999999999974,SP,Sudeste,0.47332254843310595,0,Moderado
2203255,22,46.96,27.56,726.83,-19.400000000000002,PI,Nordeste,0.4732258543367352,0,Moderado
3554656,35,47.52,30.77,724.38,-16.750000000000004,SP,Sudeste,0.472875349353205,0,Moderado
4118451,41,80.0,90.41,779.92,10.409999999999997,PR,Sul,0.4722604217873637,0,Moderado
2505501,25,55.64,58.31,741.69,2.6700000000000017,PB,Nordeste,0.4719445059607011,0,Moderado
4217105,42,71.8,70.0,762.14,-1.7999999999999972,SC,Sul,0.4715972444757936,0,Moderado
4202438,42,52.0,28.06,721.9,-23.94,SC,Sul,0.4714929288487867,0,Moderado
4216701,42,77.46,82.26,773.47,4.800000000000011,SC,Sul,0.4713692715480142,0,Moderado
4206108,42,69.91,70.23,755.16,0.3200000000000074,SC,Sul,0.4713492342664029,0,Moderado
2603405,26,76.11,86.03,771.72,9.920000000000002,PE,Nordeste,0.471226463509889,0,Moderado
2509503,25,70.39,82.33,777.17,11.939999999999998,PB,Nordeste,0.47115353242430486,0,Moderado
2310605,23,78.38,63.67,757.32,-14.709999999999994,CE,Nordeste,0.4708056039029696,0,Moderado
3111101,31,78.07,75.03,760.23,-3.039999999999992,MG,Sudeste,0.4707438665928993,0,Moderado
4218301,42,59.64,47.98,734.75,-11.660000000000004,SC,Sul,0.4705106005421,0,Moderado
4126405,41,80.0,90.98,779.71,10.980000000000004,PR,Sul,0.4703901654538204,0,Moderado
3551009,35,54.93,47.93,738.65,-7.0,SP,Sudeste,0.47027133646025054,0,Moderado
2210375,22,65.51,61.11,769.21,-4.400000000000006,PI,Nordeste,0.4699922465424762,0,Moderado
3131208,31,79.18,77.67,762.36,-1.5100000000000051,MG,Sudeste,0.4699705645549098,0,Moderado
2608206,26,59.49,47.34,740.69,-12.149999999999999,PE,Nordeste,0.46992962880727995,0,Moderado
3527207,35,54.48,47.82,737.15,-6.659999999999997,SP,Sudeste,0.4698781344731417,0,Moderado
4108650,41,80.0,90.42,780.21,10.420000000000002,PR,Sul,0.46968898559251027,0,Moderado
2203206,22,71.92,81.77,776.98,9.849999999999994,PI,Nordeste,0.4696777508578525,0,Moderado
2111706,21,67.18,76.82,766.97,9.639999999999986,MA,Nordeste,0.4688819267040997,0,Moderado
2701308,27,41.98,33.4,712.53,-8.579999999999998,AL,Nordeste,0.46886669382199686,0,Moderado
2507507,25,57.49,55.87,750.58,-1.6200000000000045,PB,Nordeste,0.4687209242021458,0,Moderado
3541604,35,71.38,79.12,775.02,7.740000000000009,SP,Sudeste,0.46858555476758845,0,Moderado
2402303,24,40.62,39.56,722.99,-1.0599999999999952,RN,Nordeste,0.4685578900241961,0,Moderado
2505105,25,60.23,62.2,755.79,1.970000000000006,PB,Nordeste,0.4684329427096127,0,Moderado
1200450,12,50.47,43.66,728.22,-6.810000000000002,AC,Norte,0.46828343347602797,0,Moderado
3110004,31,75.47,70.95,754.2,-4.519999999999996,MG,Sudeste,0.46795130018176256,0,Moderado
4102208,41,80.0,88.32,781.99,8.319999999999993,PR,Sul,0.46788112669261966,0,Moderado
5006200,50,65.43,69.44,752.1,4.009999999999991,MS,Centro-Oeste,0.46713106901097823,0,Moderado
3528502,35,63.17,63.31,757.33,0.14000000000000057,SP,Sudeste,0.46701028048415943,0,Moderado
5003488,50,51.28,39.87,723.05,-11.410000000000004,MS,Centro-Oeste,0.46698524419122545,0,Moderado
1711803,17,49.13,49.1,738.82,-0.030000000000001137,TO,Norte,0.4668302687339229,0,Moderado
3136801,31,68.64,55.56,741.14,-13.079999999999998,MG,Sudeste,0.46678810075272154,0,Moderado
3524402,35,56.68,51.48,742.75,-5.200000000000003,SP,Sudeste,0.4665992614036658,0,Moderado
5104203,51,80.0,84.49,790.85,4.489999999999995,MT,Centro-Oeste,0.46655242602268415,0,Moderado
4211454,42,71.4,71.17,760.48,-0.23000000000000398,SC,Sul,0.4658776692763448,0,Moderado
3161304,31,77.58,73.5,760.19,-4.079999999999998,MG,Sudeste,0.4656640544498699,0,Moderado
2804003,28,36.97,31.19,719.61,-5.779999999999998,SE,Nordeste,0.4654319860517579,0,Moderado
2608602,26,74.9,85.39,768.5,10.489999999999995,PE,Nordeste,0.46536791602474437,0,Moderado
4204202,42,63.99,56.25,744.91,-7.740000000000002,SC,Sul,0.46523669181839405,0,Moderado
3125408,31,80.0,79.38,764.65,-0.6200000000000045,MG,Sudeste,0.46476401936766265,0,Moderado
2708006,27,48.68,44.16,729.22,-4.520000000000003,AL,Nordeste,0.4645282225075246,0,Moderado
2103406,21,66.85,76.13,766.81,9.280000000000001,MA,Nordeste,0.464412626898464,0,Moderado
3506003,35,55.39,50.56,739.04,-4.829999999999998,SP,Sudeste,0.46428461053677056,0,Moderado
3504909,35,58.24,58.62,743.33,0.37999999999999545,SP,Sudeste,0.4642032473848928,0,Moderado
2706307,27,46.59,38.67,725.82,-7.920000000000002,AL,Nordeste,0.46406455533778074,0,Moderado
3528809,35,80.0,91.17,797.78,11.170000000000002,SP,Sudeste,0.46347335868195155,0,Moderado
2616001,26,61.99,59.29,741.59,-2.700000000000003,PE,Nordeste,0.4630645936413994,0,Moderado
2504157,25,58.37,58.51,752.49,0.14000000000000057,PB,Nordeste,0.4626657680185814,0,Moderado
5217203,52,78.66,68.65,751.51,-10.009999999999991,GO,Centro-Oeste,0.46248393862799037,0,Moderado
4121604,41,73.69,82.55,764.12,8.86,PR,Sul,0.4623640847336085,0,Moderado
2605301,26,64.27,55.21,752.98,-9.059999999999995,PE,Nordeste,0.46228080270142086,0,Moderado
1200609,12,51.74,45.18,732.41,-6.560000000000002,AC,Norte,0.4619571039641844,0,Moderado
2109007,21,65.23,74.09,762.81,8.86,MA,Nordeste,0.4615305776579458,0,Moderado
3503901,35,60.36,60.67,749.79,0.3100000000000023,SP,Sudeste,0.4614024540650728,0,Moderado
3142007,31,65.82,48.06,737.18,-17.75999999999999,MG,Sudeste,0.4613442665578675,0,Moderado
2412104,24,59.4,71.7,767.73,12.300000000000004,RN,Nordeste,0.4612443604356919,0,Moderado
2612471,26,76.77,87.09,774.49,10.320000000000007,PE,Nordeste,0.461078493160595,0,Moderado
2805703,28,35.2,29.59,714.94,-5.610000000000003,SE,Nordeste,0.46080994251935337,0,Moderado
4215604,42,80.0,86.49,780.78,6.489999999999995,SC,Sul,0.46026758806924545,0,Moderado
4215695,42,75.61,81.82,768.41,6.209999999999994,SC,Sul,0.4601227200170071,0,Moderado
2401453,24,46.46,44.48,741.46,-1.980000000000004,RN,Nordeste,0.45971257501165463,0,Moderado
4125357,41,76.05,90.23,767.23,14.180000000000007,PR,Sul,0.45962565015096946,0,Moderado
4210605,42,73.79,77.07,765.45,3.279999999999987,SC,Sul,0.4595146071598917,0,Moderado
3120870,31,79.47,80.36,762.61,0.8900000000000006,MG,Sudeste,0.45950221281421016,0,Moderado
3518800,35,52.23,44.19,733.02,-8.04,SP,Sudeste,0.4587149029960589,0,Moderado
3140209,31,70.12,59.26,744.71,-10.860000000000007,MG,Sudeste,0.4583022340742732,0,Moderado
3123858,31,79.04,77.45,763.38,-1.5900000000000034,MG,Sudeste,0.4582201424298309,0,Moderado
4208401,42,74.19,78.16,766.27,3.969999999999999,SC,Sul,0.45789186946416055,0,Moderado
3525003,35,56.19,51.39,742.1,-4.799999999999997,SP,Sudeste,0.45750060376677143,0,Moderado
3159357,31,67.37,58.94,735.15,-8.430000000000007,MG,Sudeste,0.45702640155813923,0,Moderado
5103379,51,65.41,62.71,755.47,-2.6999999999999957,MT,Centro-Oeste,0.4570229185862827,0,Moderado
1501782,15,45.82,50.55,736.97,4.729999999999997,PA,Norte,0.4568434086246242,0,Moderado
2600203,26,62.89,59.87,745.19,-3.020000000000003,PE,Nordeste,0.45635829446294135,0,Moderado
3136553,31,79.35,77.36,764.85,-1.9899999999999949,MG,Sudeste,0.4557981524881957,0,Moderado
2201101,22,53.38,44.97,739.07,-8.410000000000004,PI,Nordeste,0.4556297020230514,0,Moderado
3162005,31,77.38,76.14,758.67,-1.2399999999999949,MG,Sudeste,0.455509812277935,0,Moderado
3116209,31,78.26,76.01,761.98,-2.25,MG,Sudeste,0.4552554755405871,0,Moderado
2608404,26,62.13,60.64,742.04,-1.490000000000002,PE,Nordeste,0.45485182351434583,0,Moderado
4212700,42,69.32,66.84,757.48,-2.4799999999999898,SC,Sul,0.4548012364282955,0,Moderado
4210035,42,75.09,79.74,768.72,4.6499999999999915,SC,Sul,0.454653511182755,0,Moderado
4219176,42,69.31,67.69,756.85,-1.6200000000000045,SC,Sul,0.45444038303145906,0,Moderado
2703908,27,48.53,44.34,729.72,-4.189999999999998,AL,Nordeste,0.45438525163915205,0,Moderado
2700904,27,80.0,98.82,802.81,18.819999999999993,AL,Nordeste,0.45435170498053584,0,Moderado
2517100,25,61.14,62.96,760.15,1.8200000000000003,PB,Nordeste,0.4543226610573869,0,Moderado
3513603,35,59.73,58.09,750.28,-1.6399999999999935,SP,Sudeste,0.45417656591765876,0,Moderado
2616308,26,64.81,68.15,746.21,3.3400000000000034,PE,Nordeste,0.4540520656975074,0,Moderado
4209201,42,73.13,75.0,765.31,1.8700000000000045,SC,Sul,0.45349707251144844,0,Moderado
3112208,31,80.0,77.37,767.48,-2.6299999999999955,MG,Sudeste,0.4533359232034427,0,Moderado
2802601,28,35.57,16.67,726.83,-18.9,SE,Nordeste,0.45316703228457145,0,Moderado
2613008,26,63.76,64.03,745.67,0.2700000000000031,PE,Nordeste,0.452534680176874,0,Moderado
1200104,12,53.01,46.68,736.98,-6.329999999999998,AC,Norte,0.4525036127182367,0,Moderado
2108504,21,53.35,51.09,738.12,-2.259999999999998,MA,Nordeste,0.4522345762977184,0,Moderado
4200408,42,69.64,72.41,754.78,2.769999999999996,SC,Sul,0.45214709587324053,0,Moderado
5008305,50,73.04,82.99,771.24,9.949999999999989,MS,Centro-Oeste,0.4520739924082857,0,Moderado
2606408,26,54.32,43.1,727.24,-11.219999999999999,PE,Nordeste,0.4520017959732198,0,Moderado
4112959,41,66.35,63.48,753.05,-2.8699999999999974,PR,Sul,0.45188706452313376,0,Moderado
3157203,31,73.07,66.55,750.72,-6.519999999999996,MG,Sudeste,0.45149102395155943,0,Moderado
4213807,42,70.21,69.36,759.2,-0.8499999999999943,SC,Sul,0.45148689832605393,0,Moderado
3526704,35,61.71,61.7,755.06,-0.00999999999999801,SP,Sudeste,0.4514432265980754,0,Moderado
2509156,25,80.0,98.16,802.38,18.159999999999997,PB,Nordeste,0.4514271817698206,0,Moderado
5000807,50,69.94,80.11,762.27,10.170000000000002,MS,Centro-Oeste,0.451305881235032,0,Moderado
2412807,24,35.36,25.47,716.51,-9.89,RN,Nordeste,0.451256260267904,0,Moderado
3141405,31,73.31,65.7,752.27,-7.609999999999999,MG,Sudeste,0.4510951871205182,0,Moderado
3166204,31,80.0,77.94,767.33,-2.0600000000000023,MG,Sudeste,0.4509610514118684,0,Moderado
4217956,42,79.33,91.64,775.68,12.310000000000002,SC,Sul,0.4501530597808909,0,Moderado
4106852,41,80.0,94.52,779.42,14.519999999999996,PR,Sul,0.45007223446991873,0,Moderado
3168507,31,76.85,75.97,757.52,-0.8799999999999955,MG,Sudeste,0.45000848609203004,0,Moderado
4115853,41,80.0,93.06,780.53,13.060000000000002,PR,Sul,0.4499180353586987,0,Moderado
2503308,25,54.17,52.23,743.48,-1.9400000000000048,PB,Nordeste,0.4498826304617965,0,Moderado
2603108,26,64.3,63.59,748.39,-0.7099999999999937,PE,Nordeste,0.4487765481560989,0,Moderado
2610707,26,60.62,55.54,741.11,-5.079999999999998,PE,Nordeste,0.44868737308765155,0,Moderado
2102705,21,61.85,70.83,754.54,8.979999999999997,MA,Nordeste,0.44847187148970324,0,Moderado
3545803,35,62.92,64.2,757.94,1.2800000000000011,SP,Sudeste,0.44824039629854273,0,Moderado
4205209,42,64.17,58.15,746.15,-6.020000000000003,SC,Sul,0.44793619424975634,0,Moderado
4219507,42,70.88,72.14,760.01,1.2600000000000051,SC,Sul,0.44748819397027184,0,Moderado
3514700,35,78.49,95.07,791.27,16.58,SP,Sudeste,0.44739155451159374,0,Moderado
5001003,50,60.77,57.5,746.47,-3.270000000000003,MS,Centro-Oeste,0.4473679235137589,0,Moderado
3529203,35,61.84,63.56,754.62,1.7199999999999989,SP,Sudeste,0.44731427263047707,0,Moderado
3159902,31,80.0,80.3,765.99,0.29999999999999716,MG,Sudeste,0.44731118052684243,0,Moderado
3161601,31,72.62,70.0,747.0,-2.6200000000000045,MG,Sudeste,0.4472993832493838,0,Moderado
4207908,42,74.35,79.25,767.29,4.900000000000006,SC,Sul,0.4470924371167717,0,Moderado
2702504,27,57.32,64.23,747.54,6.910000000000004,AL,Nordeste,0.4466444403269487,0,Moderado
2205458,22,51.39,43.83,733.78,-7.560000000000002,PI,Nordeste,0.44656120842655145,0,Moderado
2103257,21,70.76,86.24,775.53,15.47999999999999,MA,Nordeste,0.44601603509424337,0,Moderado
3553708,35,67.9,72.83,769.76,4.929999999999993,SP,Sudeste,0.4460022092647745,0,Moderado
1703883,17,40.51,27.47,726.24,-13.04,TO,Norte,0.4459841071356266,0,Moderado
2601201,26,66.19,70.04,750.74,3.8500000000000085,PE,Nordeste,0.44587941750491805,0,Moderado
5002100,50,55.41,48.18,734.24,-7.229999999999997,MS,Centro-Oeste,0.44576033958794165,0,Moderado
2803104,28,34.9,33.65,712.61,-1.25,SE,Nordeste,0.4454057022600198,0,Moderado
3538006,35,62.84,63.8,758.31,0.9599999999999937,SP,Sudeste,0.4451518466778609,0,Moderado
2513802,25,52.98,42.77,746.81,-10.209999999999994,PB,Nordeste,0.4450901042956789,0,Moderado
3520103,35,57.77,55.6,746.12,-2.1700000000000017,SP,Sudeste,0.4450129475070616,0,Moderado
4101150,41,80.0,86.15,786.32,6.150000000000006,PR,Sul,0.44458760592179786,0,Moderado
5102637,51,67.98,69.9,760.85,1.9200000000000017,MT,Centro-Oeste,0.4444703048873827,0,Moderado
4108320,41,72.27,80.22,762.81,7.950000000000003,PR,Sul,0.44444995697669587,0,Moderado
3552106,35,60.34,59.71,752.42,-0.6300000000000026,SP,Sudeste,0.44434668072190625,0,Moderado
2411205,24,36.93,32.73,717.61,-4.200000000000003,RN,Nordeste,0.4439550366876318,0,Moderado
3518305,35,69.64,76.97,773.21,7.329999999999998,SP,Sudeste,0.44383835318702125,0,Moderado
4214508,42,71.81,74.29,762.22,2.480000000000004,SC,Sul,0.4435965880537791,0,Moderado
3537602,35,52.38,46.81,733.43,-5.57,SP,Sudeste,0.4430222465115828,0,Moderado
4114906,41,74.54,84.99,767.64,10.449999999999989,PR,Sul,0.44285193646202736,0,Moderado
4122909,41,69.49,73.64,757.94,4.150000000000006,PR,Sul,0.4421865247812743,0,Moderado
2501708,25,66.84,78.61,770.48,11.769999999999996,PB,Nordeste,0.4421622294558867,0,Moderado
2405207,24,38.99,37.93,721.4,-1.0600000000000023,RN,Nordeste,0.4420043288518507,0,Moderado
3546306,35,59.4,59.69,749.33,0.28999999999999915,SP,Sudeste,0.4418188059773818,0,Moderado
3535507,35,58.52,56.93,748.22,-1.5900000000000034,SP,Sudeste,0.4417435484956387,0,Moderado
3139201,31,78.03,77.47,761.67,-0.5600000000000023,MG,Sudeste,0.4414070258174553,0,Moderado
3523602,35,65.91,69.9,765.35,3.990000000000009,SP,Sudeste,0.4408920818208803,0,Moderado
3141306,31,80.0,78.57,768.11,-1.4300000000000068,MG,Sudeste,0.44023769241187083,0,Moderado
4125001,41,67.47,73.17,751.23,5.700000000000003,PR,Sul,0.44008800175322005,0,Moderado
4127304,41,72.48,81.46,763.19,8.97999999999999,PR,Sul,0.43976194098804405,0,Moderado
2111805,21,54.41,54.44,740.91,0.030000000000001137,MA,Nordeste,0.43970809526438803,0,Moderado
4202503,42,53.12,28.72,729.17,-24.4,SC,Sul,0.43956088920213165,0,Moderado
3140100,31,68.55,56.14,743.66,-12.409999999999997,MG,Sudeste,0.43860736310379894,0,Moderado
1706506,17,45.8,45.61,732.67,-0.18999999999999773,TO,Norte,0.4386001753917954,0,Moderado
4210407,42,65.51,61.81,749.43,-3.700000000000003,SC,Sul,0.4379172836526228,0,Moderado
3534203,35,55.25,48.15,743.41,-7.100000000000001,SP,Sudeste,0.4378861320325235,0,Moderado
3142403,31,80.0,81.94,765.87,1.9399999999999977,MG,Sudeste,0.4378395276831115,0,Moderado
3112505,31,78.27,77.92,762.66,-0.3499999999999943,MG,Sudeste,0.4374891519532811,0,Moderado
3504305,35,63.38,65.24,760.09,1.8599999999999923,SP,Sudeste,0.4374215622256393,0,Moderado
3108552,31,77.71,76.71,761.59,-1.0,MG,Sudeste,0.43705695962158747,0,Moderado
2702702,27,50.82,45.9,738.93,-4.920000000000002,AL,Nordeste,0.4364480245665687,0,Moderado
3121407,31,80.0,79.93,767.54,-0.06999999999999318,MG,Sudeste,0.4364176349014779,0,Moderado
2702603,27,49.0,44.46,733.46,-4.539999999999999,AL,Nordeste,0.43613776315623926,0,Moderado
1712801,17,34.87,20.67,712.08,-14.199999999999996,TO,Norte,0.43610415108962064,0,Moderado
2211001,22,58.54,57.25,750.83,-1.2899999999999991,PI,Nordeste,0.4360893024753386,0,Moderado
3517109,35,73.56,86.84,780.93,13.280000000000001,SP,Sudeste,0.43595066251159825,0,Moderado
2805406,28,32.28,26.61,709.56,-5.670000000000002,SE,Nordeste,0.43547467749727187,0,Moderado
2613404,26,53.96,39.24,730.77,-14.719999999999999,PE,Nordeste,0.43534755967644634,0,Moderado
5101803,51,67.28,68.34,760.57,1.0600000000000023,MT,Centro-Oeste,0.435194131893431,0,Moderado
4100301,41,77.09,87.51,775.88,10.420000000000002,PR,Sul,0.4351551313062654,0,Moderado
2101970,21,66.49,80.0,766.03,13.510000000000005,MA,Nordeste,0.43508513518232317,0,Moderado
3148608,31,69.58,61.48,743.81,-8.100000000000001,MG,Sudeste,0.43503653135741294,0,Moderado
2203230,22,80.0,92.5,802.23,12.5,PI,Nordeste,0.4349011464549569,0,Moderado
4202859,42,67.94,64.21,756.83,-3.730000000000004,SC,Sul,0.4344605072898244,0,Moderado
5105903,51,64.47,60.61,756.3,-3.8599999999999994,MT,Centro-Oeste,0.4342332189448745,0,Moderado
5002308,50,60.95,60.76,746.29,-0.19000000000000483,MS,Centro-Oeste,0.43362578937615825,0,Moderado
4107546,41,74.44,81.78,770.8,7.340000000000003,PR,Sul,0.4332809302346551,0,Moderado
3555901,35,80.0,100.0,794.7,20.0,SP,Sudeste,0.43323914925657664,0,Moderado
3540259,35,56.02,51.66,744.19,-4.3600000000000065,SP,Sudeste,0.4325982082709802,0,Moderado
3520806,35,80.0,94.72,798.73,14.719999999999999,SP,Sudeste,0.4325518363609198,0,Moderado
3150000,31,80.0,77.59,769.78,-2.4099999999999966,MG,Sudeste,0.4322432520957195,0,Moderado
2609907,26,49.75,30.78,722.26,-18.97,PE,Nordeste,0.4320170007806575,0,Moderado
3550704,35,52.07,44.38,735.42,-7.689999999999998,SP,Sudeste,0.4319767062868731,0,Moderado
4123402,41,65.62,64.71,751.89,-0.9100000000000108,PR,Sul,0.43135266459355676,0,Moderado
2919900,29,14.66,12.5,695.94,-2.16,BA,Nordeste,0.4312443309086708,0,Moderado
3540754,35,53.29,46.58,738.28,-6.710000000000001,SP,Sudeste,0.43118975039205243,0,Moderado
3100906,31,71.23,69.23,744.47,-2.0,MG,Sudeste,0.43087760641419476,0,Moderado
3553005,35,65.57,71.38,764.19,5.810000000000002,SP,Sudeste,0.43085293567240723,0,Moderado
3128402,31,80.0,77.84,769.77,-2.1599999999999966,MG,Sudeste,0.43073695357630487,0,Moderado
5108204,51,80.0,88.61,791.95,8.61,MT,Centro-Oeste,0.43068286670551503,0,Moderado
2615607,26,66.29,69.13,753.59,2.839999999999989,PE,Nordeste,0.43044252469130206,0,Moderado
3528106,35,80.0,96.3,797.8,16.299999999999997,SP,Sudeste,0.43040892328238667,0,Moderado
3115508,31,77.47,78.2,760.4,0.730000000000004,MG,Sudeste,0.43030330858138577,0,Moderado
2510303,25,66.12,76.75,770.66,10.629999999999995,PB,Nordeste,0.4302757240254109,0,Moderado
2515302,25,47.97,39.0,733.25,-8.969999999999999,PB,Nordeste,0.4302113514198462,0,Moderado
2611903,26,80.0,90.91,786.94,10.909999999999997,PE,Nordeste,0.43003431531255276,0,Moderado
2602803,26,61.51,55.5,746.58,-6.009999999999998,PE,Nordeste,0.4297137434532303,0,Moderado
2210706,22,72.14,86.03,779.26,13.89,PI,Nordeste,0.42960196461661027,0,Moderado
2209153,22,61.44,68.18,753.91,6.740000000000009,PI,Nordeste,0.42957192646145476,0,Moderado
3522307,35,54.24,50.81,738.76,-3.4299999999999997,SP,Sudeste,0.42942486794133056,0,Moderado
3543402,35,52.0,45.01,735.0,-6.990000000000002,SP,Sudeste,0.42938701805284574,0,Moderado
3170438,31,74.64,72.68,754.4,-1.9599999999999937,MG,Sudeste,0.42938436069848246,0,Moderado
4204004,42,72.0,72.43,766.0,0.4300000000000068,SC,Sul,0.4290794028733103,0,Moderado
3542602,35,61.35,63.81,754.82,2.460000000000001,SP,Sudeste,0.4288739622653055,0,Moderado
2513000,25,74.97,83.93,797.48,8.960000000000008,PB,Nordeste,0.42876638715665605,0,Moderado
2705200,27,45.47,41.87,723.51,-3.6000000000000014,AL,Nordeste,0.4286301928756591,0,Moderado
3519709,35,56.09,53.06,743.97,-3.030000000000001,SP,Sudeste,0.42771729611630666,0,Moderado
2803203,28,39.77,39.49,728.04,-0.28000000000000114,SE,Nordeste,0.4267917346860038,0,Moderado
3509007,35,55.49,52.21,742.55,-3.280000000000001,SP,Sudeste,0.42674448454782893,0,Moderado
2612802,26,72.0,79.68,766.8,7.680000000000007,PE,Nordeste,0.4266492440114453,0,Moderado
2206654,22,39.2,19.39,710.33,-19.810000000000002,PI,Nordeste,0.42639030422043217,0,Moderado
3524501,35,63.73,68.06,760.55,4.330000000000005,SP,Sudeste,0.4263284884116339,0,Moderado
5207808,52,77.78,70.8,750.97,-6.980000000000004,GO,Centro-Oeste,0.4260855991651789,0,Moderado
3513900,35,61.36,61.36,757.04,0.0,SP,Sudeste,0.42589137841700436,0,Moderado
2204709,22,63.43,67.52,762.04,4.089999999999996,PI,Nordeste,0.4258528143526705,0,Moderado
5004908,50,51.51,45.19,724.76,-6.32,MS,Centro-Oeste,0.42537041859285246,0,Moderado
5002803,50,59.4,55.67,745.48,-3.729999999999997,MS,Centro-Oeste,0.42521398162814733,0,Moderado
3125804,31,68.78,52.38,749.03,-16.4,MG,Sudeste,0.4239242967043422,0,Moderado
2210052,22,80.0,92.65,803.45,12.650000000000006,PI,Nordeste,0.42357853374690946,0,Moderado
5007695,50,61.36,62.1,747.97,0.740000000000002,MS,Centro-Oeste,0.4234376264734439,0,Moderado
3161056,31,71.86,67.09,749.26,-4.769999999999996,MG,Sudeste,0.423149405209154,0,Moderado
4209607,42,68.69,72.59,754.61,3.9000000000000057,SC,Sul,0.42311649895781245,0,Moderado
1705607,17,42.73,35.8,730.74,-6.93,TO,Norte,0.422970451259888,0,Moderado
3519105,35,80.0,97.67,797.68,17.67,SP,Sudeste,0.4227313710849799,0,Moderado
1100130,11,60.73,64.75,748.23,4.020000000000003,RO,Norte,0.4227197968095136,0,Moderado
4103156,41,80.0,93.48,783.42,13.480000000000004,PR,Sul,0.42258654631161874,0,Moderado
2701605,27,56.64,62.21,749.47,5.57,AL,Nordeste,0.4221107903181434,0,Moderado
5108105,51,57.7,52.38,739.43,-5.32,MT,Centro-Oeste,0.4218066287251758,0,Moderado
4215703,42,65.3,60.42,751.62,-4.8799999999999955,SC,Sul,0.4216798543765139,0,Moderado
4215059,42,70.3,76.32,757.83,6.019999999999996,SC,Sul,0.4215411252908435,0,Moderado
3534500,35,71.95,88.17,775.82,16.22,SP,Sudeste,0.42143378482608757,0,Moderado
3536802,35,53.43,47.19,739.5,-6.240000000000002,SP,Sudeste,0.42126455755609693,0,Moderado
3543006,35,61.89,64.79,756.98,2.9000000000000057,SP,Sudeste,0.42090787868925034,0,Moderado
3514809,35,68.04,75.19,771.47,7.1499999999999915,SP,Sudeste,0.4207161615102518,0,Moderado
3165537,31,80.0,82.39,767.56,2.3900000000000006,MG,Sudeste,0.42061631737396804,0,Moderado
1700707,17,58.3,72.02,760.27,13.719999999999999,TO,Norte,0.4204271460411135,0,Moderado
2616407,26,57.06,50.66,735.22,-6.400000000000006,PE,Nordeste,0.42024668464577114,0,Moderado
2614006,26,62.31,59.7,747.47,-2.6099999999999994,PE,Nordeste,0.4200693749265355,0,Moderado
2708501,27,52.35,53.64,740.63,1.2899999999999991,AL,Nordeste,0.4198445450497476,0,Moderado
3131406,31,76.62,76.42,759.94,-0.20000000000000284,MG,Sudeste,0.4194247284706212,0,Moderado
5107701,51,62.26,56.37,753.23,-5.890000000000001,MT,Centro-Oeste,0.41935794492694284,0,Moderado
3513801,35,53.31,48.02,738.72,-5.289999999999999,SP,Sudeste,0.4189412192117311,0,Moderado
1503754,15,33.52,24.95,716.08,-8.570000000000004,PA,Norte,0.4188261546655492,0,Moderado
3546504,35,80.0,92.26,802.2,12.260000000000005,SP,Sudeste,0.41872812979307056,0,Moderado
2408201,24,46.59,49.76,742.83,3.1699999999999946,RN,Nordeste,0.4183064548063821,0,Moderado
4126702,41,58.11,46.83,739.66,-11.280000000000001,PR,Sul,0.41811297682022186,0,Moderado
2601904,26,60.78,56.84,744.32,-3.9399999999999977,PE,Nordeste,0.41799820219222233,0,Moderado
2606903,26,74.87,83.67,775.22,8.799999999999997,PE,Nordeste,0.41799227775512865,0,Moderado
1600402,16,44.27,44.22,737.28,-0.05000000000000426,AP,Norte,0.4179387939248333,0,Moderado
4218202,42,73.04,77.99,767.0,4.949999999999989,SC,Sul,0.4172514994133699,0,Moderado
4208005,42,72.5,77.62,765.35,5.1200000000000045,SC,Sul,0.4170272990775432,0,Moderado
1100072,11,65.31,72.68,759.56,7.3700000000000045,RO,Norte,0.4168529485949471,0,Moderado
1200807,12,47.06,39.69,724.87,-7.3700000000000045,AC,Norte,0.4168463952708047,0,Moderado
2513505,25,80.0,100.0,805.09,20.0,PB,Nordeste,0.4166180871232345,0,Moderado
3528304,35,80.0,93.95,801.28,13.950000000000003,SP,Sudeste,0.4158255469724809,0,Moderado
1707702,17,26.3,12.63,689.5,-13.67,TO,Norte,0.41569461836688987,0,Moderado
3204500,32,80.0,74.54,764.73,-5.459999999999994,ES,Sudeste,0.4156827190565566,0,Moderado
3506607,35,54.54,52.19,740.46,-2.3500000000000014,SP,Sudeste,0.4154843507724401,0,Moderado
1702901,17,45.08,40.2,736.84,-4.8799999999999955,TO,Norte,0.4154488121878957,0,Moderado
1702109,17,49.19,50.51,744.02,1.3200000000000003,TO,Norte,0.4152415571640084,0,Moderado
3549300,35,80.0,100.0,796.83,20.0,SP,Sudeste,0.41519158589048216,0,Moderado
3535002,35,65.16,72.03,764.09,6.8700000000000045,SP,Sudeste,0.4150267771946047,0,Moderado
2100832,21,46.05,39.08,725.07,-6.969999999999999,MA,Nordeste,0.4149939234466062,0,Moderado
4219200,42,75.34,83.76,771.28,8.420000000000002,SC,Sul,0.4149244881268769,0,Moderado
4213153,42,79.69,90.38,782.08,10.689999999999998,SC,Sul,0.41478611072651206,0,Moderado
3539301,35,56.92,56.4,746.03,-0.5200000000000031,SP,Sudeste,0.4145591073352103,0,Moderado
3528858,35,80.0,100.0,796.93,20.0,SP,Sudeste,0.41434945563204645,0,Moderado
3155702,31,77.9,76.96,764.82,-0.9400000000000119,MG,Sudeste,0.41391176355756976,0,Moderado
1720200,17,42.19,36.9,729.06,-5.289999999999999,TO,Norte,0.4137174741857878,0,Moderado
2609808,26,56.93,50.86,735.41,-6.07,PE,Nordeste,0.41341713682745124,0,Moderado
4118857,41,64.91,70.19,747.37,5.280000000000001,PR,Sul,0.41318199180752907,0,Moderado
5006606,50,65.01,71.07,755.7,6.059999999999988,MS,Centro-Oeste,0.4130023979812065,0,Moderado
2911006,29,30.23,41.03,733.12,10.8,BA,Nordeste,0.4126415999470318,0,Moderado
2409803,24,32.33,23.56,711.56,-8.77,RN,Nordeste,0.412279239646225,0,Moderado
2202455,22,70.01,77.36,780.11,7.349999999999994,PI,Nordeste,0.41210122159298945,0,Moderado
3533502,35,67.53,75.66,770.31,8.129999999999995,SP,Sudeste,0.4119793434417287,0,Moderado
4117297,41,80.0,97.3,781.83,17.299999999999997,PR,Sul,0.41189677737593416,0,Moderado
3136108,31,80.0,85.58,766.22,5.579999999999998,MG,Sudeste,0.4117987721217511,0,Moderado
1200344,12,49.47,42.51,732.08,-6.960000000000001,AC,Norte,0.4117814123782663,0,Moderado
2413300,24,42.13,42.09,733.22,-0.03999999999999915,RN,Nordeste,0.4116855560487995,0,Moderado
4217204,42,72.22,75.64,766.5,3.4200000000000017,SC,Sul,0.41128779079252126,0,Moderado
4215000,42,66.59,66.96,752.65,0.36999999999999034,SC,Sul,0.41109579134099816,0,Moderado
2512002,25,54.24,54.09,746.93,-0.14999999999999858,PB,Nordeste,0.4108824827069769,0,Moderado
3137700,31,74.49,69.27,758.62,-5.219999999999999,MG,Sudeste,0.4106921182943022,0,Moderado
1701051,17,52.78,59.12,751.11,6.339999999999996,TO,Norte,0.41066606284865487,0,Moderado
3149705,31,80.0,80.71,770.03,0.7099999999999937,MG,Sudeste,0.4103930372591872,0,Moderado
3541653,35,60.22,65.39,751.75,5.170000000000002,SP,Sudeste,0.4102943898285003,0,Moderado
3161700,31,80.0,82.95,768.38,2.950000000000003,MG,Sudeste,0.4101793117891034,0,Moderado
3515301,35,75.14,89.26,787.9,14.120000000000005,SP,Sudeste,0.4100060046177239,0,Moderado
4113759,41,64.81,70.4,747.27,5.590000000000003,PR,Sul,0.4096636015973085,0,Moderado
4127882,41,68.79,75.01,758.24,6.219999999999999,PR,Sul,0.4094840970548298,0,Moderado
3555356,35,66.93,74.44,769.36,7.509999999999991,SP,Sudeste,0.4093945625700717,0,Moderado
3500303,35,57.7,58.41,747.98,0.7099999999999937,SP,Sudeste,0.4092482061718508,0,Moderado
3501103,35,66.26,71.82,768.93,5.559999999999988,SP,Sudeste,0.4091103543618253,0,Moderado
3506409,35,66.49,74.74,767.59,8.25,SP,Sudeste,0.40900879605859264,0,Moderado
2604809,26,67.7,70.4,760.3,2.700000000000003,PE,Nordeste,0.40881999010818953,0,Moderado
3502200,35,58.57,59.71,750.22,1.1400000000000006,SP,Sudeste,0.4087003176785597,0,Moderado
3546009,35,53.24,49.71,738.46,-3.530000000000001,SP,Sudeste,0.40836206773027256,0,Moderado
3108800,31,74.63,63.3,763.9,-11.329999999999998,MG,Sudeste,0.40810696717488776,0,Moderado
5107776,51,52.52,40.74,731.04,-11.780000000000001,MT,Centro-Oeste,0.4079863818493342,0,Moderado
2700409,27,46.74,44.27,728.76,-2.469999999999999,AL,Nordeste,0.4079413921787314,0,Moderado
3520442,35,70.82,80.76,778.91,9.940000000000012,SP,Sudeste,0.407667770484354,0,Moderado
3157708,31,68.42,58.13,745.37,-10.29,MG,Sudeste,0.4075517441241311,0,Moderado
2507606,25,43.82,35.79,723.34,-8.030000000000001,PB,Nordeste,0.4074094024453937,0,Moderado
4213203,42,68.6,70.85,757.48,2.25,SC,Sul,0.40716330066222794,0,Moderado
5102504,51,58.07,51.27,743.35,-6.799999999999997,MT,Centro-Oeste,0.4070626414896083,0,Moderado
5005400,50,53.12,46.55,731.74,-6.57,MS,Centro-Oeste,0.4070513144053677,0,Moderado
3103306,31,80.0,86.96,765.77,6.959999999999994,MG,Sudeste,0.40691513205126045,0,Moderado
3554102,35,55.84,53.88,744.93,-1.9600000000000009,SP,Sudeste,0.4068196007267832,0,Moderado
3125507,31,80.0,83.33,768.51,3.3299999999999983,MG,Sudeste,0.4067070457899709,0,Moderado
4201257,42,68.93,70.88,758.82,1.9499999999999886,SC,Sul,0.40575101028619476,0,Moderado
5107859,51,48.72,33.38,723.14,-15.339999999999996,MT,Centro-Oeste,0.4051357112312414,0,Moderado
3548302,35,80.0,100.0,798.04,20.0,SP,Sudeste,0.40503644661307375,0,Moderado
1200203,12,49.2,42.18,732.17,-7.020000000000003,AC,Norte,0.404909796237371,0,Moderado
3517208,35,60.21,60.0,756.41,-0.21000000000000085,SP,Sudeste,0.40472745882574945,0,Moderado
2204550,22,65.23,75.0,765.54,9.769999999999996,PI,Nordeste,0.4040951598886472,0,Moderado
2404408,24,52.98,65.35,755.98,12.369999999999997,RN,Nordeste,0.4040575076546809,0,Moderado
2209658,22,47.77,36.86,730.93,-10.910000000000004,PI,Nordeste,0.40392860343249626,0,Moderado
3118205,31,72.28,65.5,754.29,-6.780000000000001,MG,Sudeste,0.40362168438568546,0,Moderado
2511806,25,48.55,41.49,736.64,-7.059999999999995,PB,Nordeste,0.4036146216016739,0,Moderado
2703601,27,38.6,27.69,712.32,-10.91,AL,Nordeste,0.40289664667919833,0,Moderado
1505205,15,34.05,31.03,715.37,-3.019999999999996,PA,Norte,0.40270104834874076,0,Moderado
3304102,33,49.15,52.38,733.14,3.230000000000004,RJ,Sudeste,0.4025994272166433,0,Moderado
3536257,35,77.71,90.72,797.04,13.010000000000005,SP,Sudeste,0.40217735745320066,0,Moderado
1200179,12,42.9,34.97,715.13,-7.93,AC,Norte,0.40193767465660896,0,Moderado
4107124,41,72.73,83.28,767.26,10.549999999999997,PR,Sul,0.40150829221675394,0,Moderado
3533908,35,67.26,74.72,771.31,7.459999999999994,SP,Sudeste,0.4013187877848543,0,Moderado
3530706,35,60.73,63.47,756.14,2.740000000000002,SP,Sudeste,0.40101779237605906,0,Moderado
4211256,42,74.09,81.82,769.87,7.72999999999999,SC,Sul,0.4010112094153169,0,Moderado
4220000,42,60.01,54.65,739.3,-5.359999999999999,SC,Sul,0.40068779982950575,0,Moderado
2106375,21,77.48,97.62,796.7,20.14,MA,Nordeste,0.4005396841630246,0,Moderado
3127388,31,76.51,80.51,758.77,4.0,MG,Sudeste,0.4002357666339541,0,Moderado
2414209,24,33.04,24.98,714.53,-8.059999999999999,RN,Nordeste,0.40003074318758264,0,Moderado
3521200,35,61.35,65.63,756.94,4.279999999999994,SP,Sudeste,0.3995777079099506,0,Moderado
2405801,24,38.1,35.88,724.8,-2.219999999999999,RN,Nordeste,0.39903619404339996,0,Moderado
5106372,51,64.33,65.1,756.62,0.769999999999996,MT,Centro-Oeste,0.3989635912075899,0,Moderado
2407609,24,32.5,26.32,711.72,-6.18,RN,Nordeste,0.3988188826595551,0,Moderado
3148806,31,80.0,85.51,767.83,5.510000000000005,MG,Sudeste,0.39877449492295564,0,Moderado
5212600,52,80.0,71.43,761.78,-8.569999999999993,GO,Centro-Oeste,0.3987626852329541,0,Moderado
3557105,35,59.57,61.66,753.61,2.0899999999999963,SP,Sudeste,0.39841883831143715,0,Moderado
3301207,33,55.29,67.98,744.34,12.690000000000005,RJ,Sudeste,0.3971187966076776,0,Moderado
4201703,42,80.0,94.83,781.99,14.829999999999998,SC,Sul,0.39707574781520805,0,Moderado
5007901,50,49.77,39.84,725.84,-9.93,MS,Centro-Oeste,0.3970517015881186,0,Moderado
2207934,22,50.99,47.35,735.61,-3.6400000000000006,PI,Nordeste,0.39661144716570024,0,Moderado
1301506,13,27.7,19.3,709.73,-8.399999999999999,AM,Norte,0.39656253980946615,0,Moderado
4107538,41,80.0,96.25,784.47,16.25,PR,Sul,0.396403617299908,0,Moderado
3502507,35,55.2,53.75,743.98,-1.4500000000000028,SP,Sudeste,0.39625031086960927,0,Moderado
2103604,21,53.76,55.72,742.84,1.9600000000000009,MA,Nordeste,0.3955379166499159,0,Moderado
4103024,41,76.51,93.1,774.31,16.58999999999999,PR,Sul,0.3955059671151122,0,Moderado
2110302,21,61.62,72.56,758.68,10.940000000000005,MA,Nordeste,0.39550407085543643,0,Moderado
3170305,31,68.95,52.43,753.01,-16.520000000000003,MG,Sudeste,0.395386241092396,0,Moderado
3163805,31,76.42,78.02,760.9,1.5999999999999943,MG,Sudeste,0.39530670961975645,0,Moderado
3104106,31,80.0,82.63,770.42,2.6299999999999955,MG,Sudeste,0.39515489964562395,0,Moderado
5204557,52,74.49,60.87,750.19,-13.619999999999997,GO,Centro-Oeste,0.39508708761258915,0,Moderado
2504405,25,78.47,96.17,805.02,17.700000000000003,PB,Nordeste,0.39487542174359425,0,Moderado
3143807,31,78.54,82.36,765.4,3.819999999999993,MG,Sudeste,0.3946635263288908,0,Moderado
3518206,35,65.3,71.91,767.14,6.609999999999999,SP,Sudeste,0.39451939302820943,0,Moderado
3515707,35,61.63,65.07,758.99,3.4399999999999906,SP,Sudeste,0.3944426022700441,0,Moderado
3138625,31,69.94,59.7,751.28,-10.239999999999995,MG,Sudeste,0.39433620875888353,0,Moderado
4219309,42,64.7,64.11,749.97,-0.5900000000000034,SC,Sul,0.3942006731154027,0,Moderado
2803609,28,31.57,27.35,711.35,-4.219999999999999,SE,Nordeste,0.3941373401363274,0,Moderado
2105609,21,62.87,75.31,761.33,12.440000000000005,MA,Nordeste,0.3939678779239348,0,Moderado
3556107,35,71.2,85.95,778.05,14.75,SP,Sudeste,0.3939426014399555,0,Moderado
3555109,35,80.0,93.46,804.27,13.459999999999994,SP,Sudeste,0.39389916750397475,0,Moderado
5107198,51,59.06,52.72,747.44,-6.340000000000003,MT,Centro-Oeste,0.39379113365878854,0,Moderado
4119251,41,80.0,97.14,784.17,17.14,PR,Sul,0.3933720000530931,0,Moderado
5106273,51,68.47,69.12,769.31,0.6500000000000057,MT,Centro-Oeste,0.3929782038121299,0,Moderado
4211801,42,74.86,82.18,773.36,7.320000000000007,SC,Sul,0.39292260855342115,0,Moderado
2602209,26,67.12,69.15,761.05,2.030000000000001,PE,Nordeste,0.39288155779955297,0,Moderado
4200804,42,78.25,91.81,778.44,13.560000000000002,SC,Sul,0.3927536488444791,0,Moderado
3502606,35,71.2,86.16,778.07,14.959999999999994,SP,Sudeste,0.39247683817714196,0,Moderado
3124302,31,69.31,62.4,747.22,-6.910000000000004,MG,Sudeste,0.3923624521718782,0,Moderado
3537503,35,60.73,66.7,754.79,5.970000000000006,SP,Sudeste,0.39216814792756655,0,Moderado
1711902,17,41.33,35.66,729.46,-5.670000000000002,TO,Norte,0.3921594476217223,0,Moderado
2606606,26,60.3,61.76,742.0,1.4600000000000009,PE,Nordeste,0.3921179821330408,0,Moderado
2514909,25,50.89,49.02,740.91,-1.8699999999999974,PB,Nordeste,0.3916673336109402,0,Moderado
3160405,31,80.0,81.35,771.82,1.3499999999999943,MG,Sudeste,0.39149090587595703,0,Moderado
3104700,31,71.21,66.4,751.21,-4.809999999999988,MG,Sudeste,0.39146067376355453,0,Moderado
1702208,17,48.97,50.5,746.09,1.5300000000000011,TO,Norte,0.39138290316009916,0,Moderado
3115201,31,72.3,70.43,752.17,-1.8699999999999903,MG,Sudeste,0.3912003496282946,0,Moderado
4212254,42,63.74,59.86,750.06,-3.8800000000000026,SC,Sul,0.3910262663623512,0,Moderado
4120200,41,66.77,71.94,755.46,5.170000000000002,PR,Sul,0.39091063317087693,0,Moderado
2403756,24,47.13,58.82,741.3,11.689999999999998,RN,Nordeste,0.3907917685139374,0,Moderado
4128302,41,66.65,73.33,754.01,6.679999999999993,PR,Sul,0.39071440788115835,0,Moderado
3502309,35,51.59,45.69,737.62,-5.900000000000006,SP,Sudeste,0.3907054826045322,0,Moderado
3163409,31,80.0,86.0,768.44,6.0,MG,Sudeste,0.3906806041580132,0,Moderado
2507804,25,63.99,76.21,768.08,12.219999999999992,PB,Nordeste,0.3906669483443787,0,Moderado
4107553,41,77.17,96.3,774.92,19.129999999999995,PR,Sul,0.3904071956568555,0,Moderado
3517505,35,64.05,70.54,764.17,6.490000000000009,SP,Sudeste,0.3901615585039029,0,Moderado
3107307,31,72.34,68.42,753.97,-3.9200000000000017,MG,Sudeste,0.3899461293646312,0,Moderado
2414407,24,40.12,38.35,731.36,-1.769999999999996,RN,Nordeste,0.3899158756701381,0,Moderado
2410702,24,40.4,37.5,733.04,-2.8999999999999986,RN,Nordeste,0.38965689319437996,0,Moderado
3138674,31,80.0,87.7,767.3,7.700000000000003,MG,Sudeste,0.3895946688562911,0,Moderado
3158953,31,72.98,69.95,755.2,-3.030000000000001,MG,Sudeste,0.3894564793337482,0,Moderado
2409100,24,40.01,41.07,729.0,1.0600000000000023,RN,Nordeste,0.3893186196819075,0,Moderado
5105259,51,69.12,73.53,768.81,4.409999999999997,MT,Centro-Oeste,0.38928229712990076,0,Moderado
5221809,52,78.66,66.86,761.51,-11.799999999999997,GO,Centro-Oeste,0.38916352102393065,0,Moderado
2705101,27,49.04,48.77,735.98,-0.269999999999996,AL,Nordeste,0.3890987651532905,0,Moderado
3153301,31,77.02,79.86,762.45,2.8400000000000034,MG,Sudeste,0.3890554634001044,0,Moderado
3533809,35,64.6,70.0,766.71,5.400000000000006,SP,Sudeste,0.38895215758933027,0,Moderado
4205456,42,65.64,63.94,754.18,-1.7000000000000028,SC,Sul,0.388559711239488,0,Moderado
4201505,42,73.47,79.08,771.18,5.609999999999999,SC,Sul,0.388551112537184,0,Moderado
3103108,31,78.99,86.67,764.62,7.680000000000007,MG,Sudeste,0.3879208350881754,0,Moderado
3540101,35,80.0,91.45,806.5,11.450000000000003,SP,Sudeste,0.3878975081383246,0,Moderado
3153400,31,78.15,78.27,767.92,0.11999999999999034,MG,Sudeste,0.387463484123131,0,Moderado
3512001,35,55.43,57.89,742.86,2.460000000000001,SP,Sudeste,0.3867901713999185,0,Moderado
3152600,31,78.89,79.55,769.8,0.6599999999999966,MG,Sudeste,0.386141768580677,0,Moderado
5103056,51,65.43,66.28,761.28,0.8499999999999943,MT,Centro-Oeste,0.38602978162938983,0,Moderado
2202133,22,80.0,95.8,805.73,15.799999999999997,PI,Nordeste,0.3848666226229152,0,Moderado
5106224,51,69.28,74.86,768.98,5.579999999999998,MT,Centro-Oeste,0.3844596340888985,0,Moderado
2600807,26,65.45,68.08,756.87,2.6299999999999955,PE,Nordeste,0.38414093100356156,0,Moderado
5217302,52,75.09,64.06,751.35,-11.030000000000001,GO,Centro-Oeste,0.3837397444291464,0,Moderado
3170578,31,80.0,83.44,771.21,3.4399999999999977,MG,Sudeste,0.3836412121288922,0,Moderado
2608800,26,58.19,57.42,738.69,-0.769999999999996,PE,Nordeste,0.38325463458464654,0,Moderado
3162401,31,70.22,63.51,750.86,-6.710000000000001,MG,Sudeste,0.3826584663841284,0,Moderado
5107602,51,61.65,60.49,752.43,-1.1599999999999966,MT,Centro-Oeste,0.38198775743436386,0,Moderado
5108303,51,66.75,68.93,764.59,2.180000000000007,MT,Centro-Oeste,0.38178478258801934,0,Moderado
1200393,12,47.15,39.79,729.37,-7.359999999999999,AC,Norte,0.3815078744616712,0,Moderado
2102374,21,53.5,56.05,743.39,2.549999999999997,MA,Nordeste,0.38122175203170816,0,Moderado
3537404,35,70.56,83.47,779.14,12.909999999999997,SP,Sudeste,0.3811790139223122,0,Moderado
2206050,22,56.95,60.66,749.09,3.7099999999999937,PI,Nordeste,0.3811409527178018,0,Moderado
3548054,35,59.88,62.22,756.44,2.3399999999999963,SP,Sudeste,0.38086746191639254,0,Moderado
4216255,42,80.0,92.42,785.76,12.420000000000002,SC,Sul,0.38085530625792885,0,Moderado
2610400,26,58.85,58.91,740.3,0.05999999999999517,PE,Nordeste,0.3804942370123095,0,Moderado
2408409,24,39.64,30.77,736.49,-8.870000000000001,RN,Nordeste,0.3800863813343727,0,Moderado
2702355,27,56.78,67.43,751.17,10.650000000000006,AL,Nordeste,0.37966253384862153,0,Moderado
2200707,22,57.38,57.02,753.57,-0.35999999999999943,PI,Nordeste,0.37948977219579294,0,Moderado
3201605,32,75.62,68.12,758.09,-7.5,ES,Sudeste,0.379132810133658,0,Moderado
3508405,35,59.16,64.6,752.27,5.439999999999998,SP,Sudeste,0.37911325564380743,0,Moderado
2113009,21,60.49,73.1,756.3,12.609999999999992,MA,Nordeste,0.37813159063268736,0,Moderado
3526308,35,58.9,65.02,751.15,6.119999999999997,SP,Sudeste,0.3780143551221206,0,Moderado
3541208,35,69.3,79.72,777.83,10.420000000000002,SP,Sudeste,0.37756148200467887,0,Moderado
4211603,42,72.84,79.48,769.95,6.640000000000001,SC,Sul,0.3774993672691486,0,Moderado
3534302,35,56.24,57.15,747.56,0.9099999999999966,SP,Sudeste,0.37682902292597203,0,Moderado
3533106,35,70.92,83.33,781.12,12.409999999999997,SP,Sudeste,0.3765005494908063,0,Moderado
2610806,26,57.72,54.87,739.78,-2.8500000000000014,PE,Nordeste,0.37604172220040527,0,Moderado
3171105,31,77.6,77.09,768.21,-0.5099999999999909,MG,Sudeste,0.37602615383488874,0,Moderado
5218391,52,80.0,77.25,760.21,-2.75,GO,Centro-Oeste,0.3758543965539352,0,Moderado
2606507,26,70.7,82.26,766.27,11.560000000000002,PE,Nordeste,0.3758403130953071,0,Moderado
5203906,52,72.48,64.95,742.28,-7.530000000000001,GO,Centro-Oeste,0.3752698457004908,0,Moderado
5102678,51,63.98,65.32,758.12,1.3399999999999963,MT,Centro-Oeste,0.374851913257269,0,Moderado
2205276,22,75.72,95.24,791.9,19.519999999999996,PI,Nordeste,0.3747899568245102,0,Moderado
3152808,31,63.42,50.5,737.0,-12.920000000000002,MG,Sudeste,0.37444531670077785,0,Moderado
3147006,31,70.27,63.56,752.01,-6.709999999999994,MG,Sudeste,0.3744437782078846,0,Moderado
5003108,50,56.75,58.66,739.78,1.9099999999999966,MS,Centro-Oeste,0.37430187598047215,0,Moderado
3116506,31,73.16,68.63,758.7,-4.530000000000001,MG,Sudeste,0.37421386055151984,0,Moderado
5106828,51,55.54,49.8,739.29,-5.740000000000002,MT,Centro-Oeste,0.37411022095084545,0,Moderado
4205001,42,66.27,66.23,756.53,-0.03999999999999204,SC,Sul,0.373960708312352,0,Moderado
2511202,25,50.63,48.58,742.46,-2.0500000000000043,PB,Nordeste,0.37395318935258925,0,Moderado
2516409,25,63.79,77.72,768.29,13.93,PB,Nordeste,0.3737697337476829,0,Moderado
2508505,25,55.44,55.32,754.85,-0.11999999999999744,PB,Nordeste,0.37369136777227696,0,Moderado
3519303,35,61.69,68.78,758.99,7.090000000000003,SP,Sudeste,0.37345589540717955,0,Moderado
1710904,17,48.92,53.53,745.86,4.609999999999999,TO,Norte,0.3732204212026558,0,Moderado
3536505,35,58.73,61.39,753.84,2.6600000000000037,SP,Sudeste,0.37321552807609576,0,Moderado
4201000,42,70.5,77.33,763.66,6.829999999999998,SC,Sul,0.37289384905945194,0,Moderado
5002407,50,61.77,66.23,752.45,4.460000000000001,MS,Centro-Oeste,0.372893795866615,0,Moderado
4212106,42,65.31,64.41,754.62,-0.9000000000000057,SC,Sul,0.37232736980751413,0,Moderado
3524808,35,63.39,70.53,763.97,7.140000000000001,SP,Sudeste,0.37232349080675764,0,Moderado
3550209,35,64.5,73.78,765.62,9.280000000000001,SP,Sudeste,0.3717906632846257,0,Moderado
1500347,15,42.87,51.4,735.82,8.530000000000001,PA,Norte,0.37158391972559535,0,Moderado
2706802,27,46.24,42.39,732.77,-3.8500000000000014,AL,Nordeste,0.3715520182874604,0,Moderado
2104008,21,66.08,81.48,771.09,15.400000000000006,MA,Nordeste,0.37132427996801654,0,Moderado
3203320,32,75.34,69.4,757.14,-5.939999999999998,ES,Sudeste,0.37083735258658795,0,Moderado
3535309,35,57.31,60.32,749.82,3.009999999999998,SP,Sudeste,0.3706529361226737,0,Moderado
2612109,26,80.0,92.16,793.19,12.159999999999997,PE,Nordeste,0.37028806683963095,0,Moderado
3504008,35,55.12,54.85,746.04,-0.269999999999996,SP,Sudeste,0.37024498390901583,0,Moderado
2202026,22,80.0,98.33,805.65,18.33,PI,Nordeste,0.3700926267540092,0,Moderado
4204459,42,75.61,90.43,772.71,14.820000000000007,SC,Sul,0.3699441755181699,0,Moderado
3144508,31,80.0,85.36,771.49,5.359999999999999,MG,Sudeste,0.36966390328126114,0,Moderado
2702801,27,48.62,49.34,736.44,0.720000000000006,AL,Nordeste,0.3694539014889418,0,Moderado
2704500,27,46.77,45.6,732.55,-1.1700000000000017,AL,Nordeste,0.36941720390348903,0,Moderado
3162906,31,72.16,69.83,754.79,-2.3299999999999983,MG,Sudeste,0.36931296844871725,0,Moderado
5102603,51,51.76,44.13,730.46,-7.6299999999999955,MT,Centro-Oeste,0.3692304859820968,0,Moderado
1718659,17,32.99,19.61,714.13,-13.380000000000003,TO,Norte,0.3689942245149765,0,Moderado
5104559,51,65.17,67.42,761.59,2.25,MT,Centro-Oeste,0.36888615670686464,0,Moderado
3537107,35,80.0,94.25,806.75,14.25,SP,Sudeste,0.3687714404808196,0,Moderado
3108602,31,76.55,76.32,765.91,-0.23000000000000398,MG,Sudeste,0.36854963612941233,0,Moderado
2502904,25,56.63,64.03,753.29,7.399999999999999,PB,Nordeste,0.3684263332692863,0,Moderado
3205176,32,80.0,76.41,769.09,-3.5900000000000034,ES,Sudeste,0.36811537707990755,0,Moderado
3532801,35,64.94,73.75,767.7,8.810000000000002,SP,Sudeste,0.36802286995962696,0,Moderado
3132305,31,64.83,55.18,739.4,-9.649999999999999,MG,Sudeste,0.3679659107308658,0,Moderado
2604908,26,77.49,95.06,782.24,17.570000000000007,PE,Nordeste,0.3678766626612163,0,Moderado
2406106,24,42.7,43.69,739.42,0.9899999999999949,RN,Nordeste,0.3677021707674517,0,Moderado
5107792,51,67.14,75.82,762.58,8.679999999999993,MT,Centro-Oeste,0.36770009685742444,0,Moderado
5208400,52,76.1,68.02,754.07,-8.079999999999998,GO,Centro-Oeste,0.36723874449969285,0,Moderado
2703403,27,51.3,54.66,742.45,3.3599999999999994,AL,Nordeste,0.36707355601961117,0,Moderado
5204805,52,79.93,77.6,760.8,-2.3300000000000125,GO,Centro-Oeste,0.3669049063753821,0,Moderado
4102703,41,68.46,72.41,764.2,3.950000000000003,PR,Sul,0.36660373444046224,0,Moderado
2201309,22,51.45,50.77,738.39,-0.6799999999999997,PI,Nordeste,0.36654407689457613,0,Moderado
5105507,51,57.53,52.38,745.53,-5.149999999999999,MT,Centro-Oeste,0.366253213285493,0,Moderado
3511102,35,62.74,70.27,762.63,7.529999999999994,SP,Sudeste,0.36572572075345017,0,Moderado
5215009,52,80.0,76.22,762.24,-3.780000000000001,GO,Centro-Oeste,0.36566002230764283,0,Moderado
5218052,52,80.0,75.38,762.88,-4.6200000000000045,GO,Centro-Oeste,0.36556585938211666,0,Moderado
4103107,41,59.18,57.37,742.03,-1.8100000000000023,PR,Sul,0.36540578436178883,0,Moderado
2210201,22,80.0,97.06,807.2,17.060000000000002,PI,Nordeste,0.3652525964768661,0,Moderado
3151404,31,80.0,85.71,771.84,5.709999999999994,MG,Sudeste,0.3647320348005695,0,Moderado
3541505,35,66.54,76.57,771.85,10.029999999999987,SP,Sudeste,0.3642254551774957,0,Moderado
2503605,25,62.39,72.22,768.6,9.829999999999998,PB,Nordeste,0.36359298198796464,0,Moderado
2804904,28,32.27,28.56,716.73,-3.7100000000000044,SE,Nordeste,0.3635113237657099,0,Moderado
5215652,52,79.68,74.42,762.71,-5.260000000000005,GO,Centro-Oeste,0.36340032327740013,0,Moderado
3502705,35,72.08,88.38,783.16,16.299999999999997,SP,Sudeste,0.36339151644199397,0,Moderado
4205506,42,70.84,77.72,765.79,6.8799999999999955,SC,Sul,0.36327662252859194,0,Moderado
3554805,35,54.74,54.73,745.65,-0.010000000000005116,SP,Sudeste,0.3630363058544631,0,Moderado
4219606,42,74.19,80.95,775.59,6.760000000000005,SC,Sul,0.36248994421998937,0,Moderado
4204400,42,76.02,86.74,777.89,10.719999999999999,SC,Sul,0.3624005461828535,0,Moderado
5105622,51,60.92,60.12,752.51,-0.8000000000000043,MT,Centro-Oeste,0.36218219372091537,0,Moderado
3520426,35,61.15,67.6,759.35,6.449999999999996,SP,Sudeste,0.36191649746466126,0,Moderado
2211209,22,42.89,31.55,722.39,-11.34,PI,Nordeste,0.3618218312898123,0,Moderado
3124401,31,70.8,66.53,753.27,-4.269999999999996,MG,Sudeste,0.3618205563428766,0,Moderado
5107875,51,72.97,84.38,778.08,11.409999999999997,MT,Centro-Oeste,0.3611597479001525,0,Moderado
2300903,23,80.0,74.45,768.19,-5.549999999999997,CE,Nordeste,0.3611303135630263,0,Moderado
3507753,35,80.0,100.0,803.41,20.0,SP,Sudeste,0.36104625436439297,0,Moderado
3157005,31,75.15,77.08,761.32,1.9299999999999926,MG,Sudeste,0.36017220098429975,0,Moderado
2400901,24,40.62,37.67,737.34,-2.9499999999999957,RN,Nordeste,0.3601442153063217,0,Moderado
3144904,31,80.0,89.37,769.68,9.370000000000005,MG,Sudeste,0.36010181628722876,0,Moderado
5220686,52,80.0,77.79,761.77,-2.2099999999999937,GO,Centro-Oeste,0.3600110502510843,0,Moderado
3136900,31,78.94,82.69,770.87,3.75,MG,Sudeste,0.3598792161411464,0,Moderado
3109253,31,80.0,85.0,773.01,5.0,MG,Sudeste,0.3596114768890085,0,Moderado
5207105,52,80.0,77.27,762.23,-2.730000000000004,GO,Centro-Oeste,0.359443283932239,0,Moderado
2701357,27,53.57,62.12,746.06,8.549999999999997,AL,Nordeste,0.359221402959098,0,Moderado
3515004,35,46.94,40.5,728.57,-6.439999999999998,SP,Sudeste,0.3591057631205276,0,Moderado
4209003,42,65.94,70.42,754.06,4.480000000000004,SC,Sul,0.3589987466692518,0,Moderado
5203401,52,79.39,73.26,763.09,-6.1299999999999955,GO,Centro-Oeste,0.3589069598865082,0,Moderado
3508009,35,59.01,63.24,755.25,4.230000000000004,SP,Sudeste,0.3588791197641238,0,Moderado
3544251,35,66.19,78.64,769.78,12.450000000000003,SP,Sudeste,0.3582667279287278,0,Moderado
2104404,21,56.45,66.96,748.78,10.509999999999991,MA,Nordeste,0.35795238693337794,0,Moderado
5106232,51,60.28,57.29,752.87,-2.990000000000002,MT,Centro-Oeste,0.3577198941624924,0,Moderado
5215306,52,80.0,77.75,762.1,-2.25,GO,Centro-Oeste,0.3576158832996254,0,Moderado
3141603,31,80.0,84.85,773.39,4.849999999999994,MG,Sudeste,0.3574746462183648,0,Moderado
3130606,31,80.0,86.18,772.41,6.180000000000007,MG,Sudeste,0.35735667827671347,0,Moderado
4218806,42,66.0,69.98,754.9,3.980000000000004,SC,Sul,0.3566561235718099,0,Moderado
3112703,31,67.74,63.8,744.9,-3.9399999999999977,MG,Sudeste,0.35657494330775,0,Moderado
2603603,26,63.9,66.81,755.66,2.9100000000000037,PE,Nordeste,0.3562698237115901,0,Moderado
5206602,52,77.33,72.73,756.39,-4.599999999999994,GO,Centro-Oeste,0.3560767505520249,0,Moderado
5108600,51,58.32,55.24,747.53,-3.0799999999999983,MT,Centro-Oeste,0.355995887374393,0,Moderado
2700706,27,47.38,45.96,736.21,-1.4200000000000017,AL,Nordeste,0.3556064444767787,0,Moderado
4214706,42,66.99,68.59,759.67,1.6000000000000085,SC,Sul,0.3554692118726255,0,Moderado
2608701,26,73.76,86.35,776.87,12.58999999999999,PE,Nordeste,0.3550052880437704,0,Moderado
3114501,31,77.84,81.68,768.27,3.8400000000000034,MG,Sudeste,0.3549109492806083,0,Moderado
1712504,17,39.62,36.72,727.13,-2.8999999999999986,TO,Norte,0.3544553056240504,0,Moderado
3113909,31,76.06,78.88,764.02,2.819999999999993,MG,Sudeste,0.35416127510279377,0,Moderado
5002704,50,53.84,51.76,736.93,-2.0800000000000054,MS,Centro-Oeste,0.3540994104047033,0,Moderado
4204806,42,58.78,53.48,741.45,-5.300000000000004,SC,Sul,0.35407180172726077,0,Moderado
2111052,21,47.64,43.97,734.61,-3.6700000000000017,MA,Nordeste,0.35395744091483045,0,Moderado
1716208,17,54.33,68.45,756.69,14.120000000000005,TO,Norte,0.35379620352511515,0,Moderado
2404200,24,38.09,35.33,730.78,-2.760000000000005,RN,Nordeste,0.35344485551113447,0,Moderado
3170057,31,72.11,70.42,756.15,-1.6899999999999977,MG,Sudeste,0.35344434889032356,0,Moderado
5106182,51,63.28,67.64,756.52,4.359999999999999,MT,Centro-Oeste,0.3534295188887866,0,Moderado
3553302,35,58.21,59.74,755.71,1.5300000000000011,SP,Sudeste,0.3530261721406979,0,Moderado
3202603,32,77.43,75.87,762.17,-1.5600000000000023,ES,Sudeste,0.35234604084932963,0,Moderado
1707108,17,51.98,60.78,754.19,8.800000000000004,TO,Norte,0.3517078724770133,0,Moderado
3529104,35,80.0,100.0,804.6,20.0,SP,Sudeste,0.351577803902452,0,Moderado
3128808,31,67.71,58.58,749.33,-9.129999999999995,MG,Sudeste,0.3515438459404435,0,Moderado
4110003,41,60.4,58.96,747.03,-1.4399999999999977,PR,Sul,0.35123854269555255,0,Moderado
3542008,35,60.94,64.71,762.13,3.769999999999996,SP,Sudeste,0.35095081514806237,0,Moderado
3133105,31,80.0,84.24,774.67,4.239999999999995,MG,Sudeste,0.35093771253807166,0,Moderado
3165206,31,80.0,88.25,771.68,8.25,MG,Sudeste,0.35086362949455074,0,Moderado
2209856,22,80.0,96.34,809.55,16.340000000000003,PI,Nordeste,0.3508093744938612,0,Moderado
4116604,41,68.18,78.8,760.4,10.61999999999999,PR,Sul,0.35070601849767197,0,Moderado
3527108,35,76.0,92.23,796.06,16.230000000000004,SP,Sudeste,0.3506502207344957,0,Moderado
2613107,26,56.36,53.17,739.31,-3.1899999999999977,PE,Nordeste,0.3505467888266317,0,Moderado
2101350,21,80.0,100.0,810.22,20.0,MA,Nordeste,0.35028599574400016,0,Moderado
4120507,41,60.76,62.66,745.74,1.8999999999999986,PR,Sul,0.3498540860034499,0,Moderado
2614204,26,66.7,74.49,760.87,7.789999999999992,PE,Nordeste,0.3497245700961588,0,Moderado
3202454,32,80.0,82.36,766.97,2.3599999999999994,ES,Sudeste,0.34951741042718415,0,Moderado
3157252,31,72.21,70.45,757.03,-1.759999999999991,MG,Sudeste,0.3491693813390042,0,Moderado
2211605,22,80.0,100.0,807.05,20.0,PI,Nordeste,0.3489345082222923,0,Moderado
2305407,23,80.0,75.41,769.03,-4.590000000000003,CE,Nordeste,0.348755133808129,0,Moderado
2612000,26,71.61,81.01,773.88,9.400000000000006,PE,Nordeste,0.34873143243270116,0,Moderado
3550308,35,51.06,48.25,739.02,-2.8100000000000023,SP,Sudeste,0.34844942938047696,0,Moderado
2601607,26,60.84,62.62,748.72,1.779999999999994,PE,Nordeste,0.3483939767914805,0,Moderado
1200385,12,41.81,33.78,718.67,-8.030000000000001,AC,Norte,0.34839042748476323,0,Moderado
3544509,35,66.85,75.0,776.16,8.150000000000006,SP,Sudeste,0.34820141821850625,0,Moderado
3515905,35,80.0,96.19,807.88,16.189999999999998,SP,Sudeste,0.3481827570384809,0,Moderado
2607802,26,58.59,57.35,744.55,-1.240000000000002,PE,Nordeste,0.3481809508460723,0,Moderado
3503703,35,69.0,87.22,774.82,18.22,SP,Sudeste,0.34801959777047675,0,Moderado
5107040,51,59.19,58.79,749.04,-0.3999999999999986,MT,Centro-Oeste,0.3479384726792817,0,Moderado
2204907,22,42.95,34.44,722.2,-8.510000000000005,PI,Nordeste,0.3478873308953029,0,Moderado
4103479,41,63.64,64.76,754.85,1.1200000000000045,PR,Sul,0.3477816593359741,0,Moderado
1200427,12,46.4,38.92,731.52,-7.479999999999997,AC,Norte,0.3476718392959902,0,Moderado
2708709,27,48.46,50.67,737.6,2.210000000000001,AL,Nordeste,0.34764732908422463,0,Moderado
3536703,35,49.95,46.77,736.24,-3.1799999999999997,SP,Sudeste,0.347440529327176,0,Moderado
3119500,31,70.29,67.56,752.47,-2.730000000000004,MG,Sudeste,0.3474091436718732,0,Moderado
3506359,35,62.95,69.58,766.21,6.6299999999999955,SP,Sudeste,0.347387993045874,0,Moderado
4201109,42,61.39,56.94,749.15,-4.450000000000003,SC,Sul,0.34738125331338626,0,Moderado
1100601,11,62.92,78.84,754.88,15.920000000000002,RO,Norte,0.3468023395330812,0,Moderado
3501806,35,66.48,78.38,772.48,11.899999999999991,SP,Sudeste,0.3467340366420997,0,Moderado
3203007,32,74.43,67.97,757.97,-6.460000000000008,ES,Sudeste,0.34648764618287525,0,Moderado
3204401,32,78.61,77.38,766.07,-1.230000000000004,ES,Sudeste,0.34634456761951327,0,Moderado
3164308,31,73.91,77.02,758.64,3.1099999999999994,MG,Sudeste,0.34622013188058437,0,Moderado
2408508,24,53.15,73.61,757.56,20.46,RN,Nordeste,0.3460579770974777,0,Moderado
3121258,31,60.45,47.77,731.91,-12.68,MG,Sudeste,0.3455896850269495,0,Moderado
5106216,51,64.21,68.51,760.27,4.300000000000011,MT,Centro-Oeste,0.3452547710625251,0,Moderado
3551108,35,53.71,53.32,745.26,-0.39000000000000057,SP,Sudeste,0.3449413287042675,0,Moderado
2609105,26,80.0,96.75,792.94,16.75,PE,Nordeste,0.34492633092708813,0,Moderado
3154457,31,72.85,72.81,758.15,-0.03999999999999204,MG,Sudeste,0.34468772128304825,0,Moderado
3532405,35,57.58,62.5,752.43,4.920000000000002,SP,Sudeste,0.3446471288517242,0,Moderado
3140407,31,77.76,84.57,767.13,6.809999999999988,MG,Sudeste,0.34456751077134123,0,Moderado
5107941,51,60.75,62.36,752.55,1.6099999999999994,MT,Centro-Oeste,0.34372128666751994,0,Moderado
3151107,31,68.27,66.15,746.77,-2.1199999999999903,MG,Sudeste,0.3430781492659735,0,Moderado
2512200,25,58.02,63.28,762.07,5.259999999999998,PB,Nordeste,0.3430616076368972,0,Moderado
3102050,31,80.0,87.17,773.5,7.170000000000002,MG,Sudeste,0.3429081200145786,0,Moderado
5222203,52,80.0,78.69,763.26,-1.3100000000000023,GO,Centro-Oeste,0.34290754635418647,0,Moderado
2603926,26,80.0,100.0,790.77,20.0,PE,Nordeste,0.3428838936742376,0,Moderado
2208858,22,80.0,92.42,813.5,12.420000000000002,PI,Nordeste,0.3428094682458874,0,Moderado
3139102,31,72.76,71.05,759.42,-1.710000000000008,MG,Sudeste,0.34250370520046286,0,Moderado
4201273,42,79.57,96.31,786.18,16.74000000000001,SC,Sul,0.3417741945639501,0,Moderado
5107750,51,80.0,97.49,796.16,17.489999999999995,MT,Centro-Oeste,0.3417383019291936,0,Moderado
1503408,15,37.4,45.41,724.27,8.009999999999998,PA,Norte,0.3416970575768765,0,Moderado
2500775,25,54.49,62.41,750.23,7.919999999999995,PB,Nordeste,0.34088931316221993,0,Moderado
4121000,41,56.48,50.32,740.71,-6.159999999999997,PR,Sul,0.34027385331376986,0,Moderado
3140530,31,77.58,83.69,767.69,6.109999999999999,MG,Sudeste,0.340248518256878,0,Moderado
2707206,27,47.56,48.87,736.65,1.3099999999999952,AL,Nordeste,0.34013908943838717,0,Moderado
2512747,25,61.42,70.37,769.49,8.950000000000003,PB,Nordeste,0.3397510662414498,0,Moderado
4113254,41,52.96,46.64,730.8,-6.32,PR,Sul,0.3397267723741875,0,Moderado
5216908,52,80.0,80.87,762.04,0.8700000000000045,GO,Centro-Oeste,0.3397051746693772,0,Moderado
5106109,51,72.16,82.05,779.74,9.89,MT,Centro-Oeste,0.3386954195685851,0,Moderado
2202737,22,78.68,94.47,807.72,15.789999999999992,PI,Nordeste,0.33869335362928016,0,Moderado
3139508,31,72.2,68.84,759.54,-3.3599999999999994,MG,Sudeste,0.3386651567396555,0,Moderado
2900306,29,35.26,59.14,746.9,23.880000000000003,BA,Nordeste,0.3385334123745038,0,Moderado
3162450,31,53.33,33.42,717.8,-19.909999999999997,MG,Sudeste,0.33847257400630043,0,Moderado
5105176,51,66.31,73.66,764.92,7.349999999999994,MT,Centro-Oeste,0.33818607632637254,0,Moderado
1713700,17,44.22,44.77,739.86,0.5500000000000043,TO,Norte,0.33787586939269515,0,Moderado
2413706,24,43.71,48.74,743.12,5.030000000000001,RN,Nordeste,0.3374344981604358,0,Moderado
4210902,42,80.0,94.86,789.38,14.86,SC,Sul,0.337416993275203,0,Moderado
4202206,42,67.43,71.71,761.28,4.279999999999987,SC,Sul,0.3370015352202513,0,Moderado
3145406,31,80.0,89.13,772.85,9.129999999999995,MG,Sudeste,0.33655775665895465,0,Moderado
2613701,26,55.62,53.32,738.31,-2.299999999999997,PE,Nordeste,0.3365510136820692,0,Moderado
2207702,22,45.63,38.42,730.39,-7.210000000000001,PI,Nordeste,0.33638872308395673,0,Moderado
2705606,27,42.53,39.85,725.72,-2.6799999999999997,AL,Nordeste,0.3361158368980562,0,Moderado
4216354,42,63.23,64.01,751.99,0.7800000000000082,SC,Sul,0.33589267536066425,0,Moderado
4206702,42,61.96,59.83,750.54,-2.1300000000000026,SC,Sul,0.3357579420456534,0,Moderado
2203750,22,50.13,52.0,736.63,1.8699999999999974,PI,Nordeste,0.3354620337532916,0,Moderado
5203203,52,80.0,77.88,764.89,-2.1200000000000045,GO,Centro-Oeste,0.33494694446167766,0,Moderado
3529658,35,48.68,56.25,726.16,7.57,SP,Sudeste,0.33492743597492564,0,Moderado
5208301,52,79.94,80.42,762.79,0.480000000000004,GO,Centro-Oeste,0.33481642630508157,0,Moderado
4209300,42,58.78,55.85,742.15,-2.9299999999999997,SC,Sul,0.33470642101414844,0,Moderado
2105476,21,57.76,69.39,754.7,11.630000000000003,MA,Nordeste,0.3344100954702354,0,Moderado
5103502,51,61.22,65.08,753.42,3.8599999999999994,MT,Centro-Oeste,0.33435839415022134,0,Moderado
3204609,32,80.0,82.16,769.09,2.1599999999999966,ES,Sudeste,0.3341396442838582,0,Moderado
3159209,31,80.0,92.49,770.65,12.489999999999995,MG,Sudeste,0.3341359244474813,0,Moderado
3549607,35,51.08,52.78,737.61,1.7000000000000028,SP,Sudeste,0.3335913217342708,0,Moderado
3554508,35,58.64,62.5,757.7,3.8599999999999994,SP,Sudeste,0.3334857461359685,0,Moderado
5007505,50,51.7,48.97,733.92,-2.730000000000004,MS,Centro-Oeste,0.33341019674267136,0,Moderado
5219357,52,79.64,77.97,763.72,-1.6700000000000017,GO,Centro-Oeste,0.3334066477413255,0,Moderado
3546405,35,61.64,72.25,761.35,10.61,SP,Sudeste,0.33278504785261853,0,Moderado
3116704,31,77.83,83.5,769.7,5.670000000000002,MG,Sudeste,0.33278489184700477,0,Moderado
2505352,25,50.96,50.86,747.22,-0.10000000000000142,PB,Nordeste,0.3322144643348465,0,Moderado
5208152,52,80.0,79.76,763.91,-0.23999999999999488,GO,Centro-Oeste,0.3316613401596735,0,Moderado
3146404,31,79.25,82.34,775.87,3.0900000000000034,MG,Sudeste,0.3315087936062821,0,Moderado
3162203,31,80.0,84.26,777.15,4.260000000000005,MG,Sudeste,0.33148456131871556,0,Moderado
4207700,42,62.47,62.84,750.72,0.37000000000000455,SC,Sul,0.33123450621409234,0,Moderado
2414308,24,36.41,40.0,724.06,3.5900000000000034,RN,Nordeste,0.3311897174421102,0,Moderado
3202009,32,80.0,81.34,770.09,1.3400000000000034,ES,Sudeste,0.33116170637083847,0,Moderado
2205532,22,80.0,98.36,810.58,18.36,PI,Nordeste,0.33100661614637716,0,Moderado
4205431,42,70.07,76.76,767.87,6.690000000000012,SC,Sul,0.3306930092677505,0,Moderado
5107958,51,58.88,58.95,750.02,0.07000000000000028,MT,Centro-Oeste,0.33066738418238883,0,Moderado
3543709,35,65.79,74.83,774.78,9.039999999999992,SP,Sudeste,0.33010919292159896,0,Moderado
2307106,23,78.5,70.8,769.47,-7.700000000000003,CE,Nordeste,0.32995346233903455,0,Moderado
3160306,31,68.45,65.72,749.44,-2.730000000000004,MG,Sudeste,0.3299325017499229,0,Moderado
3521606,35,80.0,96.0,810.4,16.0,SP,Sudeste,0.32970196436208465,0,Moderado
5108956,51,78.0,92.37,794.35,14.370000000000005,MT,Centro-Oeste,0.32940207656926535,0,Moderado
3538105,35,57.37,63.37,753.06,6.0,SP,Sudeste,0.3288392360944961,0,Moderado
3537206,35,48.94,45.97,735.61,-2.969999999999999,SP,Sudeste,0.32861797137326326,0,Moderado
2614402,26,76.26,93.99,783.6,17.72999999999999,PE,Nordeste,0.3284701252730299,0,Moderado
2601052,26,56.79,53.49,743.51,-3.299999999999997,PE,Nordeste,0.328122432742105,0,Moderado
3122405,31,69.33,67.64,751.43,-1.6899999999999977,MG,Sudeste,0.32807211890319526,0,Moderado
3139706,31,73.17,76.79,758.49,3.6200000000000045,MG,Sudeste,0.3279679940201461,0,Moderado
3167608,31,70.23,68.54,754.05,-1.6899999999999977,MG,Sudeste,0.3277844197000688,0,Moderado
3523107,35,54.84,57.19,748.68,2.3499999999999943,SP,Sudeste,0.3276975811771707,0,Moderado
4207759,42,66.85,70.07,761.64,3.219999999999999,SC,Sul,0.3275241217468439,0,Moderado
3164605,31,74.14,76.46,762.31,2.319999999999993,MG,Sudeste,0.3274756701907251,0,Moderado
3555307,35,56.6,70.59,745.06,13.990000000000002,SP,Sudeste,0.32741910588987705,0,Moderado
3115706,31,73.98,72.79,764.5,-1.1899999999999977,MG,Sudeste,0.3272946091642095,0,Moderado
3547908,35,59.54,67.18,758.3,7.640000000000008,SP,Sudeste,0.3270019906994451,0,Moderado
3133907,31,77.49,76.97,774.11,-0.519999999999996,MG,Sudeste,0.3269900003410272,0,Moderado
2605152,26,69.76,83.37,768.29,13.61,PE,Nordeste,0.3264925510780473,0,Moderado
3201902,32,80.0,81.13,770.93,1.1299999999999955,ES,Sudeste,0.3259350275375865,0,Moderado
2706422,27,53.73,68.76,745.95,15.030000000000008,AL,Nordeste,0.3258192767610603,0,Moderado
3139805,31,63.05,49.4,742.66,-13.649999999999999,MG,Sudeste,0.32575554248461963,0,Moderado
1700301,17,40.59,40.89,731.27,0.29999999999999716,TO,Norte,0.3252776594872195,0,Moderado
3110202,31,69.29,69.57,750.24,0.2799999999999869,MG,Sudeste,0.32503341010852954,0,Moderado
3203700,32,80.0,82.24,770.28,2.239999999999995,ES,Sudeste,0.3245626239565759,0,Moderado
2101772,21,61.02,77.73,761.6,16.71,MA,Nordeste,0.3240995452097366,0,Moderado
5106422,51,49.67,41.77,730.48,-7.899999999999999,MT,Centro-Oeste,0.323604236177666,0,Moderado
5007109,50,48.34,42.87,727.62,-5.470000000000006,MS,Centro-Oeste,0.3235281745164024,0,Moderado
2516102,25,47.67,47.26,739.18,-0.4100000000000037,PB,Nordeste,0.32328568183621015,0,Moderado
3162658,31,75.95,86.4,761.99,10.450000000000003,MG,Sudeste,0.32315372890034966,0,Moderado
3204252,32,80.0,80.01,772.14,0.010000000000005116,ES,Sudeste,0.3231039350701286,0,Moderado
4108106,41,68.36,78.57,764.83,10.209999999999994,PR,Sul,0.3227700058608929,0,Moderado
3203908,32,80.0,83.24,769.79,3.239999999999995,ES,Sudeste,0.3226036875923307,0,Moderado
3118809,31,70.21,68.05,755.03,-2.1599999999999966,MG,Sudeste,0.3225632526255678,0,Moderado
2615409,26,59.92,63.95,747.74,4.030000000000001,PE,Nordeste,0.32255048021624527,0,Moderado
3531605,35,70.78,94.29,779.29,23.510000000000005,SP,Sudeste,0.3223665355937597,0,Moderado
5212253,52,80.0,76.19,767.83,-3.8100000000000023,GO,Centro-Oeste,0.3221217812890984,0,Moderado
5216452,52,78.32,77.78,760.57,-0.539999999999992,GO,Centro-Oeste,0.3220740249475749,0,Moderado
3515400,35,68.3,82.78,778.97,14.480000000000004,SP,Sudeste,0.3220508266324406,0,Moderado
3510807,35,56.27,61.98,751.07,5.709999999999994,SP,Sudeste,0.32161173143672384,0,Moderado
5007208,50,52.79,52.67,736.65,-0.11999999999999744,MS,Centro-Oeste,0.3215325008445302,0,Moderado
2615508,26,66.05,73.31,763.16,7.260000000000005,PE,Nordeste,0.32067990593650203,0,Moderado
2305266,23,73.33,60.53,759.68,-12.799999999999997,CE,Nordeste,0.3205913543208743,0,Moderado
1714880,17,40.82,40.7,732.87,-0.11999999999999744,TO,Norte,0.32053004186880724,0,Moderado
3104908,31,73.33,77.43,759.59,4.1000000000000085,MG,Sudeste,0.32036800883495103,0,Moderado
2204501,22,59.02,68.54,758.43,9.520000000000003,PI,Nordeste,0.3200696449061931,0,Moderado
4204194,42,61.44,65.91,746.17,4.469999999999999,SC,Sul,0.3200204163718201,0,Moderado
2611507,26,58.48,58.1,747.31,-0.37999999999999545,PE,Nordeste,0.3195012421608747,0,Moderado
3144672,31,59.77,48.0,732.68,-11.770000000000003,MG,Sudeste,0.31940634499631837,0,Moderado
3500204,35,68.85,85.8,779.07,16.950000000000003,SP,Sudeste,0.31925928980413004,0,Moderado
2201960,22,47.4,42.58,735.97,-4.82,PI,Nordeste,0.3188977928846569,0,Moderado
3135308,31,73.82,78.49,760.8,4.670000000000002,MG,Sudeste,0.31863020899510636,0,Moderado
3113503,31,69.51,70.78,750.98,1.269999999999996,MG,Sudeste,0.31860319530308484,0,Moderado
2802304,28,34.77,37.21,725.07,2.4399999999999977,SE,Nordeste,0.3185974846710544,0,Moderado
3115805,31,78.79,89.95,770.22,11.159999999999997,MG,Sudeste,0.31852542884962015,0,Moderado
3168408,31,73.13,77.47,759.1,4.340000000000003,MG,Sudeste,0.31838179238938336,0,Moderado
3201100,32,71.23,67.33,750.56,-3.9000000000000057,ES,Sudeste,0.318122401675714,0,Moderado
2602407,26,71.15,86.18,772.38,15.030000000000001,PE,Nordeste,0.31767707804508344,0,Moderado
3122801,31,80.0,84.85,778.54,4.849999999999994,MG,Sudeste,0.31755905173045623,0,Moderado
5201207,52,80.0,81.25,764.69,1.25,GO,Centro-Oeste,0.3172569892255206,0,Moderado
4202073,42,55.1,49.21,736.1,-5.890000000000001,SC,Sul,0.3172157312624327,0,Moderado
4112504,41,67.3,77.74,762.36,10.439999999999998,PR,Sul,0.31715761078487026,0,Moderado
3115359,31,71.37,71.35,757.49,-0.020000000000010232,MG,Sudeste,0.31703707436108064,0,Moderado
1200336,12,45.65,38.07,733.44,-7.579999999999998,AC,Norte,0.3169197026092713,0,Moderado
2504108,25,72.43,91.67,796.37,19.239999999999995,PB,Nordeste,0.316915217002954,0,Moderado
4217550,42,80.0,97.43,790.21,17.430000000000007,SC,Sul,0.3164115396525118,0,Moderado
3133303,31,59.56,49.62,731.23,-9.940000000000005,MG,Sudeste,0.31548735099035086,0,Moderado
4217402,42,68.52,75.91,764.91,7.390000000000001,SC,Sul,0.3154372371559542,0,Moderado
2706208,27,47.84,51.18,739.25,3.3399999999999963,AL,Nordeste,0.314819675283369,0,Moderado
5200308,52,77.39,75.79,759.66,-1.5999999999999943,GO,Centro-Oeste,0.31480361001122986,0,Moderado
4110904,41,66.06,76.11,759.46,10.049999999999997,PR,Sul,0.3144123916679953,0,Moderado
2703502,27,62.69,77.02,773.7,14.329999999999998,AL,Nordeste,0.3143627764321077,0,Moderado
3142502,31,80.0,95.0,771.38,15.0,MG,Sudeste,0.3143204385829066,0,Moderado
2802403,28,34.97,36.4,726.98,1.4299999999999997,SE,Nordeste,0.3142400221065541,0,Moderado
4208500,42,69.26,77.25,766.82,7.989999999999995,SC,Sul,0.31367564537597037,0,Moderado
1714203,17,43.26,43.89,740.3,0.6300000000000026,TO,Norte,0.3130971815309556,0,Moderado
2201572,22,80.0,100.0,811.76,20.0,PI,Nordeste,0.3127849620680745,0,Moderado
3204559,32,80.0,79.8,773.7,-0.20000000000000284,ES,Sudeste,0.31255190698495144,0,Moderado
3120151,31,61.81,48.66,740.48,-13.150000000000006,MG,Sudeste,0.31254982343485355,0,Moderado
5105101,51,62.05,64.06,760.15,2.010000000000005,MT,Centro-Oeste,0.3118694248063574,0,Moderado
3148202,31,74.9,80.53,764.12,5.6299999999999955,MG,Sudeste,0.3115982013839453,0,Moderado
2603504,26,63.64,68.51,759.28,4.8700000000000045,PE,Nordeste,0.311326706086795,0,Moderado
2611002,26,61.05,66.17,751.69,5.1200000000000045,PE,Nordeste,0.31111483324000627,0,Moderado
4207403,42,69.66,79.52,766.93,9.86,SC,Sul,0.31098576805109585,0,Moderado
5003702,50,52.98,53.43,738.2,0.45000000000000284,MS,Centro-Oeste,0.31079822303006976,0,Moderado
2201002,22,80.0,98.15,813.47,18.150000000000006,PI,Nordeste,0.3103571880574622,0,Moderado
3163201,31,78.14,86.26,771.74,8.120000000000005,MG,Sudeste,0.3102163528343963,0,Moderado
2705507,27,61.92,84.41,766.01,22.489999999999995,AL,Nordeste,0.30972419581979455,0,Moderado
5212303,52,78.35,75.41,764.12,-2.9399999999999977,GO,Centro-Oeste,0.3095653173692274,0,Moderado
3205101,32,73.22,68.8,757.88,-4.420000000000002,ES,Sudeste,0.30900411196923394,0,Moderado
5209705,52,72.44,65.56,750.2,-6.8799999999999955,GO,Centro-Oeste,0.3088941576762364,0,Moderado
3129103,31,77.84,86.09,770.98,8.25,MG,Sudeste,0.3087481668555819,0,Moderado
3203403,32,71.83,65.32,755.5,-6.510000000000005,ES,Sudeste,0.30867037222880606,0,Moderado
2514107,25,50.19,48.38,749.42,-1.8099999999999952,PB,Nordeste,0.30857544459623315,0,Moderado
2603207,26,56.84,57.25,743.49,0.4099999999999966,PE,Nordeste,0.3084679751879623,0,Moderado
4215109,42,64.55,68.35,757.17,3.799999999999997,SC,Sul,0.3082462363199927,0,Moderado
2510402,25,69.26,89.36,787.8,20.099999999999994,PB,Nordeste,0.3082018318150383,0,Moderado
4214102,42,60.92,58.33,751.58,-2.5900000000000034,SC,Sul,0.3079059116609438,0,Moderado
5101258,51,58.73,60.47,751.37,1.740000000000002,MT,Centro-Oeste,0.30783257489953336,0,Moderado
3203353,32,78.94,78.31,771.65,-0.6299999999999955,ES,Sudeste,0.3075806448724985,0,Moderado
3506706,35,54.2,55.34,750.47,1.1400000000000006,SP,Sudeste,0.30724560003954776,0,Moderado
5211602,52,80.0,73.91,771.53,-6.090000000000003,GO,Centro-Oeste,0.30720095560259036,0,Moderado
3546108,35,80.0,100.0,810.4,20.0,SP,Sudeste,0.307180923966944,0,Moderado
3118908,31,72.65,79.85,757.21,7.199999999999989,MG,Sudeste,0.3062635721890536,0,Moderado
4207205,42,51.51,44.91,727.85,-6.600000000000001,SC,Sul,0.30590769471669627,0,Moderado
1100452,11,59.65,72.32,753.32,12.669999999999995,RO,Norte,0.3057252882456429,0,Moderado
2501153,25,40.4,36.36,723.46,-4.039999999999999,PB,Nordeste,0.3051625669122343,0,Moderado
2702207,27,48.48,54.67,740.26,6.190000000000005,AL,Nordeste,0.3051336509486047,0,Moderado
5100102,51,51.19,40.41,739.49,-10.780000000000001,MT,Centro-Oeste,0.30495777972953547,0,Moderado
3103801,31,80.0,92.02,774.89,12.019999999999996,MG,Sudeste,0.30482180703499956,0,Moderado
5213400,52,80.0,84.62,763.87,4.6200000000000045,GO,Centro-Oeste,0.3046168426654233,0,Moderado
2709202,27,46.14,47.49,737.24,1.3500000000000014,AL,Nordeste,0.3045897583076188,0,Moderado
2207108,22,68.16,85.71,780.75,17.549999999999997,PI,Nordeste,0.3044205109336242,0,Moderado
3154507,31,71.49,70.0,760.67,-1.4899999999999949,MG,Sudeste,0.30414113533399917,0,Moderado
3167301,31,80.0,86.36,779.25,6.359999999999999,MG,Sudeste,0.30389284990586485,0,Moderado
3521101,35,55.59,62.62,750.58,7.029999999999994,SP,Sudeste,0.30336612187784,0,Moderado
3200706,32,76.22,77.52,763.01,1.2999999999999972,ES,Sudeste,0.3031058891171928,0,Moderado
3532306,35,52.9,57.89,744.49,4.990000000000002,SP,Sudeste,0.30261469168286603,0,Moderado
3200169,32,78.13,81.68,766.88,3.5500000000000114,ES,Sudeste,0.302574321968948,0,Moderado
3530508,35,57.28,61.52,757.65,4.240000000000002,SP,Sudeste,0.30238432427716133,0,Moderado
3132800,31,78.43,83.33,776.07,4.8999999999999915,MG,Sudeste,0.3021872817077735,0,Moderado
3113206,31,74.34,80.43,763.51,6.090000000000003,MG,Sudeste,0.3017080230179542,0,Moderado
2112506,21,50.89,57.61,743.03,6.719999999999999,MA,Nordeste,0.30155582468414216,0,Moderado
5219407,52,79.11,83.33,762.07,4.219999999999999,GO,Centro-Oeste,0.3012871563375174,0,Moderado
3169802,31,67.61,67.31,749.06,-0.29999999999999716,MG,Sudeste,0.30111733838056665,0,Moderado
2511608,25,53.95,61.18,754.47,7.229999999999997,PB,Nordeste,0.3010542883174384,0,Moderado
2204303,22,80.0,96.63,815.92,16.629999999999995,PI,Nordeste,0.30069195906102814,0,Moderado
3140308,31,67.67,70.98,746.6,3.3100000000000023,MG,Sudeste,0.3006209001341921,0,Moderado
2610202,26,77.76,94.53,792.41,16.769999999999996,PE,Nordeste,0.30016119203361963,0,Moderado
2204402,22,45.87,39.2,735.5,-6.669999999999995,PI,Nordeste,0.3000974873642587,0,Moderado
3101631,31,74.48,78.08,766.04,3.5999999999999943,MG,Sudeste,0.2997684896712282,0,Moderado
3205069,32,80.0,82.2,773.64,2.200000000000003,ES,Sudeste,0.2997657965802276,0,Moderado
3134608,31,72.7,75.36,761.65,2.6599999999999966,MG,Sudeste,0.2996646195731342,0,Moderado
3140159,31,73.37,74.09,765.12,0.7199999999999989,MG,Sudeste,0.29896249998011637,0,Moderado
5210562,52,80.0,77.71,769.84,-2.2900000000000063,GO,Centro-Oeste,0.29875888348542046,0,Moderado
3133709,31,74.73,80.42,765.35,5.689999999999998,MG,Sudeste,0.29863411159090836,0,Moderado
3159506,31,80.0,87.19,779.37,7.189999999999998,MG,Sudeste,0.2984834840044014,0,Moderado
3116407,31,76.49,84.7,768.57,8.210000000000008,MG,Sudeste,0.2982351839547936,0,Moderado
3126703,31,53.86,35.05,723.85,-18.810000000000002,MG,Sudeste,0.29822006321116007,0,Moderado
2405504,24,31.95,31.58,718.64,-0.370000000000001,RN,Nordeste,0.2981791012531613,0,Moderado
5108006,51,63.78,68.81,764.72,5.030000000000001,MT,Centro-Oeste,0.29815554349926865,0,Moderado
4213401,42,61.87,66.76,750.06,4.890000000000008,SC,Sul,0.29802318274083534,0,Moderado
3557204,35,51.19,51.58,743.66,0.39000000000000057,SP,Sudeste,0.2979797516986616,0,Moderado
3202306,32,75.85,76.71,762.99,0.8599999999999994,ES,Sudeste,0.2979097444692497,0,Moderado
3554607,35,52.03,58.99,741.19,6.960000000000001,SP,Sudeste,0.29773325184358784,0,Moderado
2606002,26,61.33,69.75,751.86,8.420000000000002,PE,Nordeste,0.29763788570618416,0,Moderado
2202117,22,51.56,59.33,741.37,7.769999999999996,PI,Nordeste,0.29759383069065365,0,Moderado
3114204,31,71.27,72.37,759.04,1.1000000000000085,MG,Sudeste,0.29729450932905166,0,Moderado
3120904,31,70.03,71.71,755.08,1.6799999999999926,MG,Sudeste,0.29706436334404174,0,Moderado
2207850,22,70.68,90.0,787.7,19.319999999999993,PI,Nordeste,0.296811086836241,0,Moderado
2111573,21,52.86,59.47,749.43,6.609999999999999,MA,Nordeste,0.2967175528987604,0,Moderado
3510104,35,72.84,92.31,791.69,19.47,SP,Sudeste,0.2966683903047159,0,Moderado
3532827,35,56.36,61.55,755.12,5.189999999999998,SP,Sudeste,0.2964147022119778,0,Moderado
5200100,52,79.26,79.39,766.23,0.12999999999999545,GO,Centro-Oeste,0.29641376728643465,0,Moderado
3146305,31,59.05,48.96,732.48,-10.089999999999996,MG,Sudeste,0.2963310206168599,0,Moderado
2501534,25,66.08,89.76,777.7,23.680000000000007,PB,Nordeste,0.2957556264482092,0,Moderado
3165560,31,77.52,84.62,772.71,7.1000000000000085,MG,Sudeste,0.295668531503126,0,Moderado
2515930,25,61.14,75.35,770.67,14.209999999999994,PB,Nordeste,0.2953146920763386,0,Moderado
2302008,23,71.69,63.94,754.63,-7.75,CE,Nordeste,0.29522206273550944,0,Moderado
3530904,35,63.72,74.25,772.41,10.530000000000001,SP,Sudeste,0.29521426294857367,0,Moderado
2402105,24,39.52,39.72,740.38,0.19999999999999574,RN,Nordeste,0.294953226971302,0,Moderado
3511706,35,56.0,62.5,753.35,6.5,SP,Sudeste,0.2946610041817907,0,Moderado
3134202,31,68.48,66.72,753.58,-1.7600000000000051,MG,Sudeste,0.2943592430085148,0,Moderado
2600609,26,54.75,53.87,740.4,-0.8800000000000026,PE,Nordeste,0.294284683407613,0,Moderado
2100477,21,49.66,56.29,740.58,6.630000000000003,MA,Nordeste,0.29421349546532577,0,Moderado
2608453,26,58.65,59.78,750.11,1.1300000000000026,PE,Nordeste,0.294117953894718,0,Moderado
2202083,22,58.0,62.75,762.59,4.75,PI,Nordeste,0.29410444208372516,0,Moderado
3148707,31,64.51,60.74,743.73,-3.770000000000003,MG,Sudeste,0.29408759128144446,0,Moderado
5221304,52,79.62,84.05,764.41,4.429999999999993,GO,Centro-Oeste,0.29379164214225784,0,Moderado
4212270,42,59.27,60.0,746.31,0.7299999999999969,SC,Sul,0.2936967079459961,0,Moderado
3204658,32,80.0,84.74,772.71,4.739999999999995,ES,Sudeste,0.2927509204612244,0,Moderado
2616506,26,68.26,81.33,768.96,13.069999999999993,PE,Nordeste,0.2926306111978566,0,Moderado
5105150,51,56.65,56.58,748.85,-0.07000000000000028,MT,Centro-Oeste,0.29257085697835744,0,Moderado
3113701,31,64.14,55.83,746.29,-8.310000000000002,MG,Sudeste,0.29246363911510287,0,Moderado
1702406,17,48.29,61.2,748.4,12.910000000000004,TO,Norte,0.2922166511444553,0,Moderado
2205250,22,65.39,77.0,778.98,11.61,PI,Nordeste,0.2918267787900819,0,Moderado
3501301,35,62.43,72.19,769.76,9.759999999999998,SP,Sudeste,0.29179383267046854,0,Moderado
5206909,52,80.0,83.12,766.76,3.1200000000000045,GO,Centro-Oeste,0.2917815182692721,0,Moderado
3205036,32,73.75,72.05,759.8,-1.7000000000000028,ES,Sudeste,0.29127198872642684,0,Moderado
3121001,31,80.0,90.32,778.05,10.319999999999993,MG,Sudeste,0.29111866739272607,0,Moderado
2603801,26,60.43,69.34,749.86,8.910000000000004,PE,Nordeste,0.29080217775381295,0,Moderado
1718451,17,36.3,40.91,720.43,4.609999999999999,TO,Norte,0.2906064740518551,0,Moderado
3513108,35,54.06,59.0,749.52,4.939999999999998,SP,Sudeste,0.2905705624487581,0,Moderado
3532900,35,60.19,68.76,764.4,8.570000000000007,SP,Sudeste,0.29052540021676154,0,Moderado
3205200,32,71.85,67.75,756.35,-4.099999999999994,ES,Sudeste,0.28979500659668544,0,Moderado
3543238,35,73.53,91.67,795.68,18.14,SP,Sudeste,0.2893711415093708,0,Moderado
3143708,31,65.33,61.85,746.55,-3.479999999999997,MG,Sudeste,0.28918478719032226,0,Moderado
2616100,26,62.08,68.84,756.49,6.760000000000005,PE,Nordeste,0.28874937222530994,0,Moderado
1715754,17,58.23,77.41,772.72,19.18,TO,Norte,0.28872082129124904,0,Moderado
3111705,31,77.18,87.5,770.32,10.319999999999993,MG,Sudeste,0.28853772615782997,0,Moderado
3104007,31,72.32,75.35,761.87,3.030000000000001,MG,Sudeste,0.2882380897908048,0,Moderado
2106300,21,60.86,82.04,762.67,21.180000000000007,MA,Nordeste,0.2882211505439563,0,Moderado
3205002,32,65.88,57.12,742.94,-8.759999999999998,ES,Sudeste,0.28812571526352565,0,Moderado
4218905,42,66.62,76.9,761.09,10.280000000000001,SC,Sul,0.2877322915746712,0,Moderado
5001904,50,50.9,52.31,734.69,1.4100000000000037,MS,Centro-Oeste,0.2876995342435014,0,Moderado
2211704,22,50.86,54.29,744.05,3.4299999999999997,PI,Nordeste,0.28724124600345324,0,Moderado
5107065,51,65.07,74.18,766.89,9.110000000000014,MT,Centro-Oeste,0.2872369003161349,0,Moderado
3169059,31,78.87,93.75,772.04,14.879999999999995,MG,Sudeste,0.2865360619724023,0,Moderado
3149903,31,73.96,79.12,765.23,5.160000000000011,MG,Sudeste,0.28647951107799347,0,Moderado
3200607,32,73.75,74.36,758.75,0.6099999999999994,ES,Sudeste,0.2864414967744135,0,Moderado
4213005,42,66.02,79.31,757.32,13.290000000000006,SC,Sul,0.2862912149895329,0,Moderado
4115507,41,64.95,75.85,759.61,10.899999999999991,PR,Sul,0.28550273325079806,0,Moderado
4207502,42,63.3,67.83,756.2,4.530000000000001,SC,Sul,0.28535460714277755,0,Moderado
2211100,22,42.05,35.21,726.74,-6.839999999999996,PI,Nordeste,0.2852079534311237,0,Moderado
5003256,50,51.8,54.88,736.38,3.0800000000000054,MS,Centro-Oeste,0.2851698965344975,0,Moderado
3166600,31,80.0,90.0,779.15,10.0,MG,Sudeste,0.2849954124403417,0,Moderado
3549706,35,58.19,63.96,761.56,5.770000000000003,SP,Sudeste,0.28480779083655816,0,Moderado
3529807,35,56.82,68.18,753.47,11.360000000000007,SP,Sudeste,0.2846515036247663,0,Moderado
3513405,35,52.17,55.99,745.77,3.8200000000000003,SP,Sudeste,0.2846335746679572,0,Moderado
3145307,31,76.92,81.88,774.17,4.959999999999994,MG,Sudeste,0.28437605656221776,0,Moderado
3117108,31,73.71,78.53,765.08,4.820000000000007,MG,Sudeste,0.2842648870025397,0,Moderado
2305357,23,80.0,76.34,777.01,-3.6599999999999966,CE,Nordeste,0.2838383166009815,0,Moderado
2106706,21,48.86,55.82,739.51,6.960000000000001,MA,Nordeste,0.28371963265616046,0,Moderado
3100807,31,80.0,88.68,780.34,8.680000000000007,MG,Sudeste,0.2835647627675472,0,Moderado
3152204,31,68.84,70.05,753.94,1.2099999999999937,MG,Sudeste,0.2833247554560399,0,Moderado
3105905,31,75.62,83.24,768.63,7.61999999999999,MG,Sudeste,0.2831089935637899,0,Moderado
2102150,21,47.46,49.3,739.42,1.8399999999999963,MA,Nordeste,0.28303342913163565,0,Moderado
2204808,22,80.0,95.83,818.99,15.829999999999998,PI,Nordeste,0.28297470404447306,0,Moderado
5002902,50,50.95,54.38,734.06,3.4299999999999997,MS,Centro-Oeste,0.28248519232342917,0,Moderado
3167707,31,70.83,75.93,756.86,5.1000000000000085,MG,Sudeste,0.2824822523084112,0,Moderado
2507309,25,48.68,51.18,745.5,2.5,PB,Nordeste,0.28232724690248145,0,Moderado
3105400,31,65.68,62.71,748.17,-2.970000000000006,MG,Sudeste,0.2821254279434789,0,Moderado
3145000,31,74.7,78.86,768.74,4.159999999999997,MG,Sudeste,0.2819713150446931,0,Moderado
1200138,12,35.2,26.69,708.99,-8.510000000000002,AC,Norte,0.28174322255945383,0,Moderado
3110400,31,80.0,86.64,782.13,6.640000000000001,MG,Sudeste,0.2817068119771122,0,Moderado
3145851,31,75.73,82.24,769.98,6.509999999999991,MG,Sudeste,0.28167389633538764,0,Moderado
1101484,11,62.05,78.36,760.85,16.310000000000002,RO,Norte,0.28151307118819624,0,Moderado
2510600,25,80.0,100.0,822.42,20.0,PB,Nordeste,0.2813233960246385,0,Moderado
2603702,26,58.57,65.49,747.39,6.919999999999995,PE,Nordeste,0.2810389842430877,0,Moderado
3552601,35,80.0,98.83,814.99,18.83,SP,Sudeste,0.2804535396002488,0,Moderado
2210508,22,59.26,67.14,765.8,7.880000000000003,PI,Nordeste,0.28035672436667985,0,Moderado
3144201,31,65.62,62.86,748.1,-2.760000000000005,MG,Sudeste,0.28030751601702986,0,Moderado
2608750,26,62.99,67.55,761.96,4.559999999999995,PE,Nordeste,0.2801813356395837,0,Moderado
2403905,24,56.29,78.95,773.79,22.660000000000004,RN,Nordeste,0.2800929640884079,0,Moderado
2105500,21,48.88,55.83,740.13,6.949999999999996,MA,Nordeste,0.27982203421621976,0,Moderado
5106307,51,56.56,60.98,747.05,4.419999999999995,MT,Centro-Oeste,0.2796988741534246,0,Moderado
3204302,32,72.03,69.85,756.91,-2.180000000000007,ES,Sudeste,0.2793449394425081,0,Moderado
3166006,31,79.49,86.42,780.8,6.930000000000007,MG,Sudeste,0.2792545006332312,0,Moderado
2412906,24,35.66,37.72,730.14,2.0600000000000023,RN,Nordeste,0.2791462678291257,0,Moderado
2614303,26,55.7,56.94,743.68,1.2399999999999949,PE,Nordeste,0.2791054334850146,0,Moderado
3131307,31,69.58,70.92,756.58,1.3400000000000034,MG,Sudeste,0.2790197804369327,0,Moderado
3142304,31,78.51,90.58,774.19,12.069999999999993,MG,Sudeste,0.27892989723101463,0,Moderado
3202405,32,74.35,75.99,760.8,1.6400000000000006,ES,Sudeste,0.27871347779739936,0,Moderado
5207535,52,75.57,70.81,761.93,-4.759999999999991,GO,Centro-Oeste,0.27774352488670984,0,Moderado
3201506,32,75.66,77.5,764.55,1.8400000000000034,ES,Sudeste,0.27773248406088646,0,Moderado
2206670,22,43.81,40.04,730.66,-3.770000000000003,PI,Nordeste,0.2770311768039175,0,Moderado
2109205,21,50.31,57.94,744.15,7.6299999999999955,MA,Nordeste,0.2768567375699372,0,Moderado
4103206,41,62.18,72.9,753.06,10.720000000000006,PR,Sul,0.2766466432298343,0,Moderado
5106000,51,58.03,65.5,749.46,7.469999999999999,MT,Centro-Oeste,0.27640170994775354,0,Moderado
2301851,23,80.0,76.25,778.18,-3.75,CE,Nordeste,0.2761266414836705,0,Moderado
3513702,35,66.08,80.62,778.88,14.540000000000006,SP,Sudeste,0.2761202928591123,0,Moderado
2516201,25,55.67,66.52,760.22,10.849999999999994,PB,Nordeste,0.275980470104453,0,Moderado
4205803,42,62.97,66.73,757.18,3.760000000000005,SC,Sul,0.27589380756831666,0,Moderado
5212907,52,80.0,83.33,768.86,3.3299999999999983,GO,Centro-Oeste,0.2758677117981139,0,Moderado
5209903,52,69.15,65.45,743.03,-3.700000000000003,GO,Centro-Oeste,0.2755650510521792,0,Moderado
3123908,31,80.0,91.72,779.23,11.719999999999999,MG,Sudeste,0.2754340121225593,0,Moderado
3136579,31,80.0,90.91,779.86,10.909999999999997,MG,Sudeste,0.2752668962844099,0,Moderado
2608107,26,64.5,75.79,762.02,11.290000000000006,PE,Nordeste,0.2748862073065754,0,Moderado
3137205,31,74.86,79.9,769.58,5.040000000000006,MG,Sudeste,0.2747300515112198,0,Moderado
3170404,31,64.12,59.06,746.33,-5.060000000000002,MG,Sudeste,0.2746486085948066,0,Moderado
5207907,52,70.97,65.41,749.8,-5.560000000000002,GO,Centro-Oeste,0.274481545270733,0,Moderado
3154903,31,66.26,62.76,751.33,-3.500000000000007,MG,Sudeste,0.27446528550746485,0,Moderado
1507102,15,47.56,69.85,751.86,22.289999999999992,PA,Norte,0.27446078718323635,0,Moderado
3120607,31,80.0,90.23,780.51,10.230000000000004,MG,Sudeste,0.2742894807515764,0,Moderado
2405405,24,30.47,31.34,716.89,0.870000000000001,RN,Nordeste,0.27392963464801473,0,Moderado
2402907,24,39.35,47.83,736.68,8.479999999999997,RN,Nordeste,0.2739112334694241,0,Moderado
3148004,31,72.56,76.9,763.63,4.340000000000003,MG,Sudeste,0.27386117119239495,0,Moderado
3112059,31,66.62,65.99,750.39,-0.6300000000000097,MG,Sudeste,0.27326664544633167,0,Moderado
3200409,32,80.0,88.41,772.8,8.409999999999997,ES,Sudeste,0.27280876749008726,0,Moderado
3109808,31,80.0,94.74,777.36,14.739999999999995,MG,Sudeste,0.2727496740582057,0,Moderado
3159704,31,75.13,79.88,770.86,4.75,MG,Sudeste,0.2727410804459882,0,Moderado
5215900,52,80.0,82.81,769.71,2.8100000000000023,GO,Centro-Oeste,0.2726838655788672,0,Moderado
3111309,31,71.49,76.54,760.2,5.050000000000011,MG,Sudeste,0.27268151429095266,0,Moderado
2202000,22,53.76,61.68,751.12,7.920000000000002,PI,Nordeste,0.2725082107955091,0,Moderado
2211357,22,41.29,31.25,728.78,-10.04,PI,Nordeste,0.2724627984615128,0,Moderado
3128204,31,75.89,75.0,777.32,-0.8900000000000006,MG,Sudeste,0.2723231805248926,0,Moderado
2513604,25,47.01,52.77,739.76,5.760000000000005,PB,Nordeste,0.271971209193239,0,Moderado
3117900,31,75.46,83.44,769.53,7.980000000000004,MG,Sudeste,0.27178501040813546,0,Moderado
3204906,32,71.26,69.53,755.46,-1.730000000000004,ES,Sudeste,0.27175523750381386,0,Moderado
3141801,31,73.23,78.82,764.98,5.589999999999989,MG,Sudeste,0.27136712197114754,0,Moderado
2504355,25,61.82,76.68,775.59,14.860000000000007,PB,Nordeste,0.2709956308122845,0,Moderado
5106265,51,62.24,67.67,763.85,5.43,MT,Centro-Oeste,0.2709924082931149,0,Moderado
3161205,31,79.06,90.73,777.25,11.670000000000002,MG,Sudeste,0.2707526321132609,0,Moderado
3502002,35,56.02,68.65,752.24,12.630000000000003,SP,Sudeste,0.2706309096631228,0,Moderado
2613503,26,57.48,60.42,748.83,2.940000000000005,PE,Nordeste,0.27002474499640283,0,Moderado
3104205,31,79.17,88.86,779.19,9.689999999999998,MG,Sudeste,0.2697715372650054,0,Moderado
5207253,52,78.73,83.34,765.18,4.609999999999999,GO,Centro-Oeste,0.26952776928758954,0,Moderado
3166402,31,69.15,75.0,753.4,5.849999999999994,MG,Sudeste,0.2691691649137522,0,Moderado
3114402,31,68.62,68.35,756.46,-0.27000000000001023,MG,Sudeste,0.2691477983073924,0,Moderado
2605905,26,65.53,77.37,765.4,11.840000000000003,PE,Nordeste,0.26914298362242967,0,Moderado
5206305,52,80.0,82.2,770.72,2.200000000000003,GO,Centro-Oeste,0.26889049749228316,0,Moderado
4105102,41,62.67,74.15,755.06,11.480000000000004,PR,Sul,0.2686490050034487,0,Moderado
3130408,31,75.01,82.9,768.8,7.890000000000001,MG,Sudeste,0.26840718937670754,0,Moderado
3171154,31,75.52,81.82,771.53,6.299999999999997,MG,Sudeste,0.26788038460841557,0,Moderado
5004106,50,57.63,64.58,752.72,6.949999999999996,MS,Centro-Oeste,0.267778557296425,0,Moderado
4202099,42,59.77,66.67,746.84,6.899999999999999,SC,Sul,0.2677200187658134,0,Moderado
3138906,31,67.83,65.94,755.64,-1.8900000000000006,MG,Sudeste,0.2675468634933096,0,Moderado
2111532,21,47.22,55.64,736.1,8.420000000000002,MA,Nordeste,0.2671908234332745,0,Moderado
2503555,25,46.89,47.9,743.68,1.009999999999998,PB,Nordeste,0.267111659118797,0,Moderado
4109658,41,63.82,73.2,760.2,9.380000000000003,PR,Sul,0.2668155778956265,0,Moderado
5212956,52,66.31,52.82,743.51,-13.490000000000002,GO,Centro-Oeste,0.26661147945829705,0,Moderado
2408706,24,22.17,14.29,700.69,-7.880000000000003,RN,Nordeste,0.26660564422315797,0,Moderado
5108402,51,58.35,61.76,754.86,3.4099999999999966,MT,Centro-Oeste,0.2664880282022863,0,Moderado
3161650,31,73.91,76.32,770.05,2.4099999999999966,MG,Sudeste,0.26631862163996217,0,Moderado
4301750,43,14.05,4.4,698.17,-9.65,RS,Sul,0.26617134354508704,0,Moderado
3165578,31,73.26,76.97,767.28,3.7099999999999937,MG,Sudeste,0.2658618891306069,0,Moderado
2112407,21,53.01,64.42,750.7,11.410000000000004,MA,Nordeste,0.2656775436642734,0,Moderado
2203701,22,64.5,73.13,782.42,8.629999999999995,PI,Nordeste,0.2655851171235993,0,Moderado
4205308,42,61.6,66.52,753.89,4.919999999999995,SC,Sul,0.2655614366344832,0,Moderado
3202207,32,67.38,62.28,747.77,-5.099999999999994,ES,Sudeste,0.26546972240491373,0,Moderado
5210307,52,80.0,92.59,763.46,12.590000000000003,GO,Centro-Oeste,0.2654166054805475,0,Moderado
5213103,52,80.0,84.01,769.88,4.010000000000005,GO,Centro-Oeste,0.26540047767098196,0,Moderado
3145703,31,74.09,83.33,765.66,9.239999999999995,MG,Sudeste,0.2649502814947949,0,Moderado
3156205,31,64.21,58.33,748.66,-5.8799999999999955,MG,Sudeste,0.2646844757065428,0,Moderado
3161908,31,80.0,91.6,780.9,11.599999999999994,MG,Sudeste,0.26462855597225254,0,Moderado
5205521,52,68.3,58.9,746.5,-9.399999999999999,GO,Centro-Oeste,0.2643161517121793,0,Moderado
3132701,31,60.87,56.95,737.67,-3.9199999999999946,MG,Sudeste,0.2642828986973683,0,Moderado
2107605,21,54.18,70.09,750.9,15.910000000000004,MA,Nordeste,0.2642667174423559,0,Moderado
3158201,31,67.55,66.73,754.53,-0.8199999999999932,MG,Sudeste,0.2642034948240475,0,Moderado
3203163,32,80.0,87.5,774.75,7.5,ES,Sudeste,0.26416031232170895,0,Moderado
3140852,31,50.92,31.08,721.05,-19.840000000000003,MG,Sudeste,0.26413569988149893,0,Moderado
2801603,28,37.78,45.3,737.59,7.519999999999996,SE,Nordeste,0.2637094771189378,0,Moderado
2508901,25,57.11,68.65,765.69,11.540000000000006,PB,Nordeste,0.26331290042508354,0,Moderado
3202900,32,78.61,82.15,773.87,3.5400000000000063,ES,Sudeste,0.26317452373985856,0,Moderado
3117306,31,63.42,58.64,745.84,-4.780000000000001,MG,Sudeste,0.262868615932373,0,Moderado
5201108,52,74.61,73.22,758.88,-1.3900000000000006,GO,Centro-Oeste,0.26252579324001696,0,Moderado
3154606,31,63.16,59.36,744.44,-3.799999999999997,MG,Sudeste,0.2623376626696041,0,Moderado
3205010,32,71.27,70.81,755.93,-0.45999999999999375,ES,Sudeste,0.2623089956695859,0,Moderado
2100055,21,52.35,62.76,750.06,10.409999999999997,MA,Nordeste,0.2622684112910791,0,Moderado
5100409,51,53.21,52.91,743.52,-0.30000000000000426,MT,Centro-Oeste,0.2622157794568876,0,Moderado
4107256,41,59.98,68.96,750.27,8.979999999999997,PR,Sul,0.2614954600964472,0,Moderado
5210802,52,80.0,82.86,771.36,2.8599999999999994,GO,Centro-Oeste,0.2612292084608409,0,Moderado
2614808,26,63.86,73.8,763.24,9.939999999999998,PE,Nordeste,0.2609620512942607,0,Moderado
3112000,31,80.0,90.37,782.39,10.370000000000005,MG,Sudeste,0.2607983081972455,0,Moderado
2502409,25,53.3,60.93,758.09,7.630000000000003,PB,Nordeste,0.2605799211113089,0,Moderado
3150604,31,71.11,76.35,760.77,5.239999999999995,MG,Sudeste,0.26045734219268046,0,Moderado
4209409,42,47.47,34.29,727.66,-13.18,SC,Sul,0.26035100425232105,0,Moderado
2110658,21,37.88,36.83,717.43,-1.0500000000000043,MA,Nordeste,0.2601458263773961,0,Moderado
3161502,31,80.0,92.77,780.78,12.769999999999996,MG,Sudeste,0.25956196624078587,0,Moderado
5100250,51,62.17,71.46,762.46,9.289999999999992,MT,Centro-Oeste,0.25951255928003464,0,Moderado
2604304,26,57.65,63.12,748.99,5.469999999999999,PE,Nordeste,0.25945985329916144,0,Moderado
3201704,32,78.21,84.19,771.46,5.980000000000004,ES,Sudeste,0.25940598210049026,0,Moderado
2110906,21,60.66,83.35,765.15,22.689999999999998,MA,Nordeste,0.259384205531486,0,Moderado
2209104,22,80.0,98.15,820.73,18.150000000000006,PI,Nordeste,0.25916305551040064,0,Moderado
1716653,17,49.03,61.79,755.47,12.759999999999998,TO,Norte,0.25877066282366956,0,Moderado
2606309,26,61.47,68.11,759.19,6.640000000000001,PE,Nordeste,0.2586980571663398,0,Moderado
1721257,17,49.91,66.67,755.05,16.760000000000005,TO,Norte,0.2584586351138195,0,Moderado
3203346,32,78.73,86.57,771.71,7.839999999999989,ES,Sudeste,0.25841283353951683,0,Moderado
5209804,52,71.97,72.5,750.52,0.5300000000000011,GO,Centro-Oeste,0.25817618011916144,0,Moderado
3551900,35,54.23,61.65,752.87,7.420000000000002,SP,Sudeste,0.25802300501279085,0,Moderado
5210208,52,78.84,83.04,767.52,4.200000000000003,GO,Centro-Oeste,0.25795730660893457,0,Moderado
3147204,31,68.12,69.21,755.69,1.0899999999999892,MG,Sudeste,0.2578255604204793,0,Moderado
2514503,25,48.14,55.77,743.79,7.630000000000003,PB,Nordeste,0.2572143547029017,0,Moderado
3123700,31,65.32,63.03,750.28,-2.289999999999992,MG,Sudeste,0.2571894445714623,0,Moderado
5204854,52,80.0,84.62,770.65,4.6200000000000045,GO,Centro-Oeste,0.25718933167918584,0,Moderado
3107703,31,80.0,98.04,777.37,18.040000000000006,MG,Sudeste,0.25603170443823775,0,Moderado
5106505,51,45.98,38.36,729.18,-7.619999999999997,MT,Centro-Oeste,0.256022635228451,0,Moderado
3111606,31,70.18,71.94,761.4,1.759999999999991,MG,Sudeste,0.2558365087708841,0,Moderado
3160108,31,80.0,94.3,780.2,14.299999999999997,MG,Sudeste,0.2558164781317964,0,Moderado
3172004,31,64.06,65.77,743.9,1.7099999999999937,MG,Sudeste,0.2556863512031763,0,Moderado
5200803,52,69.53,64.99,747.7,-4.540000000000006,GO,Centro-Oeste,0.2556007560303411,0,Moderado
3110509,31,62.93,58.56,745.22,-4.369999999999997,MG,Sudeste,0.2555897564875966,0,Moderado
2614857,26,56.21,57.18,748.81,0.9699999999999989,PE,Nordeste,0.25557329505766446,0,Moderado
3522901,35,48.86,53.04,740.26,4.18,SP,Sudeste,0.25554195498613497,0,Moderado
3126307,31,66.05,62.75,753.4,-3.299999999999997,MG,Sudeste,0.2554042805943345,0,Moderado
1718881,17,40.0,39.73,739.84,-0.2700000000000031,TO,Norte,0.2552350006243584,0,Moderado
3111507,31,65.35,65.27,749.02,-0.0799999999999983,MG,Sudeste,0.25516031942628403,0,Moderado
2300408,23,76.61,75.83,769.43,-0.7800000000000011,CE,Nordeste,0.2545064030081208,0,Moderado
2415008,24,34.93,39.06,730.18,4.130000000000003,RN,Nordeste,0.25417421514462324,0,Moderado
3203205,32,69.25,67.59,752.3,-1.6599999999999966,ES,Sudeste,0.2538832346121082,0,Moderado
5210406,52,79.26,81.22,771.02,1.9599999999999937,GO,Centro-Oeste,0.25386521532808415,0,Moderado
2507200,25,38.84,36.64,724.97,-2.200000000000003,PB,Nordeste,0.25383571483624495,0,Moderado
3100302,31,80.0,86.67,786.22,6.670000000000002,MG,Sudeste,0.2537549566037705,0,Moderado
1101609,11,60.25,78.73,758.18,18.480000000000004,RO,Norte,0.2535381286172554,0,Moderado
2602704,26,68.48,85.53,772.3,17.049999999999997,PE,Nordeste,0.253525492379772,0,Moderado
5105309,51,50.89,46.43,741.29,-4.460000000000001,MT,Centro-Oeste,0.25348469292624887,0,Moderado
3138401,31,65.62,65.18,750.35,-0.4399999999999977,MG,Sudeste,0.25327902636264754,0,Moderado
5211800,52,80.0,83.96,771.74,3.9599999999999937,GO,Centro-Oeste,0.25325675936524594,0,Moderado
5106299,51,66.96,79.7,774.57,12.740000000000009,MT,Centro-Oeste,0.25325206916687454,0,Moderado
1302801,13,36.53,48.41,738.97,11.879999999999995,AM,Norte,0.2532199644073809,0,Moderado
3118700,31,74.0,82.47,767.76,8.469999999999999,MG,Sudeste,0.25308430100854695,0,Moderado
5103205,51,59.26,64.22,758.37,4.960000000000001,MT,Centro-Oeste,0.2527642416132576,0,Moderado
3200805,32,72.35,74.59,758.45,2.240000000000009,ES,Sudeste,0.2527528541989672,0,Moderado
3505302,35,64.91,80.01,778.57,15.100000000000009,SP,Sudeste,0.25274341933852457,0,Moderado
4207684,42,66.16,77.74,763.94,11.579999999999998,SC,Sul,0.25259407757818836,0,Moderado
5210901,52,79.18,85.28,767.91,6.099999999999994,GO,Centro-Oeste,0.2524473655426946,0,Moderado
5200159,52,80.0,81.99,773.34,1.9899999999999949,GO,Centro-Oeste,0.25242773300579585,0,Moderado
3125952,31,70.55,76.31,760.08,5.760000000000005,MG,Sudeste,0.2518266336485474,0,Moderado
2805208,28,31.5,40.26,720.46,8.759999999999998,SE,Nordeste,0.2516551006520213,0,Moderado
4116505,41,51.24,43.75,739.03,-7.490000000000002,PR,Sul,0.25144979560041264,0,Moderado
4212650,42,52.93,45.95,740.05,-6.979999999999997,SC,Sul,0.25136151742576535,0,Moderado
3541307,35,58.66,69.12,764.36,10.460000000000008,SP,Sudeste,0.2510922350887579,0,Moderado
1702307,17,50.64,68.32,757.65,17.679999999999993,TO,Norte,0.25060217716751443,0,Moderado
2101707,21,60.01,78.52,767.83,18.509999999999998,MA,Nordeste,0.2500426943621011,0,Moderado
4204509,42,67.27,79.7,766.9,12.430000000000007,SC,Sul,0.2499126059776597,0,Baixo
3544707,35,73.32,91.33,800.99,18.010000000000005,SP,Sudeste,0.24970380749481844,0,Baixo
3130200,31,72.39,79.48,764.71,7.090000000000003,MG,Sudeste,0.2495763616140162,0,Baixo
2502102,25,43.58,47.71,734.49,4.130000000000003,PB,Nordeste,0.24956117633491962,0,Baixo
2500908,25,49.12,52.9,750.67,3.780000000000001,PB,Nordeste,0.24941651890372338,0,Baixo
3121308,31,68.28,73.05,754.73,4.769999999999996,MG,Sudeste,0.24907288981720277,0,Baixo
5005202,50,40.56,33.36,717.15,-7.200000000000003,MS,Centro-Oeste,0.24900288210667137,0,Baixo
5218300,52,77.31,80.95,764.93,3.6400000000000006,GO,Centro-Oeste,0.24889207908759164,0,Baixo
3136306,31,66.56,69.87,750.92,3.3100000000000023,MG,Sudeste,0.2488577805942706,0,Baixo
2607703,26,70.0,89.12,775.83,19.120000000000005,PE,Nordeste,0.24884703131170366,0,Baixo
1101757,11,50.36,55.65,740.39,5.289999999999999,RO,Norte,0.2488292222653195,0,Baixo
3536307,35,56.04,67.0,756.85,10.96,SP,Sudeste,0.2486111770873808,0,Baixo
5208608,52,79.85,82.28,773.25,2.430000000000007,GO,Centro-Oeste,0.24806981452915555,0,Baixo
3155603,31,75.39,85.31,771.48,9.920000000000002,MG,Sudeste,0.24776885176514776,0,Baixo
3506805,35,47.06,49.59,737.54,2.530000000000001,SP,Sudeste,0.24763434587119537,0,Baixo
2313351,23,80.0,80.16,779.54,0.1599999999999966,CE,Nordeste,0.24742318676992547,0,Baixo
1718907,17,36.44,36.92,730.39,0.480000000000004,TO,Norte,0.24659103974638488,0,Baixo
4211751,42,63.21,70.95,759.28,7.740000000000002,SC,Sul,0.24653722234571074,0,Baixo
5101902,51,61.09,69.06,762.36,7.969999999999999,MT,Centro-Oeste,0.24632863313337183,0,Baixo
2301307,23,76.85,77.22,770.55,0.37000000000000455,CE,Nordeste,0.24609880728934885,0,Baixo
2407252,24,45.97,60.04,755.67,14.07,RN,Nordeste,0.24605567834041853,0,Baixo
2202109,22,80.0,100.0,821.35,20.0,PI,Nordeste,0.2460409927327733,0,Baixo
5107248,51,74.14,93.91,791.12,19.769999999999996,MT,Centro-Oeste,0.24541722050520035,0,Baixo
5211206,52,80.0,85.1,772.12,5.099999999999994,GO,Centro-Oeste,0.24525459736179153,0,Baixo
3203130,32,74.37,77.28,764.93,2.9099999999999966,ES,Sudeste,0.24506640928655646,0,Baixo
3113305,31,60.34,52.42,742.08,-7.920000000000002,MG,Sudeste,0.24494010159051652,0,Baixo
2510808,25,55.29,67.47,762.84,12.18,PB,Nordeste,0.24458118767195858,0,Baixo
2205607,22,80.0,100.0,821.6,20.0,PI,Nordeste,0.24443559643651164,0,Baixo
5211305,52,77.69,83.26,765.36,5.570000000000007,GO,Centro-Oeste,0.2438468418371199,0,Baixo
3149952,31,56.51,44.47,734.35,-12.04,MG,Sudeste,0.24380120347301407,0,Baixo
5214507,52,71.85,71.18,753.31,-0.6699999999999875,GO,Centro-Oeste,0.24359505032238138,0,Baixo
3115102,31,73.57,76.99,771.79,3.4200000000000017,MG,Sudeste,0.24346006976144652,0,Baixo
2210003,22,55.82,65.25,760.28,9.43,PI,Nordeste,0.24345229777909982,0,Baixo
3165909,31,76.79,90.34,773.57,13.549999999999997,MG,Sudeste,0.24270799430173126,0,Baixo
3202553,32,75.77,79.56,768.67,3.7900000000000063,ES,Sudeste,0.24262795936162235,0,Baixo
3171303,31,68.27,72.11,756.41,3.8400000000000034,MG,Sudeste,0.2425572891960602,0,Baixo
3200904,32,78.89,87.39,774.13,8.5,ES,Sudeste,0.2424321010263236,0,Baixo
2307502,23,76.77,74.29,773.04,-2.4799999999999898,CE,Nordeste,0.2423347622136451,0,Baixo
2106102,21,51.76,66.12,748.49,14.360000000000007,MA,Nordeste,0.24214117446854158,0,Baixo
2112308,21,51.86,66.43,748.62,14.570000000000007,MA,Nordeste,0.2421402566157396,0,Baixo
3104809,31,58.52,48.8,738.65,-9.720000000000006,MG,Sudeste,0.2420911302399873,0,Baixo
2706000,27,59.77,80.79,770.75,21.020000000000003,AL,Nordeste,0.2420024966651484,0,Baixo
3504701,35,80.0,100.0,819.93,20.0,SP,Sudeste,0.24159424178572678,0,Baixo
5102702,51,46.81,42.06,731.68,-4.75,MT,Centro-Oeste,0.24134298628717507,0,Baixo
5214408,52,79.29,83.94,771.05,4.6499999999999915,GO,Centro-Oeste,0.2412274477984639,0,Baixo
3137809,31,70.29,74.76,761.98,4.469999999999999,MG,Sudeste,0.2409976239641752,0,Baixo
2513943,25,80.0,100.0,828.52,20.0,PB,Nordeste,0.2405739228124874,0,Baixo
5002951,50,55.08,63.42,748.52,8.340000000000003,MS,Centro-Oeste,0.24046679756897776,0,Baixo
5220280,52,80.0,86.36,771.93,6.359999999999999,GO,Centro-Oeste,0.24045465682175632,0,Baixo
5103858,51,56.31,59.6,753.14,3.289999999999999,MT,Centro-Oeste,0.2399778233207886,0,Baixo
3129400,31,80.0,87.87,787.48,7.8700000000000045,MG,Sudeste,0.2398434311673838,0,Baixo
3122306,31,69.63,73.79,760.53,4.160000000000011,MG,Sudeste,0.23965566469819058,0,Baixo
5222054,52,78.75,84.21,769.19,5.459999999999994,GO,Centro-Oeste,0.23935733401134937,0,Baixo
3530003,35,67.08,93.03,778.79,25.950000000000003,SP,Sudeste,0.23917527759383705,0,Baixo
1703909,17,32.42,31.53,721.08,-0.8900000000000006,TO,Norte,0.2389391232200288,0,Baixo
2510006,25,50.0,63.86,747.3,13.86,PB,Nordeste,0.2388885254615289,0,Baixo
5206206,52,71.75,69.1,755.37,-2.6500000000000057,GO,Centro-Oeste,0.23810227256892488,0,Baixo
2602308,26,64.31,79.75,764.02,15.439999999999998,PE,Nordeste,0.23758552300945493,0,Baixo
5005608,50,41.86,38.78,719.6,-3.0799999999999983,MS,Centro-Oeste,0.2374992028089209,0,Baixo
5100201,51,65.9,79.49,773.35,13.58999999999999,MT,Centro-Oeste,0.23747153825318754,0,Baixo
3150406,31,74.44,83.86,770.77,9.420000000000002,MG,Sudeste,0.23730561292623345,0,Baixo
3517000,35,59.46,68.1,770.25,8.639999999999993,SP,Sudeste,0.2368054482903045,0,Baixo
3168804,31,68.0,68.34,759.2,0.3400000000000034,MG,Sudeste,0.23657353958452734,0,Baixo
4208708,42,61.83,70.16,756.46,8.329999999999998,SC,Sul,0.23649100479805638,0,Baixo
5203500,52,77.02,81.51,765.43,4.490000000000009,GO,Centro-Oeste,0.23634888009992344,0,Baixo
3512308,35,57.93,69.48,763.76,11.550000000000004,SP,Sudeste,0.23632525839206386,0,Baixo
2406205,24,19.26,11.65,696.82,-7.610000000000001,RN,Nordeste,0.2360725015442949,0,Baixo
3106002,31,69.02,73.62,759.07,4.6000000000000085,MG,Sudeste,0.23576195519663673,0,Baixo
2401602,24,29.96,29.29,722.39,-0.6700000000000017,RN,Nordeste,0.2357011069940943,0,Baixo
3141207,31,80.0,91.94,785.16,11.939999999999998,MG,Sudeste,0.23529235135528845,0,Baixo
5006358,50,56.21,66.43,751.2,10.220000000000006,MS,Centro-Oeste,0.23516029182028375,0,Baixo
2200251,22,55.89,74.63,754.86,18.739999999999995,PI,Nordeste,0.23497485591447642,0,Baixo
2612307,26,65.23,78.66,768.64,13.429999999999993,PE,Nordeste,0.23460210654873945,0,Baixo
3534005,35,57.76,74.45,759.73,16.690000000000005,SP,Sudeste,0.23443728890951834,0,Baixo
3112109,31,66.6,67.92,754.81,1.3200000000000074,MG,Sudeste,0.23432502297261532,0,Baixo
4128559,41,61.39,76.11,754.28,14.719999999999999,PR,Sul,0.23398903515007385,0,Baixo
2206209,22,51.94,60.79,751.1,8.850000000000001,PI,Nordeste,0.23387722060203625,0,Baixo
3204708,32,74.78,80.69,765.67,5.909999999999997,ES,Sudeste,0.23365104140900744,0,Baixo
5203302,52,67.31,62.27,745.14,-5.039999999999999,GO,Centro-Oeste,0.23358776826462063,0,Baixo
2505303,25,51.24,62.5,753.67,11.259999999999998,PB,Nordeste,0.23346048971314692,0,Baixo
5220058,52,80.0,87.5,772.21,7.5,GO,Centro-Oeste,0.23335101628246285,0,Baixo
2112233,21,65.84,90.87,782.33,25.03,MA,Nordeste,0.23320914112870827,0,Baixo
2206902,22,72.46,89.56,803.97,17.10000000000001,PI,Nordeste,0.2328674824841724,0,Baixo
5006002,50,50.57,56.52,738.59,5.950000000000003,MS,Centro-Oeste,0.23280345745701214,0,Baixo
2413805,24,56.6,73.08,786.47,16.479999999999997,RN,Nordeste,0.23277938560841596,0,Baixo
3104502,31,56.48,46.89,734.2,-9.589999999999996,MG,Sudeste,0.23266743251945998,0,Baixo
3144300,31,61.12,57.67,742.99,-3.4499999999999957,MG,Sudeste,0.2322403781386406,0,Baixo
5102686,51,58.51,65.76,757.73,7.250000000000007,MT,Centro-Oeste,0.23222255174506656,0,Baixo
3113107,31,73.13,83.33,767.26,10.200000000000003,MG,Sudeste,0.23211971637123377,0,Baixo
5222302,52,76.13,79.46,764.48,3.3299999999999983,GO,Centro-Oeste,0.23177112986743406,0,Baixo
3553609,35,62.16,79.51,772.32,17.35000000000001,SP,Sudeste,0.2315930435168824,0,Baixo
5213004,52,78.91,83.79,771.34,4.88000000000001,GO,Centro-Oeste,0.23150749065328624,0,Baixo
5211701,52,78.02,80.25,770.92,2.230000000000004,GO,Centro-Oeste,0.2305733971652783,0,Baixo
4201901,42,68.21,77.09,775.4,8.88000000000001,SC,Sul,0.23000602538005518,0,Baixo
2104206,21,52.96,72.06,750.33,19.1,MA,Nordeste,0.22999160817010003,0,Baixo
2405702,24,41.98,56.51,746.45,14.530000000000001,RN,Nordeste,0.22987587719823527,0,Baixo
3137601,31,67.63,72.24,756.05,4.609999999999999,MG,Sudeste,0.22971683728079445,0,Baixo
5002001,50,56.78,67.77,753.2,10.989999999999995,MS,Centro-Oeste,0.22934281521901678,0,Baixo
4203402,42,53.96,53.29,741.79,-0.6700000000000017,SC,Sul,0.22918113020441414,0,Baixo
2408953,24,29.91,31.56,721.6,1.6499999999999986,RN,Nordeste,0.22896453738019218,0,Baixo
5200852,52,76.03,78.87,765.04,2.8400000000000034,GO,Centro-Oeste,0.22881671196614997,0,Baixo
2307304,23,66.87,59.48,750.48,-7.390000000000008,CE,Nordeste,0.2287594678586752,0,Baixo
5208004,52,68.67,64.02,749.57,-4.650000000000006,GO,Centro-Oeste,0.22853675957068006,0,Baixo
3123601,31,65.11,64.98,752.56,-0.12999999999999545,MG,Sudeste,0.22852042675845724,0,Baixo
5219738,52,80.0,82.91,776.46,2.9099999999999966,GO,Centro-Oeste,0.22831984376358883,0,Baixo
3160207,31,57.67,47.84,738.52,-9.829999999999998,MG,Sudeste,0.22820087499147712,0,Baixo
2604700,26,61.01,71.97,759.48,10.96,PE,Nordeste,0.22781311356637943,0,Baixo
5104609,51,54.54,58.16,749.86,3.6199999999999974,MT,Centro-Oeste,0.22727435954891906,0,Baixo
5107743,51,62.17,73.81,765.78,11.64,MT,Centro-Oeste,0.22711619528178206,0,Baixo
3111002,31,73.12,81.73,769.26,8.61,MG,Sudeste,0.226969540609049,0,Baixo
3203601,32,80.0,84.09,783.1,4.090000000000003,ES,Sudeste,0.22694252260173498,0,Baixo
3105004,31,76.0,89.89,773.58,13.89,MG,Sudeste,0.22693479652432577,0,Baixo
3204104,32,78.09,82.38,777.49,4.289999999999992,ES,Sudeste,0.22682103156794106,0,Baixo
3145877,31,68.32,75.97,756.33,7.650000000000006,MG,Sudeste,0.22621197618051275,0,Baixo
5218102,52,74.26,76.08,761.28,1.8199999999999932,GO,Centro-Oeste,0.2254323311332435,0,Baixo
3170800,31,67.63,70.34,758.2,2.710000000000008,MG,Sudeste,0.22527312967698007,0,Baixo
2202091,22,80.0,100.0,824.8,20.0,PI,Nordeste,0.22451752049507284,0,Baixo
5204102,52,75.28,78.35,763.44,3.069999999999993,GO,Centro-Oeste,0.22441455796949203,0,Baixo
2411403,24,37.27,51.92,733.75,14.649999999999999,RN,Nordeste,0.22436966974644315,0,Baixo
3201209,32,70.01,71.69,756.69,1.6799999999999926,ES,Sudeste,0.22420484197467755,0,Baixo
1715002,17,46.59,55.38,756.92,8.79,TO,Norte,0.22399346401486747,0,Baixo
3201001,32,77.67,84.92,774.65,7.25,ES,Sudeste,0.2233169184333581,0,Baixo
5005004,50,49.07,53.84,736.74,4.770000000000003,MS,Centro-Oeste,0.22320885949767696,0,Baixo
4215653,42,63.49,74.56,761.34,11.07,SC,Sul,0.22318964509206607,0,Baixo
2804300,28,23.62,22.01,710.19,-1.6099999999999994,SE,Nordeste,0.22290354639410956,0,Baixo
3103405,31,55.77,50.75,730.39,-5.020000000000003,MG,Sudeste,0.22263157838698316,0,Baixo
3167806,31,75.23,88.35,772.68,13.11999999999999,MG,Sudeste,0.22250190459418015,0,Baixo
5101001,51,80.0,91.53,817.84,11.530000000000001,MT,Centro-Oeste,0.2221730375655444,0,Baixo
5210000,52,80.0,87.57,774.01,7.569999999999993,GO,Centro-Oeste,0.22205174102463385,0,Baixo
2200954,22,62.04,80.95,774.51,18.910000000000004,PI,Nordeste,0.22194640668322324,0,Baixo
5208707,52,70.84,69.49,754.44,-1.3500000000000085,GO,Centro-Oeste,0.2218067661742789,0,Baixo
3104601,31,76.43,88.29,777.2,11.86,MG,Sudeste,0.22169637899269093,0,Baixo
1722107,17,37.57,42.82,734.09,5.25,TO,Norte,0.22157086391966796,0,Baixo
3529906,35,55.25,65.52,759.51,10.269999999999996,SP,Sudeste,0.22113696641306235,0,Baixo
3204005,32,80.0,85.86,782.76,5.859999999999999,ES,Sudeste,0.2210097327876783,0,Baixo
3106309,31,64.57,65.94,751.23,1.3700000000000045,MG,Sudeste,0.22041980675307976,0,Baixo
2301505,23,75.58,76.0,771.03,0.4200000000000017,CE,Nordeste,0.22030303793769793,0,Baixo
5212501,52,69.18,66.27,751.17,-2.910000000000011,GO,Centro-Oeste,0.2198594895989255,0,Baixo
3167202,31,62.22,60.35,747.02,-1.8699999999999974,MG,Sudeste,0.2197681441287299,0,Baixo
5205000,52,79.18,85.78,772.81,6.599999999999994,GO,Centro-Oeste,0.21950148688048343,0,Baixo
3151305,31,76.33,87.11,778.14,10.780000000000001,MG,Sudeste,0.21919759713379727,0,Baixo
5104500,51,56.08,67.61,749.75,11.530000000000001,MT,Centro-Oeste,0.21893019496740113,0,Baixo
4216503,42,48.42,43.26,730.99,-5.160000000000004,SC,Sul,0.2187062560184952,0,Baixo
3506904,35,56.84,69.75,762.52,12.909999999999997,SP,Sudeste,0.21862292331475283,0,Baixo
2304400,23,75.85,74.81,773.18,-1.039999999999992,CE,Nordeste,0.2186197426349488,0,Baixo
2405603,24,45.13,63.05,754.9,17.919999999999995,RN,Nordeste,0.21813442801622987,0,Baixo
5210604,52,80.0,89.89,772.94,9.89,GO,Centro-Oeste,0.21809013892250037,0,Baixo
3203056,32,74.6,80.31,767.91,5.710000000000008,ES,Sudeste,0.2178482421918793,0,Baixo
3160900,31,72.04,81.31,767.25,9.269999999999996,MG,Sudeste,0.21748127501838252,0,Baixo
2201903,22,80.0,98.95,826.83,18.950000000000003,PI,Nordeste,0.21708896072037967,0,Baixo
2202802,22,57.89,70.98,767.81,13.090000000000003,PI,Nordeste,0.21686985869039857,0,Baixo
1703073,17,26.26,18.26,712.35,-8.0,TO,Norte,0.21681395534011816,0,Baixo
3106101,31,61.99,57.69,748.69,-4.300000000000004,MG,Sudeste,0.21673535360105295,0,Baixo
2506301,25,49.72,59.62,753.13,9.899999999999999,PB,Nordeste,0.21650404095110995,0,Baixo
3108107,31,72.64,85.95,766.14,13.310000000000002,MG,Sudeste,0.21636019749516838,0,Baixo
2108405,21,49.11,61.02,746.99,11.910000000000004,MA,Nordeste,0.2159958227621834,0,Baixo
4211108,42,50.04,43.19,737.41,-6.850000000000001,SC,Sul,0.21571171603605935,0,Baixo
5003900,50,65.55,86.46,773.22,20.909999999999997,MS,Centro-Oeste,0.21568504504617067,0,Baixo
3204351,32,76.25,83.06,772.21,6.810000000000002,ES,Sudeste,0.2155608638256376,0,Baixo
5221908,52,80.0,84.78,777.22,4.780000000000001,GO,Centro-Oeste,0.21539354737666758,0,Baixo
1717206,17,41.39,54.55,740.32,13.159999999999997,TO,Norte,0.21455699223609323,0,Baixo
4202578,42,75.36,95.99,789.75,20.629999999999995,SC,Sul,0.21428559970791264,0,Baixo
2506509,25,75.36,100.0,816.06,24.64,PB,Nordeste,0.21423990674517537,0,Baixo
5004403,50,47.77,51.7,735.22,3.9299999999999997,MS,Centro-Oeste,0.21383848265873076,0,Baixo
3544400,35,62.1,82.14,773.11,20.04,SP,Sudeste,0.21374074159887738,0,Baixo
2200509,22,37.82,32.94,724.38,-4.880000000000003,PI,Nordeste,0.21268170452203805,0,Baixo
5106703,51,77.73,96.88,807.28,19.14999999999999,MT,Centro-Oeste,0.2124213621812967,0,Baixo
2707008,27,43.99,48.15,743.02,4.159999999999997,AL,Nordeste,0.21198447953498153,0,Baixo
2313807,23,80.0,82.16,783.85,2.1599999999999966,CE,Nordeste,0.2118466123590579,0,Baixo
4106100,41,60.81,69.16,761.13,8.349999999999994,PR,Sul,0.2114831875065765,0,Baixo
3150901,31,70.65,78.97,765.14,8.319999999999993,MG,Sudeste,0.2106655365459974,0,Baixo
3133758,31,76.05,89.46,776.87,13.409999999999997,MG,Sudeste,0.2104178736256701,0,Baixo
3142254,31,53.18,41.67,729.92,-11.509999999999998,MG,Sudeste,0.21023659265980857,0,Baixo
5213087,52,76.96,81.44,769.64,4.480000000000004,GO,Centro-Oeste,0.210058314749943,0,Baixo
4110052,41,50.31,43.48,742.66,-6.830000000000005,PR,Sul,0.20973298770532534,0,Baixo
5205802,52,74.54,80.7,761.53,6.159999999999997,GO,Centro-Oeste,0.2095388897744563,0,Baixo
4208807,42,54.42,56.28,744.56,1.8599999999999994,SC,Sul,0.20934090591651677,0,Baixo
2414456,24,18.14,10.95,697.76,-7.190000000000001,RN,Nordeste,0.2092693095343913,0,Baixo
3200508,32,65.44,62.88,749.3,-2.559999999999995,ES,Sudeste,0.20918556440856712,0,Baixo
3146602,31,80.0,92.86,789.07,12.86,MG,Sudeste,0.2078079994652106,0,Baixo
3103751,31,68.3,73.61,761.16,5.310000000000002,MG,Sudeste,0.207730066348802,0,Baixo
2100550,21,38.5,43.0,723.54,4.5,MA,Nordeste,0.20759409207049892,0,Baixo
5220009,52,80.0,89.53,775.02,9.530000000000001,GO,Centro-Oeste,0.20756743367724642,0,Baixo
3509106,35,62.97,81.48,777.9,18.510000000000005,SP,Sudeste,0.2071163161925636,0,Baixo
3155009,31,80.0,90.43,791.04,10.430000000000007,MG,Sudeste,0.20693880183576555,0,Baixo
5000708,50,42.53,40.97,725.62,-1.5600000000000023,MS,Centro-Oeste,0.2061908632714367,0,Baixo
2701209,27,45.25,54.19,744.1,8.939999999999998,AL,Nordeste,0.20601992509906533,0,Baixo
5218003,52,60.91,49.92,735.89,-10.989999999999995,GO,Centro-Oeste,0.20588011201594694,0,Baixo
2300754,23,80.0,82.28,784.82,2.280000000000001,CE,Nordeste,0.20577283958641604,0,Baixo
3128006,31,64.93,68.68,753.01,3.75,MG,Sudeste,0.20572336024580185,0,Baixo
3114600,31,73.37,89.76,767.82,16.39,MG,Sudeste,0.20545439368817375,0,Baixo
3132008,31,78.99,100.0,780.49,21.010000000000005,MG,Sudeste,0.20545352107267612,0,Baixo
1712454,17,40.4,48.91,742.58,8.509999999999998,TO,Norte,0.2052231519342434,0,Baixo
5221452,52,80.0,94.47,771.76,14.469999999999999,GO,Centro-Oeste,0.20509612871447003,0,Baixo
3170602,31,65.72,69.23,755.57,3.510000000000005,MG,Sudeste,0.2050793447127033,0,Baixo
3149309,31,65.85,69.22,756.06,3.3700000000000045,MG,Sudeste,0.20500993339019535,0,Baixo
5201504,52,67.8,65.8,749.1,-2.0,GO,Centro-Oeste,0.20494700531210192,0,Baixo
5105200,51,58.84,67.06,762.63,8.219999999999999,MT,Centro-Oeste,0.2045457083746385,0,Baixo
3121605,31,66.2,70.61,756.47,4.409999999999997,MG,Sudeste,0.20397354079320706,0,Baixo
2206308,22,57.92,84.62,759.99,26.700000000000003,PI,Nordeste,0.2037712333443524,0,Baixo
5216007,52,76.74,84.18,767.9,7.440000000000012,GO,Centro-Oeste,0.2037663520108067,0,Baixo
5204201,52,69.81,64.29,757.71,-5.519999999999996,GO,Centro-Oeste,0.20376336059497052,0,Baixo
4213906,42,57.74,61.9,753.35,4.159999999999997,SC,Sul,0.20374507886924098,0,Baixo
2101905,21,47.27,59.75,743.45,12.479999999999997,MA,Nordeste,0.20354294831749564,0,Baixo
2806909,28,48.68,81.25,759.88,32.57,SE,Nordeste,0.20341548800226492,0,Baixo
5214606,52,75.04,80.22,764.78,5.179999999999993,GO,Centro-Oeste,0.20338726029623905,0,Baixo
3158102,31,57.91,60.65,734.11,2.740000000000002,MG,Sudeste,0.20297600143225195,0,Baixo
5217104,52,71.77,71.69,759.42,-0.0799999999999983,GO,Centro-Oeste,0.20289148797925605,0,Baixo
3124708,31,80.0,100.0,784.63,20.0,MG,Sudeste,0.20271168514602667,0,Baixo
3162955,31,68.1,75.09,760.24,6.990000000000009,MG,Sudeste,0.20257955384562265,0,Baixo
2308708,23,74.45,76.09,770.04,1.6400000000000006,CE,Nordeste,0.2020227148512498,0,Baixo
3124906,31,64.17,68.59,751.05,4.420000000000002,MG,Sudeste,0.20166160064410335,0,Baixo
4101655,41,62.76,76.31,764.64,13.550000000000004,PR,Sul,0.20123296269875143,0,Baixo
4116307,41,61.98,80.0,759.2,18.020000000000003,PR,Sul,0.20044504121343001,0,Baixo
3106408,31,80.0,97.32,787.07,17.319999999999993,MG,Sudeste,0.20028114020966634,0,Baixo
5211503,52,72.98,74.44,762.31,1.4599999999999937,GO,Centro-Oeste,0.1997119769955207,0,Baixo
2307700,23,79.83,81.66,785.76,1.8299999999999983,CE,Nordeste,0.19965472177691362,0,Baixo
5204409,52,77.6,84.82,771.29,7.219999999999999,GO,Centro-Oeste,0.19953378023196477,0,Baixo
3152501,31,65.78,70.53,755.82,4.75,MG,Sudeste,0.19945189849000983,0,Baixo
3106200,31,64.91,68.58,754.17,3.6700000000000017,MG,Sudeste,0.1992388117079446,0,Baixo
5202353,52,80.0,83.64,780.94,3.6400000000000006,GO,Centro-Oeste,0.19905807558727323,0,Baixo
3140605,31,50.48,28.57,731.94,-21.909999999999997,MG,Sudeste,0.19901265189650855,0,Baixo
5204706,52,75.68,81.71,766.78,6.029999999999987,GO,Centro-Oeste,0.198930620049677,0,Baixo
3205309,32,70.39,73.2,761.34,2.8100000000000023,ES,Sudeste,0.19874638464708977,0,Baixo
2201176,22,67.24,93.18,788.31,25.940000000000012,PI,Nordeste,0.19814701457723158,0,Baixo
3131703,31,64.62,68.15,753.65,3.530000000000001,MG,Sudeste,0.1980934254508881,0,Baixo
5202502,52,79.87,90.33,775.65,10.459999999999994,GO,Centro-Oeste,0.19804122073221758,0,Baixo
5221007,52,72.86,75.0,761.96,2.1400000000000006,GO,Centro-Oeste,0.1969378254325371,0,Baixo
3203106,32,73.22,77.2,768.92,3.980000000000004,ES,Sudeste,0.19690205910282108,0,Baixo
3165107,31,71.89,82.09,769.76,10.200000000000003,MG,Sudeste,0.1967787446993981,0,Baixo
1707306,17,48.81,68.54,759.86,19.730000000000004,TO,Norte,0.1966380655944367,0,Baixo
5103007,51,58.18,69.0,760.25,10.82,MT,Centro-Oeste,0.19643585001577113,0,Baixo
3117801,31,67.79,77.03,758.78,9.239999999999995,MG,Sudeste,0.19641659662867894,0,Baixo
3169901,31,69.49,79.09,763.39,9.600000000000009,MG,Sudeste,0.1964086304113754,0,Baixo
3147501,31,80.0,90.91,792.58,10.909999999999997,MG,Sudeste,0.1963348994078908,0,Baixo
5200209,52,72.84,78.26,759.56,5.420000000000002,GO,Centro-Oeste,0.19633091664589522,0,Baixo
3102704,31,66.71,77.96,754.22,11.25,MG,Sudeste,0.19618520594373717,0,Baixo
2607950,26,64.94,81.67,771.93,16.730000000000004,PE,Nordeste,0.19605306884226117,0,Baixo
2208403,22,47.39,54.59,745.76,7.200000000000003,PI,Nordeste,0.19601344211658916,0,Baixo
3134806,31,73.7,85.13,774.19,11.429999999999993,MG,Sudeste,0.1959216125244381,0,Baixo
3148905,31,80.0,100.0,785.95,20.0,MG,Sudeste,0.19541096326464721,0,Baixo
3120409,31,74.55,89.96,773.89,15.409999999999997,MG,Sudeste,0.1946239476980942,0,Baixo
5205471,52,80.0,87.51,778.9,7.510000000000005,GO,Centro-Oeste,0.1943728633368994,0,Baixo
5205513,52,79.67,88.6,776.9,8.929999999999993,GO,Centro-Oeste,0.194324011839542,0,Baixo
2301703,23,75.05,73.84,775.3,-1.2099999999999937,CE,Nordeste,0.19426952923388965,0,Baixo
5006259,50,57.95,78.44,755.61,20.489999999999995,MS,Centro-Oeste,0.19377111025448995,0,Baixo
3508900,35,55.89,65.71,766.51,9.819999999999993,SP,Sudeste,0.19364158415024496,0,Baixo
5004304,50,51.37,60.02,745.62,8.650000000000006,MS,Centro-Oeste,0.19358686726669674,0,Baixo
3130903,31,72.17,84.81,769.35,12.64,MG,Sudeste,0.19344631582576519,0,Baixo
2300309,23,68.24,64.59,757.76,-3.6499999999999915,CE,Nordeste,0.19332149665216777,0,Baixo
2309706,23,77.22,78.36,779.95,1.1400000000000006,CE,Nordeste,0.19328660114140067,0,Baixo
3136702,31,55.31,49.55,734.83,-5.760000000000005,MG,Sudeste,0.19293942487471621,0,Baixo
3135704,31,61.44,65.96,744.73,4.519999999999996,MG,Sudeste,0.19293758083853443,0,Baixo
2210409,22,44.67,45.19,743.52,0.519999999999996,PI,Nordeste,0.19292634088648425,0,Baixo
3155801,31,70.01,78.55,766.33,8.539999999999992,MG,Sudeste,0.19284616682881453,0,Baixo
2308104,23,80.0,84.55,785.48,4.549999999999997,CE,Nordeste,0.19272501571656528,0,Baixo
3523008,35,59.5,79.05,769.77,19.549999999999997,SP,Sudeste,0.19267051648234593,0,Baixo
3158805,31,77.38,86.67,786.98,9.290000000000006,MG,Sudeste,0.1924996317137331,0,Baixo
3151008,31,72.7,85.01,771.32,12.310000000000002,MG,Sudeste,0.1923528759455801,0,Baixo
3127404,31,67.92,77.02,760.02,9.099999999999994,MG,Sudeste,0.19227595384999388,0,Baixo
2505006,25,74.36,97.47,818.25,23.11,PB,Nordeste,0.1922624384980982,0,Baixo
3150703,31,68.75,76.8,763.2,8.049999999999997,MG,Sudeste,0.19220534965921707,0,Baixo
2404002,24,35.57,47.06,736.87,11.490000000000002,RN,Nordeste,0.1921887417329362,0,Baixo
2303709,23,71.16,69.01,765.26,-2.1499999999999915,CE,Nordeste,0.19200697626511395,0,Baixo
5213806,52,68.01,65.87,752.17,-2.1400000000000006,GO,Centro-Oeste,0.19191290719000406,0,Baixo
2610004,26,54.86,64.85,748.86,9.989999999999995,PE,Nordeste,0.19165496968911655,0,Baixo
3511201,35,62.68,84.7,777.26,22.020000000000003,SP,Sudeste,0.191523079723448,0,Baixo
3138203,31,64.0,67.11,753.4,3.1099999999999994,MG,Sudeste,0.1914835068492636,0,Baixo
3126208,31,67.22,74.9,759.23,7.680000000000007,MG,Sudeste,0.1914347226683619,0,Baixo
3138658,31,69.16,78.07,763.89,8.909999999999997,MG,Sudeste,0.1913619189806841,0,Baixo
3106655,31,72.0,83.33,770.25,11.329999999999998,MG,Sudeste,0.19124772928955105,0,Baixo
2207900,22,40.49,41.98,731.14,1.4899999999999949,PI,Nordeste,0.19110049771449528,0,Baixo
3107901,31,64.21,68.27,753.38,4.060000000000002,MG,Sudeste,0.19101117768883488,0,Baixo
3544103,35,46.18,57.14,738.33,10.96,SP,Sudeste,0.19076722738915408,0,Baixo
3201407,32,74.61,82.7,770.98,8.090000000000003,ES,Sudeste,0.19069150566846488,0,Baixo
3133501,31,74.72,84.46,779.37,9.739999999999995,MG,Sudeste,0.1905713579790219,0,Baixo
5221601,52,72.67,76.87,761.08,4.200000000000003,GO,Centro-Oeste,0.19040450638330322,0,Baixo
3143302,31,67.55,75.18,760.41,7.63000000000001,MG,Sudeste,0.19038583148141222,0,Baixo
3169356,31,72.02,83.86,770.09,11.840000000000003,MG,Sudeste,0.19036880687985175,0,Baixo
3536604,35,60.02,80.89,770.73,20.869999999999997,SP,Sudeste,0.19022548081868282,0,Baixo
2303501,23,80.0,82.6,787.48,2.5999999999999943,CE,Nordeste,0.1898193089784225,0,Baixo
3144409,31,73.25,86.3,772.84,13.049999999999997,MG,Sudeste,0.1896970074304334,0,Baixo
2309458,23,80.0,84.77,785.9,4.769999999999996,CE,Nordeste,0.189589442189849,0,Baixo
3134707,31,56.55,55.44,735.54,-1.1099999999999994,MG,Sudeste,0.18955808996526302,0,Baixo
3125101,31,64.96,69.33,755.59,4.3700000000000045,MG,Sudeste,0.1894618789074444,0,Baixo
1701309,17,40.05,52.57,741.47,12.520000000000003,TO,Norte,0.18933253905415237,0,Baixo
5107883,51,70.03,94.74,785.18,24.709999999999994,MT,Centro-Oeste,0.18931754208113605,0,Baixo
3153608,31,61.77,60.98,750.34,-0.7900000000000063,MG,Sudeste,0.1892300576707687,0,Baixo
3150802,31,66.59,75.27,757.17,8.679999999999993,MG,Sudeste,0.18878723328163574,0,Baixo
3201308,32,64.61,64.57,748.76,-0.04000000000000625,ES,Sudeste,0.1886014665973329,0,Baixo
3123304,31,77.68,95.99,781.83,18.309999999999988,MG,Sudeste,0.1885619870067947,0,Baixo
3109501,31,74.47,86.58,777.26,12.11,MG,Sudeste,0.18854592445323878,0,Baixo
2608255,26,55.61,68.81,749.24,13.200000000000003,PE,Nordeste,0.18829685182981112,0,Baixo
3166105,31,57.39,56.52,738.04,-0.8699999999999974,MG,Sudeste,0.1881269467541001,0,Baixo
2301406,23,80.0,80.42,789.43,0.4200000000000017,CE,Nordeste,0.18812094430608553,0,Baixo
3204203,32,68.14,70.65,757.12,2.510000000000005,ES,Sudeste,0.1878662320279581,0,Baixo
3160801,31,65.33,76.67,751.74,11.340000000000003,MG,Sudeste,0.18785954308469263,0,Baixo
2208205,22,49.06,58.16,750.69,9.099999999999994,PI,Nordeste,0.18762748254214884,0,Baixo
5214861,52,80.0,87.68,780.09,7.680000000000007,GO,Centro-Oeste,0.18731693511774875,0,Baixo
2302206,23,78.66,81.6,783.86,2.9399999999999977,CE,Nordeste,0.18727587472037732,0,Baixo
3108305,31,70.17,81.21,766.0,11.039999999999992,MG,Sudeste,0.18707647378154843,0,Baixo
2607000,26,62.73,79.7,767.11,16.970000000000006,PE,Nordeste,0.18691984004506418,0,Baixo
3165008,31,80.0,94.92,791.36,14.920000000000002,MG,Sudeste,0.18677652153314359,0,Baixo
2302701,23,80.0,82.79,788.02,2.7900000000000063,CE,Nordeste,0.18620663430532575,0,Baixo
3154002,31,71.17,84.96,767.02,13.789999999999992,MG,Sudeste,0.1859834905667739,0,Baixo
2205409,22,63.53,81.27,786.13,17.739999999999995,PI,Nordeste,0.18560702012117927,0,Baixo
3107505,31,58.19,60.13,738.81,1.9400000000000048,MG,Sudeste,0.1850918899030624,0,Baixo
1718865,17,32.01,31.33,729.11,-0.6799999999999997,TO,Norte,0.18492125343750546,0,Baixo
3105301,31,75.43,94.51,775.49,19.08,MG,Sudeste,0.1849167507556562,0,Baixo
4209706,42,53.3,56.41,744.93,3.1099999999999994,SC,Sul,0.18457291267200404,0,Baixo
5101704,51,60.4,72.78,767.69,12.380000000000003,MT,Centro-Oeste,0.18447329368554535,0,Baixo
3109006,31,73.32,87.73,773.05,14.41000000000001,MG,Sudeste,0.18428386850950784,0,Baixo
2612604,26,56.71,64.37,757.32,7.660000000000004,PE,Nordeste,0.18419574440957903,0,Baixo
3169000,31,65.42,71.46,756.76,6.039999999999992,MG,Sudeste,0.18367470118018794,0,Baixo
3125200,31,74.46,86.96,777.89,12.5,MG,Sudeste,0.1835529657982887,0,Baixo
4213302,42,53.38,60.53,742.4,7.149999999999999,SC,Sul,0.1832073880908689,0,Baixo
5200555,52,70.9,72.47,759.34,1.5699999999999932,GO,Centro-Oeste,0.18317758383465205,0,Baixo
3162708,31,73.45,87.33,774.11,13.879999999999995,MG,Sudeste,0.18277333470693846,0,Baixo
3166303,31,72.16,84.85,771.34,12.689999999999998,MG,Sudeste,0.18255934902807794,0,Baixo
5209200,52,69.27,70.28,755.23,1.0100000000000051,GO,Centro-Oeste,0.18241006220975714,0,Baixo
5220603,52,80.0,91.2,778.4,11.200000000000003,GO,Centro-Oeste,0.18238818711934396,0,Baixo
3131158,31,68.46,77.71,763.38,9.25,MG,Sudeste,0.18212799503690244,0,Baixo
2500700,25,54.19,72.85,765.63,18.659999999999997,PB,Nordeste,0.18210162934853635,0,Baixo
2202752,22,62.78,89.29,778.12,26.510000000000005,PI,Nordeste,0.18195529823499207,0,Baixo
3114550,31,61.28,64.51,747.38,3.230000000000004,MG,Sudeste,0.1816179921236631,0,Baixo
5106208,51,63.6,81.37,773.41,17.770000000000003,MT,Centro-Oeste,0.18151779254561776,0,Baixo
2308302,23,76.7,79.33,779.58,2.6299999999999955,CE,Nordeste,0.18147492247630254,0,Baixo
3117009,31,65.35,68.38,759.25,3.030000000000001,MG,Sudeste,0.1813997634046052,0,Baixo
2303600,23,79.46,81.25,788.16,1.7900000000000063,CE,Nordeste,0.1813078855160035,0,Baixo
3127800,31,74.18,86.04,778.02,11.86,MG,Sudeste,0.1812006818562605,0,Baixo
3123205,31,70.33,85.44,764.55,15.11,MG,Sudeste,0.18116088029547991,0,Baixo
3145901,31,70.05,81.33,766.63,11.280000000000001,MG,Sudeste,0.18106484101115067,0,Baixo
3134004,31,61.32,64.84,747.49,3.520000000000003,MG,Sudeste,0.1805266398056244,0,Baixo
2310001,23,73.49,74.59,771.72,1.1000000000000085,CE,Nordeste,0.1804154096456994,0,Baixo
4206751,42,70.21,96.17,777.17,25.960000000000008,SC,Sul,0.18037432547359245,0,Baixo
5219258,52,77.81,92.78,769.69,14.969999999999999,GO,Centro-Oeste,0.180360516246749,0,Baixo
5211909,52,69.15,69.92,755.5,0.769999999999996,GO,Centro-Oeste,0.1801711450147389,0,Baixo
2303204,23,80.0,82.61,789.33,2.6099999999999994,CE,Nordeste,0.18010640691648183,0,Baixo
3148103,31,67.71,76.21,762.24,8.5,MG,Sudeste,0.17980890451534667,0,Baixo
3127370,31,71.64,91.43,765.09,19.790000000000006,MG,Sudeste,0.17971548408215757,0,Baixo
3110707,31,72.66,85.08,773.64,12.420000000000002,MG,Sudeste,0.17914979484503585,0,Baixo
3120201,31,71.31,86.07,768.02,14.759999999999991,MG,Sudeste,0.17913031482778746,0,Baixo
5103353,51,49.32,54.24,742.53,4.920000000000002,MT,Centro-Oeste,0.1790456533969611,0,Baixo
2503100,25,67.06,89.73,800.17,22.67,PB,Nordeste,0.1789634513830544,0,Baixo
5222005,52,80.0,89.5,780.45,9.5,GO,Centro-Oeste,0.1783953528549146,0,Baixo
5204508,52,65.72,62.94,748.71,-2.780000000000001,GO,Centro-Oeste,0.17814869231685704,0,Baixo
5220405,52,75.0,82.29,767.83,7.290000000000006,GO,Centro-Oeste,0.1780219375556127,0,Baixo
5200829,52,80.0,89.83,780.31,9.829999999999998,GO,Centro-Oeste,0.17785276172997766,0,Baixo
2206951,22,58.73,82.08,769.75,23.35,PI,Nordeste,0.17741915924451782,0,Baixo
5216403,52,67.71,67.88,752.46,0.1700000000000017,GO,Centro-Oeste,0.1768994882290854,0,Baixo
3124500,31,74.78,91.03,777.35,16.25,MG,Sudeste,0.17665435453238923,0,Baixo
3151909,31,80.0,95.65,792.8,15.650000000000006,MG,Sudeste,0.17653604596776504,0,Baixo
2300150,23,78.68,81.21,786.34,2.529999999999987,CE,Nordeste,0.17635828616419538,0,Baixo
3145109,31,72.66,86.57,773.09,13.909999999999997,MG,Sudeste,0.17628798492980458,0,Baixo
2502052,25,67.42,93.94,798.87,26.519999999999996,PB,Nordeste,0.17619324946081835,0,Baixo
3200300,32,76.17,87.55,775.8,11.379999999999995,ES,Sudeste,0.176124520658658,0,Baixo
3147956,31,77.83,97.25,783.86,19.42,MG,Sudeste,0.17600082460477232,0,Baixo
3160702,31,63.81,69.94,753.6,6.1299999999999955,MG,Sudeste,0.1758647109564212,0,Baixo
1720309,17,41.81,58.96,745.66,17.15,TO,Norte,0.17585819823846677,0,Baixo
3156908,31,69.15,79.62,765.72,10.469999999999999,MG,Sudeste,0.1756429398165458,0,Baixo
2206506,22,80.0,97.7,835.49,17.700000000000003,PI,Nordeste,0.17498251281401567,0,Baixo
3134301,31,65.98,73.75,758.79,7.769999999999996,MG,Sudeste,0.17490992571044411,0,Baixo
5221080,52,64.39,62.3,745.05,-2.0900000000000034,GO,Centro-Oeste,0.17475946262237133,0,Baixo
4315057,43,53.45,95.2,788.29,41.75,RS,Sul,0.17473817759351642,0,Baixo
3106705,31,62.45,66.62,751.44,4.170000000000002,MG,Sudeste,0.17448008169949084,0,Baixo
3166709,31,61.01,65.83,746.88,4.82,MG,Sudeste,0.17419053955505615,0,Baixo
2313104,23,80.0,84.32,789.25,4.319999999999993,CE,Nordeste,0.17404517281119725,0,Baixo
3144003,31,67.47,76.73,762.13,9.260000000000005,MG,Sudeste,0.1740144233024748,0,Baixo
3140001,31,62.34,65.6,751.93,3.259999999999991,MG,Sudeste,0.17385648832804168,0,Baixo
2306256,23,80.0,85.11,788.72,5.109999999999999,CE,Nordeste,0.17374165997995472,0,Baixo
3134400,31,63.73,69.61,753.99,5.880000000000003,MG,Sudeste,0.17370027776779465,0,Baixo
3133402,31,69.06,77.3,767.52,8.239999999999995,MG,Sudeste,0.1736911597475275,0,Baixo
5107263,51,61.2,76.83,769.68,15.629999999999995,MT,Centro-Oeste,0.17363673697617515,0,Baixo
3131802,31,69.66,83.44,765.11,13.780000000000001,MG,Sudeste,0.17363045541894367,0,Baixo
3110608,31,69.92,81.94,767.19,12.019999999999996,MG,Sudeste,0.1735431250183094,0,Baixo
3104304,31,73.63,88.09,776.23,14.460000000000008,MG,Sudeste,0.17245144415647964,0,Baixo
3156700,31,64.61,71.68,756.14,7.070000000000007,MG,Sudeste,0.17115027882474615,0,Baixo
5218789,52,79.47,96.08,775.06,16.61,GO,Centro-Oeste,0.1711467666030521,0,Baixo
3127602,31,75.99,91.11,782.88,15.120000000000005,MG,Sudeste,0.17061687290576863,0,Baixo
5204250,52,74.82,79.19,771.04,4.3700000000000045,GO,Centro-Oeste,0.17032615399322065,0,Baixo
4210704,42,45.04,37.3,732.17,-7.740000000000002,SC,Sul,0.1702758533409472,0,Baixo
2209872,22,42.15,43.37,740.18,1.2199999999999989,PI,Nordeste,0.17019435695577942,0,Baixo
2307205,23,76.08,77.45,781.01,1.3700000000000045,CE,Nordeste,0.17008575856884497,0,Baixo
3105103,31,70.44,80.48,770.9,10.040000000000006,MG,Sudeste,0.16990655730166537,0,Baixo
2210656,22,56.4,75.67,767.64,19.270000000000003,PI,Nordeste,0.16983524541209022,0,Baixo
1718303,17,33.54,38.49,732.28,4.950000000000003,TO,Norte,0.1697888761175398,0,Baixo
5213707,52,70.85,75.02,759.92,4.170000000000002,GO,Centro-Oeste,0.16973111092340493,0,Baixo
1717503,17,37.45,43.07,743.04,5.619999999999997,TO,Norte,0.16958276684442133,0,Baixo
5214903,52,67.36,71.43,750.04,4.070000000000007,GO,Centro-Oeste,0.1694425022110603,0,Baixo
3109303,31,61.24,62.9,750.94,1.6599999999999966,MG,Sudeste,0.16907844598309857,0,Baixo
3170529,31,64.46,67.15,759.42,2.690000000000012,MG,Sudeste,0.1690235897562884,0,Baixo
3157278,31,61.13,67.82,746.88,6.689999999999991,MG,Sudeste,0.1689910625068804,0,Baixo
3143906,31,65.5,73.13,758.72,7.6299999999999955,MG,Sudeste,0.16897040804687544,0,Baixo
5007935,50,58.04,78.58,760.66,20.54,MS,Centro-Oeste,0.16893001447701025,0,Baixo
2410603,24,44.73,67.22,759.47,22.490000000000002,RN,Nordeste,0.16888814499931878,0,Baixo
3129806,31,60.87,63.66,749.09,2.789999999999999,MG,Sudeste,0.1688015215628228,0,Baixo
3114303,31,73.41,86.19,777.61,12.780000000000001,MG,Sudeste,0.16874703860119117,0,Baixo
3149606,31,69.27,81.37,766.24,12.100000000000009,MG,Sudeste,0.1687456085213169,0,Baixo
2506202,25,51.69,71.43,760.33,19.74000000000001,PB,Nordeste,0.16865519603138102,0,Baixo
2609709,26,67.32,91.54,778.47,24.220000000000013,PE,Nordeste,0.16861338293235298,0,Baixo
5200050,52,66.39,64.46,751.96,-1.9300000000000068,GO,Centro-Oeste,0.1683935112931712,0,Baixo
3144706,31,66.71,72.22,763.92,5.510000000000005,MG,Sudeste,0.16827763887605005,0,Baixo
5209937,52,77.33,87.01,774.7,9.680000000000007,GO,Centro-Oeste,0.16822937655842402,0,Baixo
3166808,31,66.42,72.87,762.48,6.450000000000003,MG,Sudeste,0.16781591635640866,0,Baixo
3161007,31,72.5,84.25,776.05,11.75,MG,Sudeste,0.1673856487754064,0,Baixo
3164704,31,70.13,81.09,769.86,10.960000000000008,MG,Sudeste,0.1672921114135253,0,Baixo
3170206,31,60.41,62.63,748.55,2.220000000000006,MG,Sudeste,0.1670875953634167,0,Baixo
3122207,31,71.49,87.1,770.35,15.61,MG,Sudeste,0.16697421950583166,0,Baixo
5205059,52,80.0,91.3,781.43,11.299999999999997,GO,Centro-Oeste,0.16687120634779165,0,Baixo
3126901,31,61.89,64.71,752.42,2.819999999999993,MG,Sudeste,0.16673921343198217,0,Baixo
2301000,23,80.0,83.99,791.02,3.989999999999995,CE,Nordeste,0.1665790459882979,0,Baixo
3141108,31,58.03,57.88,743.64,-0.14999999999999858,MG,Sudeste,0.1663826860756868,0,Baixo
4206207,42,61.57,76.93,763.15,15.360000000000007,SC,Sul,0.1662527988976512,0,Baixo
5214051,52,80.0,94.04,779.6,14.040000000000006,GO,Centro-Oeste,0.1658154370618701,0,Baixo
3503000,35,55.06,72.03,764.24,16.97,SP,Sudeste,0.1657671407932761,0,Baixo
2310852,23,80.0,88.62,787.9,8.620000000000005,CE,Nordeste,0.1649329719346789,0,Baixo
3166956,31,80.0,95.99,794.95,15.989999999999995,MG,Sudeste,0.16473538431166238,0,Baixo
2807303,28,32.81,42.47,739.05,9.659999999999997,SE,Nordeste,0.16414533657988928,0,Baixo
5219456,52,80.0,95.83,778.65,15.829999999999998,GO,Centro-Oeste,0.16395771720054628,0,Baixo
3141702,31,61.93,63.47,754.08,1.5399999999999991,MG,Sudeste,0.16392502758897382,0,Baixo
3103900,31,75.83,88.5,785.67,12.670000000000002,MG,Sudeste,0.16377467946410168,0,Baixo
5213509,52,75.75,81.87,773.77,6.1200000000000045,GO,Centro-Oeste,0.16371193737549314,0,Baixo
3115474,31,67.33,75.75,764.52,8.420000000000002,MG,Sudeste,0.16348889732941208,0,Baixo
2400604,24,25.17,21.43,724.13,-3.740000000000002,RN,Nordeste,0.1632942897460308,0,Baixo
3111200,31,72.79,85.57,777.06,12.779999999999987,MG,Sudeste,0.16285046762272803,0,Baixo
2207207,22,80.0,100.0,836.28,20.0,PI,Nordeste,0.16276321458593596,0,Baixo
3152131,31,67.38,76.36,764.45,8.980000000000004,MG,Sudeste,0.16251667832182343,0,Baixo
3146552,31,68.17,76.4,767.41,8.230000000000004,MG,Sudeste,0.16189307603331146,0,Baixo
3147808,31,67.24,77.27,763.4,10.030000000000001,MG,Sudeste,0.16187045821002122,0,Baixo
3131505,31,61.72,63.82,753.52,2.1000000000000014,MG,Sudeste,0.16174284088128307,0,Baixo
5220157,52,76.76,85.76,774.94,9.0,GO,Centro-Oeste,0.16169774571791268,0,Baixo
5207352,52,77.65,90.91,774.36,13.259999999999991,GO,Centro-Oeste,0.1614501188105718,0,Baixo
3156106,31,69.35,81.94,767.63,12.590000000000003,MG,Sudeste,0.16144455726397194,0,Baixo
2210623,22,41.31,50.0,734.01,8.689999999999998,PI,Nordeste,0.1614261119544594,0,Baixo
2307650,23,80.0,84.92,791.45,4.920000000000002,CE,Nordeste,0.16122789118021602,0,Baixo
3152709,31,75.29,93.22,780.73,17.929999999999993,MG,Sudeste,0.16120742517028988,0,Baixo
3204054,32,72.65,80.91,771.14,8.259999999999991,ES,Sudeste,0.16102857410872354,0,Baixo
3168002,31,72.65,86.34,776.4,13.689999999999998,MG,Sudeste,0.16086267619199696,0,Baixo
5000609,50,54.14,69.72,754.91,15.579999999999998,MS,Centro-Oeste,0.16066878185327063,0,Baixo
2516300,25,47.42,64.53,751.72,17.11,PB,Nordeste,0.16066466038804209,0,Baixo
2201556,22,67.2,89.26,798.46,22.060000000000002,PI,Nordeste,0.16065671361649717,0,Baixo
2310308,23,80.0,88.35,789.04,8.349999999999994,CE,Nordeste,0.16049943059959368,0,Baixo
3515129,35,58.34,88.58,764.9,30.239999999999995,SP,Sudeste,0.16020968139348155,0,Baixo
5200902,52,73.63,80.65,767.77,7.02000000000001,GO,Centro-Oeste,0.160152169675805,0,Baixo
5209101,52,71.92,77.63,763.85,5.709999999999994,GO,Centro-Oeste,0.1601210797957769,0,Baixo
3118304,31,69.8,82.19,769.38,12.39,MG,Sudeste,0.15999749365850247,0,Baixo
3160959,31,80.0,93.62,797.8,13.620000000000005,MG,Sudeste,0.1596568817060885,0,Baixo
5103452,51,65.29,83.58,782.35,18.289999999999992,MT,Centro-Oeste,0.1595583637720776,0,Baixo
5218805,52,80.0,89.88,784.04,9.879999999999995,GO,Centro-Oeste,0.15953836529937637,0,Baixo
3101102,31,58.93,57.63,748.58,-1.2999999999999972,MG,Sudeste,0.15930133973119875,0,Baixo
4207577,42,76.14,97.09,802.26,20.950000000000003,SC,Sul,0.1592318094184469,0,Baixo
2513208,25,61.68,86.28,787.36,24.6,PB,Nordeste,0.1591450681058391,0,Baixo
1721307,17,40.4,53.85,747.87,13.450000000000003,TO,Norte,0.1590007007998606,0,Baixo
3128709,31,62.12,66.93,753.27,4.810000000000009,MG,Sudeste,0.1588046201928642,0,Baixo
5006408,50,47.79,55.86,742.73,8.07,MS,Centro-Oeste,0.15870056052020542,0,Baixo
1703826,17,42.68,64.0,748.65,21.32,TO,Norte,0.15842377847184835,0,Baixo
3202702,32,75.79,87.99,777.78,12.199999999999989,ES,Sudeste,0.1583406190774931,0,Baixo
5220108,52,70.81,76.27,761.3,5.459999999999994,GO,Centro-Oeste,0.15804220971483354,0,Baixo
2606705,26,52.17,62.42,747.73,10.25,PE,Nordeste,0.15781007982919834,0,Baixo
5201702,52,68.86,72.16,757.41,3.299999999999997,GO,Centro-Oeste,0.15762939201005777,0,Baixo
3133600,31,61.14,67.89,749.3,6.75,MG,Sudeste,0.15745147068931203,0,Baixo
3130705,31,54.94,53.9,737.36,-1.0399999999999991,MG,Sudeste,0.15734580578848684,0,Baixo
5108501,51,48.66,52.77,745.73,4.1100000000000065,MT,Centro-Oeste,0.15729075068297835,0,Baixo
5100805,51,58.87,74.17,766.66,15.300000000000004,MT,Centro-Oeste,0.1572712550697509,0,Baixo
3127503,31,70.75,82.31,773.35,11.560000000000002,MG,Sudeste,0.15711234579596428,0,Baixo
2311900,23,76.77,81.55,783.2,4.780000000000001,CE,Nordeste,0.15698959019172115,0,Baixo
3200136,32,80.0,94.55,788.41,14.549999999999997,ES,Sudeste,0.156921896235108,0,Baixo
3171071,31,67.91,77.02,767.1,9.11,MG,Sudeste,0.15680804519589234,0,Baixo
3133808,31,73.0,88.76,776.74,15.760000000000005,MG,Sudeste,0.15676551901863367,0,Baixo
3122355,31,60.41,62.69,750.74,2.280000000000001,MG,Sudeste,0.15657372133734107,0,Baixo
3130309,31,80.0,94.08,798.13,14.079999999999998,MG,Sudeste,0.15654422850748773,0,Baixo
2805901,28,25.46,31.48,722.38,6.02,SE,Nordeste,0.15622764732931474,0,Baixo
3142700,31,58.73,60.75,746.25,2.020000000000003,MG,Sudeste,0.15595183988736686,0,Baixo
3165552,31,58.89,60.0,747.4,1.1099999999999994,MG,Sudeste,0.1559050129091892,0,Baixo
2605707,26,47.6,51.67,739.67,4.07,PE,Nordeste,0.1558363922994887,0,Baixo
3166907,31,69.02,80.88,768.49,11.86,MG,Sudeste,0.1556099593740114,0,Baixo
2104107,21,56.35,78.25,771.92,21.9,MA,Nordeste,0.15543604316338683,0,Baixo
3204955,32,76.21,89.65,778.71,13.440000000000012,ES,Sudeste,0.1553475899227354,0,Baixo
5203807,52,80.0,92.82,782.77,12.819999999999993,GO,Centro-Oeste,0.15526384666279572,0,Baixo
3202504,32,71.61,81.16,768.48,9.549999999999997,ES,Sudeste,0.15507838926140974,0,Baixo
3149804,31,71.73,83.41,776.55,11.679999999999993,MG,Sudeste,0.15492943584653335,0,Baixo
5204656,52,73.43,81.73,767.48,8.299999999999997,GO,Centro-Oeste,0.15444437929779548,0,Baixo
2504074,25,58.68,87.82,776.4,29.139999999999993,PB,Nordeste,0.15435914411805937,0,Baixo
3148400,31,73.38,90.14,777.62,16.760000000000005,MG,Sudeste,0.1543156066342031,0,Baixo
2313401,23,80.0,86.1,792.13,6.099999999999994,CE,Nordeste,0.15403055623280773,0,Baixo
2102309,21,45.96,57.18,750.45,11.219999999999999,MA,Nordeste,0.15383195294051671,0,Baixo
2612406,26,53.98,65.85,752.59,11.869999999999997,PE,Nordeste,0.15380248053507067,0,Baixo
3142601,31,68.28,78.89,767.72,10.61,MG,Sudeste,0.15371256013979157,0,Baixo
5215256,52,80.0,94.54,781.95,14.540000000000006,GO,Centro-Oeste,0.15315290358943248,0,Baixo
3119203,31,63.99,73.42,756.42,9.43,MG,Sudeste,0.153141612473888,0,Baixo
3145372,31,71.83,92.71,770.39,20.879999999999995,MG,Sudeste,0.1529663914372166,0,Baixo
5219605,52,80.0,91.67,784.14,11.670000000000002,GO,Centro-Oeste,0.15295810405217128,0,Baixo
5215231,52,61.34,57.35,742.43,-3.990000000000002,GO,Centro-Oeste,0.15242876530873234,0,Baixo
3110103,31,65.53,76.5,759.86,10.969999999999999,MG,Sudeste,0.15236416189527302,0,Baixo
3118601,31,62.31,69.05,753.81,6.739999999999995,MG,Sudeste,0.152251161352834,0,Baixo
3168705,31,63.78,70.28,758.25,6.5,MG,Sudeste,0.15206045542919244,0,Baixo
5221858,52,64.3,64.23,748.08,-0.06999999999999318,GO,Centro-Oeste,0.1520306403746847,0,Baixo
5217708,52,75.41,86.03,772.03,10.620000000000005,GO,Centro-Oeste,0.15172729282754344,0,Baixo
3140555,31,63.08,70.1,756.01,7.019999999999996,MG,Sudeste,0.1513574355217736,0,Baixo
4209151,42,50.48,52.77,744.34,2.2900000000000063,SC,Sul,0.15127471293001615,0,Baixo
3161403,31,66.11,78.59,760.64,12.480000000000004,MG,Sudeste,0.15126856313385956,0,Baixo
3161106,31,57.15,58.24,743.48,1.0900000000000034,MG,Sudeste,0.15113705118750054,0,Baixo
3163904,31,77.87,97.05,789.42,19.179999999999993,MG,Sudeste,0.15105303400312253,0,Baixo
3170107,31,56.83,57.68,742.78,0.8500000000000014,MG,Sudeste,0.15096504256036647,0,Baixo
5218904,52,78.26,87.69,781.32,9.429999999999993,GO,Centro-Oeste,0.1507369063325062,0,Baixo
3114105,31,64.19,71.02,759.5,6.829999999999998,MG,Sudeste,0.15063267630629185,0,Baixo
3119708,31,74.8,92.31,781.99,17.510000000000005,MG,Sudeste,0.15047715711575058,0,Baixo
3135803,31,55.55,55.65,739.79,0.10000000000000142,MG,Sudeste,0.15042454055621238,0,Baixo
3203809,32,68.8,75.56,763.73,6.760000000000005,ES,Sudeste,0.1495870623823003,0,Baixo
3202652,32,71.41,81.49,768.78,10.079999999999998,ES,Sudeste,0.14939125332278552,0,Baixo
3114709,31,77.86,100.0,787.65,22.14,MG,Sudeste,0.1489620578750598,0,Baixo
5213772,52,66.08,65.74,754.13,-0.3400000000000034,GO,Centro-Oeste,0.14874740847999726,0,Baixo
3135100,31,59.53,61.68,750.16,2.1499999999999986,MG,Sudeste,0.14829331232238077,0,Baixo
3147105,31,62.16,69.52,753.81,7.359999999999999,MG,Sudeste,0.14829035099125895,0,Baixo
3146107,31,63.49,71.36,757.27,7.869999999999997,MG,Sudeste,0.148179556419485,0,Baixo
3136207,31,67.1,79.74,764.11,12.64,MG,Sudeste,0.14796226746269445,0,Baixo
3105202,31,68.31,77.5,770.18,9.189999999999998,MG,Sudeste,0.1478851611244252,0,Baixo
2515708,25,52.66,70.82,768.82,18.159999999999997,PB,Nordeste,0.1477731345505727,0,Baixo
2509107,25,51.15,70.06,763.94,18.910000000000004,PB,Nordeste,0.14771359951908244,0,Baixo
5213855,52,80.0,96.88,781.46,16.879999999999995,GO,Centro-Oeste,0.1475678093576649,0,Baixo
3127354,31,64.6,71.43,761.4,6.8300000000000125,MG,Sudeste,0.147448954939627,0,Baixo
3116308,31,75.22,92.31,784.2,17.090000000000003,MG,Sudeste,0.14743931867408086,0,Baixo
3120706,31,68.1,80.92,766.98,12.820000000000007,MG,Sudeste,0.14737133582442768,0,Baixo
5204607,52,79.54,93.62,782.29,14.079999999999998,GO,Centro-Oeste,0.14732553494929887,0,Baixo
2305803,23,80.0,86.66,793.27,6.659999999999997,CE,Nordeste,0.1471144653792589,0,Baixo
5201405,52,66.95,69.22,755.12,2.269999999999996,GO,Centro-Oeste,0.1467991535171264,0,Baixo
4215208,42,61.19,78.04,765.22,16.85000000000001,SC,Sul,0.14669917270084637,0,Baixo
3158607,31,65.39,80.09,758.02,14.700000000000003,MG,Sudeste,0.14640618060622515,0,Baixo
5217609,52,70.15,75.11,762.44,4.959999999999994,GO,Centro-Oeste,0.14614734833678392,0,Baixo
3203304,32,80.0,95.06,790.49,15.060000000000002,ES,Sudeste,0.14595223143063626,0,Baixo
3109105,31,68.49,82.56,767.5,14.070000000000007,MG,Sudeste,0.14591288241018574,0,Baixo
3149200,31,66.3,79.95,761.6,13.650000000000006,MG,Sudeste,0.14561211033068014,0,Baixo
5206701,52,73.5,83.93,768.18,10.430000000000007,GO,Centro-Oeste,0.14520069609082942,0,Baixo
3135001,31,68.06,84.51,764.74,16.450000000000003,MG,Sudeste,0.14481821563900762,0,Baixo
5200258,52,59.02,53.9,738.37,-5.1200000000000045,GO,Centro-Oeste,0.14474261835348637,0,Baixo
3171709,31,65.13,74.66,761.58,9.530000000000001,MG,Sudeste,0.14451307969506025,0,Baixo
3117207,31,65.12,76.67,760.05,11.549999999999997,MG,Sudeste,0.14447190831499898,0,Baixo
2111763,21,46.64,64.13,749.86,17.489999999999995,MA,Nordeste,0.14437704280649008,0,Baixo
3101607,31,65.87,76.61,762.84,10.739999999999995,MG,Sudeste,0.14433404277535594,0,Baixo
3551405,35,39.42,44.65,732.87,5.229999999999997,SP,Sudeste,0.1443224492723545,0,Baixo
2303402,23,80.0,83.8,796.08,3.799999999999997,CE,Nordeste,0.14421839139971163,0,Baixo
3171204,31,62.54,70.35,755.55,7.809999999999995,MG,Sudeste,0.1440206149791647,0,Baixo
5210109,52,69.21,74.13,760.28,4.920000000000002,GO,Centro-Oeste,0.143965051337826,0,Baixo
1703842,17,31.43,38.52,730.27,7.090000000000003,TO,Norte,0.14393750748131248,0,Baixo
3150570,31,58.37,64.82,744.63,6.449999999999996,MG,Sudeste,0.14390196733875193,0,Baixo
3108008,31,71.32,83.73,777.4,12.41000000000001,MG,Sudeste,0.14360114620012154,0,Baixo
3136405,31,61.4,71.38,750.82,9.979999999999997,MG,Sudeste,0.14332015140908577,0,Baixo
3171501,31,60.84,67.61,751.62,6.769999999999996,MG,Sudeste,0.14329538843149187,0,Baixo
3156403,31,64.99,70.69,764.37,5.700000000000003,MG,Sudeste,0.14311635255620075,0,Baixo
5214879,52,80.0,95.12,783.84,15.120000000000005,GO,Centro-Oeste,0.14298637642010276,0,Baixo
5201801,52,63.15,62.84,747.12,-0.30999999999999517,GO,Centro-Oeste,0.14261891841650734,0,Baixo
5220207,52,80.0,91.4,786.72,11.400000000000006,GO,Centro-Oeste,0.14257221129532918,0,Baixo
3202256,32,69.23,77.12,765.79,7.890000000000001,ES,Sudeste,0.14235941660892606,0,Baixo
2308401,23,76.34,82.37,784.36,6.030000000000001,CE,Nordeste,0.142303809850854,0,Baixo
3200102,32,80.0,95.4,791.12,15.400000000000006,ES,Sudeste,0.1421693937805832,0,Baixo
2300101,23,80.0,91.49,790.96,11.489999999999995,CE,Nordeste,0.1415336732842063,0,Baixo
3151503,31,64.69,73.46,761.65,8.769999999999996,MG,Sudeste,0.14126684541739265,0,Baixo
3126109,31,71.09,86.89,774.87,15.799999999999997,MG,Sudeste,0.14078474045827816,0,Baixo
2304954,23,74.97,79.83,781.67,4.859999999999999,CE,Nordeste,0.14076180609088362,0,Baixo
5205109,52,69.73,76.88,760.89,7.1499999999999915,GO,Centro-Oeste,0.1406372070010962,0,Baixo
3145059,31,53.81,51.93,738.62,-1.8800000000000026,MG,Sudeste,0.14033468556494372,0,Baixo
1600055,16,47.19,73.61,768.57,26.42,AP,Norte,0.1402749921295652,0,Baixo
2309607,23,80.0,87.91,793.96,7.909999999999997,CE,Nordeste,0.14018071435911592,0,Baixo
3157401,31,62.87,78.33,751.71,15.46,MG,Sudeste,0.14006712496329915,0,Baixo
5219209,52,74.87,85.78,773.0,10.909999999999997,GO,Centro-Oeste,0.13990853398605432,0,Baixo
2200608,22,67.49,95.88,799.31,28.39,PI,Nordeste,0.13964611113080558,0,Baixo
5208806,52,72.54,81.01,768.35,8.469999999999999,GO,Centro-Oeste,0.13903237967076523,0,Baixo
3134905,31,66.39,79.14,764.09,12.75,MG,Sudeste,0.13901306017316764,0,Baixo
2302107,23,78.49,86.78,789.67,8.290000000000006,CE,Nordeste,0.13881941529356256,0,Baixo
3112901,31,66.1,83.3,759.98,17.200000000000003,MG,Sudeste,0.13880315885675223,0,Baixo
3548203,35,54.76,73.68,768.04,18.92000000000001,SP,Sudeste,0.13844944592579084,0,Baixo
3129608,31,64.47,76.41,759.34,11.939999999999998,MG,Sudeste,0.13837811932628943,0,Baixo
3109709,31,67.62,81.11,767.31,13.489999999999995,MG,Sudeste,0.13800190864135076,0,Baixo
3127701,31,61.18,68.07,753.79,6.8899999999999935,MG,Sudeste,0.13791243243934756,0,Baixo
2501575,25,43.12,49.18,752.88,6.060000000000002,PB,Nordeste,0.1376630327597756,0,Baixo
2111003,21,44.4,58.4,747.69,14.0,MA,Nordeste,0.13746162627241945,0,Baixo
5214838,52,69.39,71.87,764.34,2.480000000000004,GO,Centro-Oeste,0.1367724234552419,0,Baixo
2302909,23,78.33,87.35,789.18,9.019999999999996,CE,Nordeste,0.13669673980123476,0,Baixo
5206404,52,70.96,78.62,764.99,7.660000000000011,GO,Centro-Oeste,0.1366917578833203,0,Baixo
2200103,22,46.94,60.23,752.37,13.29,PI,Nordeste,0.1366318856605952,0,Baixo
3202801,32,67.11,75.42,760.8,8.310000000000002,ES,Sudeste,0.13650273322956064,0,Baixo
5105002,51,57.48,74.68,766.1,17.20000000000001,MT,Centro-Oeste,0.13623522429357907,0,Baixo
3163706,31,69.23,85.37,770.39,16.14,MG,Sudeste,0.13618561672367074,0,Baixo
5106455,51,65.58,90.32,783.72,24.739999999999995,MT,Centro-Oeste,0.1361602646731918,0,Baixo
5215603,52,65.33,69.56,751.54,4.230000000000004,GO,Centro-Oeste,0.13612519911964033,0,Baixo
3109907,31,63.24,72.48,758.53,9.240000000000002,MG,Sudeste,0.1355091036155073,0,Baixo
2312403,23,80.0,85.78,796.69,5.780000000000001,CE,Nordeste,0.13549414039594992,0,Baixo
2305506,23,64.21,63.35,756.37,-0.8599999999999923,CE,Nordeste,0.13541388250752254,0,Baixo
3200201,32,71.05,83.48,769.3,12.430000000000007,ES,Sudeste,0.13537558943814365,0,Baixo
3131901,31,66.49,80.44,764.39,13.950000000000003,MG,Sudeste,0.1352746864311721,0,Baixo
2503902,25,49.89,68.64,763.52,18.75,PB,Nordeste,0.13477864461165562,0,Baixo
3147907,31,70.11,86.17,773.33,16.060000000000002,MG,Sudeste,0.13474253329544555,0,Baixo
1200328,12,28.13,19.59,715.42,-8.54,AC,Norte,0.13447973744223518,0,Baixo
5106778,51,45.7,53.25,740.04,7.549999999999997,MT,Centro-Oeste,0.13411634568625508,0,Baixo
2506905,25,40.71,54.38,741.2,13.670000000000002,PB,Nordeste,0.13388906541403842,0,Baixo
3164902,31,72.08,91.3,776.85,19.22,MG,Sudeste,0.1338106399660875,0,Baixo
3145208,31,63.13,72.47,758.58,9.339999999999996,MG,Sudeste,0.13372909711363407,0,Baixo
5221403,52,70.7,77.21,765.85,6.509999999999991,GO,Centro-Oeste,0.1336668183126103,0,Baixo
3132404,31,66.34,79.1,765.31,12.759999999999991,MG,Sudeste,0.1334174984512693,0,Baixo
5203939,52,80.0,96.46,785.16,16.459999999999994,GO,Centro-Oeste,0.13339459474351165,0,Baixo
3143104,31,68.91,84.51,770.6,15.600000000000009,MG,Sudeste,0.13325658943125646,0,Baixo
2202251,22,60.25,86.82,781.47,26.569999999999993,PI,Nordeste,0.13321973427710646,0,Baixo
5205901,52,74.1,82.63,774.33,8.530000000000001,GO,Centro-Oeste,0.13272442606910081,0,Baixo
2308377,23,80.0,85.6,797.64,5.599999999999994,CE,Nordeste,0.13221468352111052,0,Baixo
3168606,31,60.29,67.28,752.58,6.990000000000002,MG,Sudeste,0.1321651052798481,0,Baixo
3146503,31,71.49,86.83,778.49,15.340000000000003,MG,Sudeste,0.13208799265758048,0,Baixo
5212105,52,65.11,67.17,753.59,2.0600000000000023,GO,Centro-Oeste,0.13186560538641348,0,Baixo
5212055,52,80.0,100.0,782.91,20.0,GO,Centro-Oeste,0.1318071417200431,0,Baixo
3101409,31,72.84,92.62,779.15,19.78,MG,Sudeste,0.1316612440783608,0,Baixo
1200435,12,23.62,15.62,702.78,-8.000000000000002,AC,Norte,0.1316603521303854,0,Baixo
3140506,31,63.85,70.72,763.02,6.869999999999997,MG,Sudeste,0.13162675979437316,0,Baixo
3144375,31,59.24,64.21,751.32,4.969999999999992,MG,Sudeste,0.13120564974450177,0,Baixo
3124104,31,60.28,67.38,752.73,7.099999999999994,MG,Sudeste,0.13113009855016017,0,Baixo
3109451,31,53.02,54.59,736.1,1.5700000000000003,MG,Sudeste,0.13087398422321728,0,Baixo
2301208,23,80.0,90.87,794.04,10.870000000000005,CE,Nordeste,0.13085998571535568,0,Baixo
3127305,31,57.88,62.07,748.14,4.189999999999998,MG,Sudeste,0.13065757976626713,0,Baixo
3128105,31,65.54,80.4,762.42,14.86,MG,Sudeste,0.12955025254354535,0,Baixo
2414704,24,32.65,45.68,740.88,13.030000000000001,RN,Nordeste,0.12947529994664553,0,Baixo
3132909,31,67.25,80.11,768.91,12.86,MG,Sudeste,0.12920814520864518,0,Baixo
3102605,31,64.03,75.04,761.14,11.010000000000005,MG,Sudeste,0.12887513516525131,0,Baixo
3161809,31,67.24,78.82,769.95,11.579999999999998,MG,Sudeste,0.12877436449883423,0,Baixo
3164100,31,71.15,90.0,775.81,18.849999999999994,MG,Sudeste,0.12846798790268815,0,Baixo
3117876,31,61.49,69.15,756.48,7.660000000000004,MG,Sudeste,0.12839946931115204,0,Baixo
2301901,23,80.0,87.92,796.9,7.920000000000002,CE,Nordeste,0.12830296381623238,0,Baixo
3130556,31,70.2,88.46,773.6,18.25999999999999,MG,Sudeste,0.1281787476396837,0,Baixo
5213053,52,70.92,80.0,765.95,9.079999999999998,GO,Centro-Oeste,0.12817644770820175,0,Baixo
3162500,31,63.59,74.0,760.51,10.409999999999997,MG,Sudeste,0.12816129954456132,0,Baixo
2313708,23,80.0,88.49,796.54,8.489999999999995,CE,Nordeste,0.1280457556180753,0,Baixo
4202602,42,46.81,47.34,740.92,0.5300000000000011,SC,Sul,0.1272330869952485,0,Baixo
5217401,52,71.37,80.88,767.25,9.509999999999991,GO,Centro-Oeste,0.12690081501104483,0,Baixo
4210209,42,60.73,76.42,769.63,15.690000000000005,SC,Sul,0.12681536768521418,0,Baixo
5006309,50,45.33,55.2,741.91,9.870000000000005,MS,Centro-Oeste,0.12663203820538504,0,Baixo
5200506,52,80.0,90.91,791.08,10.909999999999997,GO,Centro-Oeste,0.12645913531974512,0,Baixo
3113404,31,59.95,67.42,752.76,7.469999999999999,MG,Sudeste,0.12625381355850065,0,Baixo
4107520,41,54.21,71.04,753.75,16.830000000000005,PR,Sul,0.12597499753507235,0,Baixo
5204904,52,69.95,75.75,766.2,5.799999999999997,GO,Centro-Oeste,0.12594512812983713,0,Baixo
3168101,31,63.9,79.68,757.98,15.780000000000008,MG,Sudeste,0.12586428782309123,0,Baixo
2309508,23,80.0,90.75,795.48,10.75,CE,Nordeste,0.12562361765610722,0,Baixo
3118007,31,63.94,74.01,762.44,10.070000000000007,MG,Sudeste,0.12558096595932994,0,Baixo
3125606,31,61.28,70.2,755.73,8.920000000000002,MG,Sudeste,0.1253442821570843,0,Baixo
5215702,52,71.78,81.01,769.05,9.230000000000004,GO,Centro-Oeste,0.12531736389783546,0,Baixo
5219001,52,78.65,91.82,785.85,13.169999999999987,GO,Centro-Oeste,0.12518469537556748,0,Baixo
2203107,22,60.21,85.0,784.75,24.79,PI,Nordeste,0.12516844525789855,0,Baixo
3145505,31,68.0,94.29,762.11,26.290000000000006,MG,Sudeste,0.12500013734407286,0,Baixo
5219704,52,80.0,96.08,787.63,16.08,GO,Centro-Oeste,0.12486951888451212,0,Baixo
3169406,31,67.27,81.66,768.99,14.39,MG,Sudeste,0.12472073479612668,0,Baixo
5215405,52,80.0,96.61,787.36,16.61,GO,Centro-Oeste,0.12439100255430867,0,Baixo
2306405,23,80.0,88.96,797.15,8.959999999999994,CE,Nordeste,0.12436718039684705,0,Baixo
3164407,31,71.11,90.92,776.07,19.810000000000002,MG,Sudeste,0.12428247337849446,0,Baixo
3513850,35,57.46,84.62,773.29,27.160000000000004,SP,Sudeste,0.12396351300693555,0,Baixo
5211404,52,80.0,94.51,789.08,14.510000000000005,GO,Centro-Oeste,0.12382810638581257,0,Baixo
5213756,52,70.45,78.69,766.42,8.239999999999995,GO,Centro-Oeste,0.12363231592605585,0,Baixo
3140803,31,65.73,78.82,765.92,13.08999999999999,MG,Sudeste,0.12330230950239786,0,Baixo
2305704,23,80.0,88.89,797.56,8.89,CE,Nordeste,0.12302226038809339,0,Baixo
3163300,31,56.54,54.62,750.88,-1.9200000000000017,MG,Sudeste,0.12292099610911875,0,Baixo
5219712,52,80.0,91.64,791.63,11.64,GO,Centro-Oeste,0.12231798688931896,0,Baixo
3146008,31,69.04,84.81,773.7,15.769999999999996,MG,Sudeste,0.12222934943459064,0,Baixo
5212006,52,80.0,100.0,785.48,20.0,GO,Centro-Oeste,0.12193464846190284,0,Baixo
3126802,31,61.02,69.89,756.06,8.869999999999997,MG,Sudeste,0.12144689436828084,0,Baixo
5202601,52,77.18,93.75,780.13,16.569999999999993,GO,Centro-Oeste,0.12128282995890093,0,Baixo
5218508,52,71.11,80.29,768.26,9.180000000000007,GO,Centro-Oeste,0.12121206191990037,0,Baixo
3157104,31,55.39,59.15,743.85,3.759999999999998,MG,Sudeste,0.12099589438714643,0,Baixo
3140704,31,64.35,75.26,764.24,10.91000000000001,MG,Sudeste,0.12088872881588668,0,Baixo
5210158,52,80.0,96.55,788.41,16.549999999999997,GO,Centro-Oeste,0.12064240979022278,0,Baixo
3168903,31,66.01,81.76,765.5,15.75,MG,Sudeste,0.1204574607855551,0,Baixo
2201150,22,58.82,81.06,783.95,22.240000000000002,PI,Nordeste,0.12038249810750458,0,Baixo
2306900,23,80.0,89.25,798.03,9.25,CE,Nordeste,0.12028183124346886,0,Baixo
3151800,31,65.24,79.39,764.59,14.150000000000006,MG,Sudeste,0.12008082680637872,0,Baixo
3145455,31,71.95,90.16,780.86,18.209999999999994,MG,Sudeste,0.11988394005256568,0,Baixo
2311355,23,79.5,88.46,797.02,8.959999999999994,CE,Nordeste,0.11952129702786295,0,Baixo
4211850,42,55.97,66.67,761.68,10.700000000000003,SC,Sul,0.11941820321561447,0,Baixo
2306306,23,80.0,89.55,798.05,9.549999999999997,CE,Nordeste,0.11938754285219694,0,Baixo
5221502,52,74.86,80.7,782.06,5.840000000000003,GO,Centro-Oeste,0.11922375397585563,0,Baixo
2501401,25,37.3,44.76,739.9,7.460000000000001,PB,Nordeste,0.1191816078490471,0,Baixo
3130002,31,66.89,83.33,767.86,16.439999999999998,MG,Sudeste,0.1191728351009457,0,Baixo
3150505,31,75.02,94.39,789.05,19.370000000000005,MG,Sudeste,0.1189758585721803,0,Baixo
3119401,31,57.97,64.1,750.04,6.1299999999999955,MG,Sudeste,0.11894513590515382,0,Baixo
3165305,31,66.57,81.64,768.03,15.070000000000007,MG,Sudeste,0.11894194744113744,0,Baixo
5205497,52,60.66,61.82,744.96,1.1600000000000037,GO,Centro-Oeste,0.1187016271294093,0,Baixo
3169109,31,68.56,89.2,769.64,20.64,MG,Sudeste,0.11870111134453737,0,Baixo
3155306,31,73.96,98.05,782.59,24.090000000000003,MG,Sudeste,0.1185695344916606,0,Baixo
5204953,52,68.96,82.8,759.35,13.840000000000003,GO,Centro-Oeste,0.11848733757059449,0,Baixo
3146255,31,57.76,64.75,748.99,6.990000000000002,MG,Sudeste,0.11823505456179874,0,Baixo
3147303,31,67.01,81.68,769.8,14.670000000000002,MG,Sudeste,0.11818665830596349,0,Baixo
3101300,31,71.13,89.66,778.83,18.53,MG,Sudeste,0.117841259515874,0,Baixo
3149408,31,80.0,100.0,803.39,20.0,MG,Sudeste,0.11709029706562775,0,Baixo
3103504,31,58.34,64.76,751.42,6.420000000000002,MG,Sudeste,0.1170127528497979,0,Baixo
3137403,31,69.09,87.23,773.54,18.14,MG,Sudeste,0.11686500048273585,0,Baixo
3139904,31,67.16,78.16,773.42,11.0,MG,Sudeste,0.1165887814715691,0,Baixo
5002605,50,46.61,60.41,745.45,13.799999999999997,MS,Centro-Oeste,0.11624811672924926,0,Baixo
2309102,23,80.0,88.89,799.44,8.89,CE,Nordeste,0.11615669914573801,0,Baixo
3172202,31,58.85,70.34,749.4,11.490000000000002,MG,Sudeste,0.11591008776882887,0,Baixo
3203502,32,68.52,80.21,767.77,11.689999999999998,ES,Sudeste,0.11569865460895552,0,Baixo
3100203,31,61.36,73.11,756.47,11.75,MG,Sudeste,0.11568799640889618,0,Baixo
2514008,25,44.44,60.71,754.79,16.270000000000003,PB,Nordeste,0.1156129006172487,0,Baixo
3108404,31,70.13,87.53,777.43,17.400000000000006,MG,Sudeste,0.1156090080108356,0,Baixo
5209952,52,71.23,82.75,768.5,11.519999999999996,GO,Centro-Oeste,0.11525981750750199,0,Baixo
5219506,52,80.0,100.0,787.38,20.0,GO,Centro-Oeste,0.11505115198366447,0,Baixo
3137502,31,66.85,82.01,769.89,15.16000000000001,MG,Sudeste,0.1149160951234035,0,Baixo
3105608,31,66.02,81.97,766.97,15.950000000000003,MG,Sudeste,0.11473124781239766,0,Baixo
2412302,24,33.52,49.42,745.36,15.899999999999999,RN,Nordeste,0.11416329415923733,0,Baixo
3160504,31,66.5,91.67,761.66,25.17,MG,Sudeste,0.11399665710566119,0,Baixo
1713809,17,33.59,49.53,737.58,15.939999999999998,TO,Norte,0.11393035997416141,0,Baixo
3132503,31,65.91,81.25,767.36,15.340000000000003,MG,Sudeste,0.11385549813823398,0,Baixo
3127107,31,62.44,73.59,760.54,11.150000000000006,MG,Sudeste,0.11384684444009698,0,Baixo
3169307,31,60.25,70.26,755.12,10.010000000000005,MG,Sudeste,0.11380805466552683,0,Baixo
2307007,23,80.0,88.24,800.61,8.239999999999995,CE,Nordeste,0.11374319713747195,0,Baixo
2400802,24,34.89,51.81,748.65,16.92,RN,Nordeste,0.11373599486727755,0,Baixo
3128907,31,66.89,85.1,768.08,18.209999999999994,MG,Sudeste,0.11366393625317105,0,Baixo
3150158,31,61.71,74.09,757.63,12.380000000000003,MG,Sudeste,0.11348125357227502,0,Baixo
5103254,51,53.92,69.19,763.53,15.269999999999996,MT,Centro-Oeste,0.11283994271642565,0,Baixo
2513984,25,64.23,97.5,799.67,33.269999999999996,PB,Nordeste,0.11276341868364502,0,Baixo
2406601,24,38.36,64.22,752.31,25.86,RN,Nordeste,0.11237784653274155,0,Baixo
3159001,31,67.09,80.15,772.89,13.060000000000002,MG,Sudeste,0.11232843292866153,0,Baixo
3533205,35,59.63,88.79,781.3,29.160000000000004,SP,Sudeste,0.11212674416406064,0,Baixo
5107206,51,58.5,81.6,771.09,23.099999999999994,MT,Centro-Oeste,0.11188759994923593,0,Baixo
2804706,28,34.69,58.77,746.49,24.080000000000005,SE,Nordeste,0.11176190891370076,0,Baixo
3139003,31,66.46,87.02,765.81,20.560000000000002,MG,Sudeste,0.11116633034462846,0,Baixo
2206100,22,39.88,52.06,739.75,12.18,PI,Nordeste,0.11108469654092672,0,Baixo
3536570,35,51.35,73.68,762.98,22.330000000000005,SP,Sudeste,0.11099485844707006,0,Baixo
2609303,26,49.2,57.83,752.33,8.629999999999995,PE,Nordeste,0.11028687829636047,0,Baixo
5216304,52,80.0,97.01,791.01,17.010000000000005,GO,Centro-Oeste,0.11021958403857532,0,Baixo
2111078,21,39.83,53.45,742.23,13.620000000000005,MA,Nordeste,0.10986001427555696,0,Baixo
3135407,31,71.51,88.66,783.24,17.14999999999999,MG,Sudeste,0.1098383763575271,0,Baixo
3116159,31,59.2,69.39,753.13,10.189999999999998,MG,Sudeste,0.10982064757707273,0,Baixo
3164472,31,65.3,81.32,766.3,16.019999999999996,MG,Sudeste,0.1097259324448437,0,Baixo
2201739,22,54.51,82.76,770.13,28.250000000000007,PI,Nordeste,0.10964712126787661,0,Baixo
3158300,31,69.72,87.45,777.79,17.730000000000004,MG,Sudeste,0.10943239814183509,0,Baixo
3158508,31,55.99,64.47,745.32,8.479999999999997,MG,Sudeste,0.10940948458530504,0,Baixo
3156452,31,63.79,78.18,763.31,14.390000000000008,MG,Sudeste,0.10930825012453099,0,Baixo
2307403,23,80.0,90.28,800.4,10.280000000000001,CE,Nordeste,0.10922175689280175,0,Baixo
3159407,31,70.06,88.22,778.54,18.159999999999997,MG,Sudeste,0.10910801321274895,0,Baixo
3151206,31,59.44,69.81,753.91,10.370000000000005,MG,Sudeste,0.10905647543575142,0,Baixo
3122702,31,71.02,92.48,778.9,21.460000000000008,MG,Sudeste,0.10885944505097052,0,Baixo
5221197,52,65.07,71.39,756.73,6.320000000000007,GO,Centro-Oeste,0.10831903095314682,0,Baixo
3135902,31,67.86,81.14,776.14,13.280000000000001,MG,Sudeste,0.10822641421889291,0,Baixo
3165404,31,61.77,75.07,758.71,13.29999999999999,MG,Sudeste,0.1080289613862055,0,Baixo
1703602,17,44.56,68.9,764.6,24.340000000000003,TO,Norte,0.10768747666640743,0,Baixo
3122009,31,59.2,67.15,755.48,7.950000000000003,MG,Sudeste,0.10755367404778667,0,Baixo
3125705,31,61.16,75.1,756.68,13.939999999999998,MG,Sudeste,0.10736557462378205,0,Baixo
2205573,22,53.68,76.74,772.39,23.059999999999995,PI,Nordeste,0.10710096713680994,0,Baixo
5001508,50,41.27,52.42,734.88,11.149999999999999,MS,Centro-Oeste,0.10673366869681479,0,Baixo
3127339,31,53.89,53.85,746.5,-0.03999999999999915,MG,Sudeste,0.10662582886805563,0,Baixo
3522802,35,49.91,70.1,761.77,20.189999999999998,SP,Sudeste,0.1065521370610634,0,Baixo
3120003,31,57.48,62.81,752.81,5.330000000000005,MG,Sudeste,0.10654052855514745,0,Baixo
3101706,31,52.09,55.06,739.22,2.969999999999999,MG,Sudeste,0.10617672837015026,0,Baixo
5219902,52,65.8,75.57,756.95,9.769999999999996,GO,Centro-Oeste,0.10597617059848988,0,Baixo
2403400,24,36.1,59.19,749.83,23.089999999999996,RN,Nordeste,0.1058611881126868,0,Baixo
3129202,31,58.64,67.59,753.64,8.950000000000003,MG,Sudeste,0.10585138725155213,0,Baixo
3123007,31,62.95,76.43,762.68,13.480000000000004,MG,Sudeste,0.10564920887589568,0,Baixo
5206800,52,80.0,97.08,792.37,17.08,GO,Centro-Oeste,0.10550514361712807,0,Baixo
3151602,31,56.93,65.98,748.77,9.050000000000004,MG,Sudeste,0.1054864569768526,0,Baixo
5214705,52,80.0,95.24,793.79,15.239999999999995,GO,Centro-Oeste,0.10536205746783257,0,Baixo
3154200,31,65.07,82.11,766.26,17.040000000000006,MG,Sudeste,0.10512630797871167,0,Baixo
3127206,31,60.73,69.2,760.27,8.470000000000006,MG,Sudeste,0.10495462463856664,0,Baixo
3134103,31,63.53,79.92,762.4,16.39,MG,Sudeste,0.10488977606349643,0,Baixo
5214002,52,60.6,66.57,745.25,5.969999999999992,GO,Centro-Oeste,0.10473983046380037,0,Baixo
3144805,31,64.35,79.6,765.7,15.25,MG,Sudeste,0.10458242333594847,0,Baixo
3147402,31,58.98,71.27,752.51,12.29,MG,Sudeste,0.10456891972472174,0,Baixo
3105509,31,68.84,89.21,774.78,20.36999999999999,MG,Sudeste,0.10449650993672308,0,Baixo
3162104,31,61.85,75.49,759.81,13.639999999999993,MG,Sudeste,0.10432597542732687,0,Baixo
2505238,25,24.09,22.16,713.38,-1.9299999999999997,PB,Nordeste,0.10419426197987224,0,Baixo
3143401,31,62.45,74.18,763.04,11.730000000000004,MG,Sudeste,0.10406760125340493,0,Baixo
3135050,31,54.72,63.5,743.08,8.780000000000001,MG,Sudeste,0.10402493521887943,0,Baixo
3157807,31,60.8,72.16,758.67,11.36,MG,Sudeste,0.10378458001316943,0,Baixo
2501351,25,58.65,93.96,784.89,35.309999999999995,PB,Nordeste,0.10354382423288175,0,Baixo
3138500,31,63.95,71.21,770.9,7.259999999999991,MG,Sudeste,0.10338190056092354,0,Baixo
3165701,31,70.7,91.79,779.97,21.090000000000003,MG,Sudeste,0.10323187920645102,0,Baixo
4219358,42,55.97,76.12,759.35,20.150000000000006,SC,Sul,0.1031836990283143,0,Baixo
3139607,31,59.73,71.17,755.81,11.440000000000005,MG,Sudeste,0.10291655877698509,0,Baixo
3170701,31,60.24,71.53,757.55,11.29,MG,Sudeste,0.1023909803320234,0,Baixo
3116605,31,67.2,82.99,774.26,15.789999999999992,MG,Sudeste,0.10205497928450387,0,Baixo
2307601,23,80.0,89.65,803.11,9.650000000000006,CE,Nordeste,0.10189119290223904,0,Baixo
3133006,31,64.9,81.86,766.85,16.959999999999994,MG,Sudeste,0.10185001160317941,0,Baixo
3145356,31,56.26,62.37,750.18,6.109999999999999,MG,Sudeste,0.10183330339738024,0,Baixo
3107208,31,59.77,73.33,754.68,13.559999999999995,MG,Sudeste,0.10182965349618839,0,Baixo
3158003,31,62.93,77.79,762.83,14.860000000000007,MG,Sudeste,0.10165410418129422,0,Baixo
5108857,51,55.67,80.62,764.78,24.950000000000003,MT,Centro-Oeste,0.10134126395001136,0,Baixo
3114907,31,72.3,94.12,784.64,21.820000000000007,MG,Sudeste,0.10124131857995093,0,Baixo
3126604,31,46.02,37.5,731.95,-8.520000000000003,MG,Sudeste,0.10117262622048948,0,Baixo
5204300,52,75.3,91.38,781.06,16.08,GO,Centro-Oeste,0.10092100253070305,0,Baixo
5208103,52,73.67,86.67,778.7,13.0,GO,Centro-Oeste,0.10087944149629408,0,Baixo
3117504,31,65.66,82.33,769.59,16.67,MG,Sudeste,0.10076843771950582,0,Baixo
2202653,22,35.94,46.21,733.08,10.270000000000003,PI,Nordeste,0.10056609324741485,0,Baixo
5220454,52,58.75,60.34,744.54,1.5900000000000034,GO,Centro-Oeste,0.10051617722133573,0,Baixo
3144607,31,62.27,77.99,760.76,15.719999999999992,MG,Sudeste,0.10018407721629687,0,Baixo
2306009,23,80.0,84.18,807.76,4.180000000000007,CE,Nordeste,0.10013145718197031,0,Baixo
2311504,23,80.0,93.13,801.08,13.129999999999995,CE,Nordeste,0.10008655746507338,0,Baixo
3170651,31,67.59,89.89,771.18,22.299999999999997,MG,Sudeste,0.09994359819431829,0,Baixo
2210938,22,42.28,55.84,749.05,13.560000000000002,PI,Nordeste,0.09981716443928194,0,Baixo
3124807,31,57.58,69.36,750.38,11.780000000000001,MG,Sudeste,0.09977818459277116,0,Baixo
3170503,31,63.54,81.15,763.26,17.610000000000007,MG,Sudeste,0.0993438784460728,0,Baixo
3130101,31,61.05,73.84,759.75,12.790000000000006,MG,Sudeste,0.09925286560569634,0,Baixo
4204178,42,43.88,49.84,736.52,5.960000000000001,SC,Sul,0.0992511947173628,0,Baixo
3201159,32,71.37,87.96,777.25,16.58999999999999,ES,Sudeste,0.09919959988084646,0,Baixo
3200359,32,69.58,83.48,774.17,13.900000000000006,ES,Sudeste,0.09906326575888842,0,Baixo
3156007,31,55.47,59.95,750.07,4.480000000000004,MG,Sudeste,0.09889659155464237,0,Baixo
5221551,52,71.9,86.88,772.82,14.97999999999999,GO,Centro-Oeste,0.09876075548813515,0,Baixo
3168200,31,77.52,100.0,799.92,22.480000000000004,MG,Sudeste,0.09875634870244177,0,Baixo
1718709,17,32.95,46.58,742.42,13.629999999999995,TO,Norte,0.09771379347397946,0,Baixo
1713957,17,33.35,49.28,741.87,15.93,TO,Norte,0.09764463073159656,0,Baixo
3110301,31,60.72,72.95,759.78,12.230000000000004,MG,Sudeste,0.09753551320026975,0,Baixo
5205208,52,72.06,87.17,773.64,15.11,GO,Centro-Oeste,0.09735501345305102,0,Baixo
5212808,52,72.86,87.78,776.18,14.920000000000002,GO,Centro-Oeste,0.09704314014589187,0,Baixo
3127008,31,61.73,76.16,761.26,14.43,MG,Sudeste,0.09684284125921137,0,Baixo
3159605,31,59.56,72.16,756.47,12.599999999999994,MG,Sudeste,0.09663791951514021,0,Baixo
2514602,25,26.33,29.62,718.43,3.2900000000000027,PB,Nordeste,0.09629010734605367,0,Baixo
3130051,31,62.49,77.42,763.37,14.93,MG,Sudeste,0.09592634770943427,0,Baixo
3138609,31,57.34,69.51,750.66,12.170000000000002,MG,Sudeste,0.09591881197964186,0,Baixo
3119906,31,75.69,100.0,794.25,24.310000000000002,MG,Sudeste,0.09586261160756433,0,Baixo
3172103,31,60.3,76.28,756.38,15.980000000000004,MG,Sudeste,0.09568847774955037,0,Baixo
3115003,31,69.08,85.84,781.04,16.760000000000005,MG,Sudeste,0.09553567354128109,0,Baixo
2306504,23,80.0,92.57,802.99,12.569999999999993,CE,Nordeste,0.09552250548536514,0,Baixo
3112307,31,64.07,80.94,766.73,16.870000000000005,MG,Sudeste,0.09509445094806296,0,Baixo
3512704,35,55.31,84.16,774.56,28.849999999999994,SP,Sudeste,0.09471660046718787,0,Baixo
2202539,22,51.55,68.17,775.11,16.620000000000005,PI,Nordeste,0.09449179176476279,0,Baixo
2302404,23,80.0,90.36,805.01,10.36,CE,Nordeste,0.09442816620043992,0,Baixo
5205406,52,80.0,94.51,797.86,14.510000000000005,GO,Centro-Oeste,0.09438134260776575,0,Baixo
3102001,31,67.53,85.54,776.06,18.010000000000005,MG,Sudeste,0.09433618916663986,0,Baixo
3107109,31,62.38,74.5,765.86,12.119999999999997,MG,Sudeste,0.0938295267927738,0,Baixo
1700400,17,31.16,48.18,736.05,17.02,TO,Norte,0.09380394730594757,0,Baixo
2205359,22,60.49,97.14,786.09,36.65,PI,Nordeste,0.09357456074066972,0,Baixo
2301950,23,80.0,91.15,804.79,11.150000000000006,CE,Nordeste,0.09333355651958156,0,Baixo
3169703,31,62.45,73.78,766.83,11.329999999999998,MG,Sudeste,0.09330504308341302,0,Baixo
3119302,31,54.04,63.22,744.31,9.18,MG,Sudeste,0.09329712519599384,0,Baixo
3112604,31,60.59,73.04,760.73,12.450000000000003,MG,Sudeste,0.09308621801541984,0,Baixo
3130507,31,56.97,65.15,753.57,8.180000000000007,MG,Sudeste,0.09298952339544346,0,Baixo
2404705,24,28.51,43.03,738.67,14.52,RN,Nordeste,0.09281674750642811,0,Baixo
3155108,31,61.78,76.19,762.83,14.409999999999997,MG,Sudeste,0.09264327739755503,0,Baixo
5220504,52,62.81,66.65,757.2,3.8400000000000034,GO,Centro-Oeste,0.09237699428405304,0,Baixo
5103361,51,53.29,69.46,767.63,16.169999999999995,MT,Centro-Oeste,0.09192400619296603,0,Baixo
1100346,11,44.11,65.35,744.77,21.239999999999995,RO,Norte,0.0917143971818608,0,Baixo
2209955,22,62.25,86.96,800.71,24.709999999999994,PI,Nordeste,0.09171045783031681,0,Baixo
2209351,22,47.35,68.1,760.98,20.749999999999993,PI,Nordeste,0.09153535025506082,0,Baixo
3136652,31,58.1,68.53,755.66,10.43,MG,Sudeste,0.0914484335331446,0,Baixo
3143203,31,54.24,61.59,746.9,7.350000000000001,MG,Sudeste,0.09141456485322526,0,Baixo
5218706,52,77.58,100.0,786.1,22.42,GO,Centro-Oeste,0.09116901888843804,0,Baixo
2706109,27,35.99,52.43,739.36,16.439999999999998,AL,Nordeste,0.09103574944083895,0,Baixo
3102852,31,66.32,84.97,773.26,18.650000000000006,MG,Sudeste,0.09098061197858688,0,Baixo
3547007,35,60.01,86.98,790.84,26.970000000000006,SP,Sudeste,0.09066716436831014,0,Baixo
1704105,17,38.85,66.67,751.13,27.82,TO,Norte,0.09062935929184193,0,Baixo
3139409,31,58.68,71.73,755.77,13.050000000000004,MG,Sudeste,0.09028628631219186,0,Baixo
3169604,31,51.94,58.34,741.44,6.400000000000006,MG,Sudeste,0.09018637833712455,0,Baixo
2703759,27,59.93,95.65,794.05,35.720000000000006,AL,Nordeste,0.08983770595511655,0,Baixo
3153707,31,54.49,63.55,746.91,9.059999999999995,MG,Sudeste,0.0897804508626131,0,Baixo
3119005,31,57.79,73.53,751.54,15.740000000000002,MG,Sudeste,0.08933417195560121,0,Baixo
3129509,31,61.49,78.1,761.52,16.609999999999992,MG,Sudeste,0.08929377816891208,0,Baixo
3153905,31,58.67,69.66,757.96,10.989999999999995,MG,Sudeste,0.08837321185252182,0,Baixo
5005152,50,38.18,47.67,733.5,9.490000000000002,MS,Centro-Oeste,0.08776853692055613,0,Baixo
1718550,17,36.89,54.32,754.37,17.43,TO,Norte,0.08755401250825193,0,Baixo
2209906,22,59.26,93.97,786.41,34.71,PI,Nordeste,0.08675225957570254,0,Baixo
5219753,52,54.64,53.64,739.39,-1.0,GO,Centro-Oeste,0.08668859777230839,0,Baixo
3101805,31,57.08,70.83,752.0,13.75,MG,Sudeste,0.08652770946706034,0,Baixo
3163102,31,63.26,82.68,765.61,19.42000000000001,MG,Sudeste,0.08620272079969528,0,Baixo
2314102,23,80.0,90.22,808.1,10.219999999999999,CE,Nordeste,0.08593610067773991,0,Baixo
5201603,52,78.08,93.21,794.87,15.129999999999995,GO,Centro-Oeste,0.08589983701017449,0,Baixo
5208905,52,71.44,87.52,775.17,16.08,GO,Centro-Oeste,0.0857290511452105,0,Baixo
3122470,31,63.54,84.62,765.49,21.080000000000005,MG,Sudeste,0.08533700458991161,0,Baixo
1715259,17,37.88,61.24,753.64,23.36,TO,Norte,0.08518641528860668,0,Baixo
3138708,31,71.31,97.5,784.08,26.189999999999998,MG,Sudeste,0.08501892653281627,0,Baixo
2314003,23,80.0,90.9,807.95,10.900000000000006,CE,Nordeste,0.0849638068522213,0,Baixo
3156809,31,53.09,60.64,745.85,7.549999999999997,MG,Sudeste,0.08473200939414298,0,Baixo
3168309,31,70.52,94.4,783.74,23.88000000000001,MG,Sudeste,0.08448358645920342,0,Baixo
2209609,22,49.29,64.29,773.46,15.000000000000007,PI,Nordeste,0.08427167540826891,0,Baixo
3141900,31,61.07,76.32,763.27,15.249999999999993,MG,Sudeste,0.0839753962293698,0,Baixo
3148756,31,67.41,91.18,775.1,23.77000000000001,MG,Sudeste,0.08394510136499835,0,Baixo
1715705,17,22.17,31.27,719.71,9.099999999999998,TO,Norte,0.08389587116703923,0,Baixo
3149002,31,62.32,80.0,765.09,17.68,MG,Sudeste,0.08383953186400235,0,Baixo
3154408,31,63.56,82.0,768.14,18.439999999999998,MG,Sudeste,0.08367838821966032,0,Baixo
3164803,31,70.92,100.0,781.3,29.08,MG,Sudeste,0.08367740728981847,0,Baixo
2306553,23,80.0,92.49,807.25,12.489999999999995,CE,Nordeste,0.08365337530774448,0,Baixo
2306801,23,80.0,93.88,806.39,13.879999999999995,CE,Nordeste,0.08317675777070964,0,Baixo
2313757,23,71.75,82.27,785.25,10.519999999999996,CE,Nordeste,0.08312766518639443,0,Baixo
2310100,23,80.0,94.31,806.13,14.310000000000002,CE,Nordeste,0.08301385469632884,0,Baixo
3120508,31,63.72,81.73,769.23,18.010000000000005,MG,Sudeste,0.08285931581644623,0,Baixo
2311603,23,80.0,92.45,807.65,12.450000000000003,CE,Nordeste,0.08267441723796409,0,Baixo
3102308,31,59.11,72.33,759.66,13.219999999999999,MG,Sudeste,0.08266260036309804,0,Baixo
2204154,22,66.09,95.24,811.69,29.14999999999999,PI,Nordeste,0.08265406716546733,0,Baixo
3135506,31,64.81,84.89,770.93,20.08,MG,Sudeste,0.08254147819087802,0,Baixo
3171402,31,60.08,74.62,761.63,14.540000000000006,MG,Sudeste,0.08220573260921443,0,Baixo
2311207,23,80.0,91.04,808.96,11.040000000000006,CE,Nordeste,0.08200502298207747,0,Baixo
3132107,31,59.42,72.78,760.79,13.36,MG,Sudeste,0.08175890037054227,0,Baixo
2300804,23,80.0,94.51,806.46,14.510000000000005,CE,Nordeste,0.08175602924533173,0,Baixo
3106606,31,66.15,85.02,776.01,18.86999999999999,MG,Sudeste,0.08167839250327552,0,Baixo
5212709,52,60.06,68.27,750.14,8.209999999999994,GO,Centro-Oeste,0.08112440859443835,0,Baixo
3144656,31,59.27,77.17,757.25,17.9,MG,Sudeste,0.08101656779627292,0,Baixo
5106281,51,65.72,94.16,798.14,28.439999999999998,MT,Centro-Oeste,0.08092022924816339,0,Baixo
2515609,25,32.81,48.92,733.23,16.11,PB,Nordeste,0.08015647504740846,0,Baixo
3532108,35,64.91,100.0,802.73,35.09,SP,Sudeste,0.08010235795812722,0,Baixo
5201306,52,80.0,98.09,800.4,18.090000000000003,GO,Centro-Oeste,0.08000378464106694,0,Baixo
3164209,31,60.42,77.76,761.42,17.340000000000003,MG,Sudeste,0.0798581281715083,0,Baixo
2311306,23,80.0,92.49,808.78,12.489999999999995,CE,Nordeste,0.07967334049666937,0,Baixo
3134509,31,60.71,76.33,763.63,15.619999999999997,MG,Sudeste,0.07962546635858199,0,Baixo
3115904,31,43.78,44.9,726.03,1.1199999999999974,MG,Sudeste,0.07929129701902736,0,Baixo
3162252,31,59.75,77.83,759.25,18.08,MG,Sudeste,0.0790816835827659,0,Baixo
3171808,31,55.67,65.62,753.75,9.950000000000003,MG,Sudeste,0.07876459143016223,0,Baixo
3163508,31,63.35,81.45,769.76,18.1,MG,Sudeste,0.07858921702961179,0,Baixo
3121100,31,68.79,93.02,780.93,24.22999999999999,MG,Sudeste,0.07822303852443788,0,Baixo
2301109,23,80.0,91.16,810.37,11.159999999999997,CE,Nordeste,0.07817230490495815,0,Baixo
3152105,31,61.58,81.27,763.67,19.689999999999998,MG,Sudeste,0.07814333631903876,0,Baixo
5205703,52,78.17,100.0,793.11,21.83,GO,Centro-Oeste,0.07808884056467828,0,Baixo
3106903,31,56.41,70.71,752.9,14.299999999999997,MG,Sudeste,0.07806160289995812,0,Baixo
3110905,31,54.1,64.8,749.02,10.699999999999996,MG,Sudeste,0.07792342942903166,0,Baixo
3107406,31,54.75,65.88,750.77,11.129999999999995,MG,Sudeste,0.07741002659531798,0,Baixo
3169208,31,64.39,80.55,774.72,16.159999999999997,MG,Sudeste,0.07728073025096689,0,Baixo
3153806,31,67.52,95.0,775.28,27.480000000000004,MG,Sudeste,0.07716664989489974,0,Baixo
2303303,23,80.0,95.26,807.71,15.260000000000005,CE,Nordeste,0.07716158658848458,0,Baixo
5206503,52,63.76,72.38,762.06,8.619999999999997,GO,Centro-Oeste,0.07705632309082713,0,Baixo
3153103,31,64.6,88.0,770.02,23.400000000000006,MG,Sudeste,0.07700218977193199,0,Baixo
2507002,25,33.43,48.7,737.01,15.270000000000003,PB,Nordeste,0.07671451550669035,0,Baixo
2301802,23,80.0,91.67,810.73,11.670000000000002,CE,Nordeste,0.0763386029243593,0,Baixo
2508109,25,40.4,59.38,754.46,18.980000000000004,PB,Nordeste,0.07616115533863495,0,Baixo
3119955,31,72.83,96.07,794.22,23.239999999999995,MG,Sudeste,0.07586108353251327,0,Baixo
3202108,32,72.6,94.7,785.19,22.10000000000001,ES,Sudeste,0.07570717656260391,0,Baixo
1709005,17,27.07,38.49,735.29,11.420000000000002,TO,Norte,0.07561283329740294,0,Baixo
5203575,52,59.02,61.76,753.48,2.739999999999995,GO,Centro-Oeste,0.07553457907306887,0,Baixo
3136009,31,54.86,64.1,753.28,9.239999999999995,MG,Sudeste,0.07549766562001194,0,Baixo
3160603,31,65.72,93.33,770.88,27.61,MG,Sudeste,0.07506380281403499,0,Baixo
3104452,31,64.15,84.87,771.7,20.72,MG,Sudeste,0.0746523086939353,0,Baixo
3121506,31,71.92,96.43,791.19,24.510000000000005,MG,Sudeste,0.07457964438208535,0,Baixo
2304806,23,80.0,91.59,811.76,11.590000000000003,CE,Nordeste,0.07399891974872691,0,Baixo
2313500,23,80.0,91.78,811.72,11.780000000000001,CE,Nordeste,0.07375652876005533,0,Baixo
3159100,31,67.4,94.44,776.76,27.039999999999992,MG,Sudeste,0.07355270325946255,0,Baixo
3126406,31,66.0,90.83,774.74,24.83,MG,Sudeste,0.07274357665462343,0,Baixo
4215687,42,62.58,95.83,779.62,33.25,SC,Sul,0.07259344078131152,0,Baixo
2311801,23,80.0,94.59,810.17,14.590000000000003,CE,Nordeste,0.07245930421064635,0,Baixo
3116100,31,53.49,66.15,748.08,12.660000000000004,MG,Sudeste,0.07243494823259766,0,Baixo
2400505,24,33.21,58.98,751.63,25.769999999999996,RN,Nordeste,0.07219760251745135,0,Baixo
5221700,52,76.91,97.73,792.72,20.820000000000007,GO,Centro-Oeste,0.07213883830273389,0,Baixo
3108701,31,62.28,81.16,768.85,18.879999999999995,MG,Sudeste,0.07196730585750281,0,Baixo
3116803,31,69.19,91.21,786.36,22.019999999999996,MG,Sudeste,0.07189376955344096,0,Baixo
3152907,31,68.22,88.36,785.06,20.14,MG,Sudeste,0.0717156478732804,0,Baixo
2302503,23,80.0,95.4,810.02,15.400000000000006,CE,Nordeste,0.07140353947588751,0,Baixo
2309805,23,80.0,91.18,813.18,11.180000000000007,CE,Nordeste,0.07139537291071711,0,Baixo
5007802,50,41.91,59.83,744.49,17.92,MS,Centro-Oeste,0.0710995485125245,0,Baixo
3157658,31,66.05,90.81,775.72,24.760000000000005,MG,Sudeste,0.07092969806400598,0,Baixo
2308500,23,80.0,93.51,811.7,13.510000000000005,CE,Nordeste,0.0707933121348244,0,Baixo
2517209,25,43.25,64.36,763.52,21.11,PB,Nordeste,0.07033366542042885,0,Baixo
3113008,31,54.16,71.52,747.48,17.36,MG,Sudeste,0.07015401149645456,0,Baixo
3132602,31,58.41,73.68,761.3,15.27000000000001,MG,Sudeste,0.07001338639319458,0,Baixo
3127057,31,50.6,58.66,744.3,8.059999999999995,MG,Sudeste,0.06997642101570649,0,Baixo
2304285,23,80.0,93.91,811.79,13.909999999999997,CE,Nordeste,0.0699102426273082,0,Baixo
2306207,23,80.0,96.74,809.7,16.739999999999995,CE,Nordeste,0.06984988654363544,0,Baixo
4112603,41,59.77,92.31,776.79,32.54,PR,Sul,0.0697487865822241,0,Baixo
2311108,23,80.0,92.09,813.34,12.090000000000003,CE,Nordeste,0.06948578752652133,0,Baixo
3115300,31,49.63,60.22,740.01,10.589999999999996,MG,Sudeste,0.0691107990138995,0,Baixo
3106804,31,72.3,100.0,792.28,27.700000000000003,MG,Sudeste,0.06906455680398248,0,Baixo
2209203,22,42.85,62.47,757.79,19.619999999999997,PI,Nordeste,0.06894617408137133,0,Baixo
3170479,31,62.66,80.0,772.45,17.340000000000003,MG,Sudeste,0.06888392910832734,0,Baixo
2513653,25,52.44,90.09,778.2,37.650000000000006,PB,Nordeste,0.06880089047318434,0,Baixo
3146206,31,60.63,78.41,766.36,17.779999999999994,MG,Sudeste,0.06874210983834267,0,Baixo
3139250,31,52.75,65.94,747.21,13.189999999999998,MG,Sudeste,0.06868236638969341,0,Baixo
2513307,25,61.7,96.58,806.9,34.879999999999995,PB,Nordeste,0.06867128008096132,0,Baixo
2108702,21,40.27,63.6,751.15,23.33,MA,Nordeste,0.06850991918940712,0,Baixo
2303907,23,76.71,91.5,802.34,14.790000000000006,CE,Nordeste,0.06846201006159751,0,Baixo
3556958,35,70.92,100.0,829.44,29.08,SP,Sudeste,0.06828172191584803,0,Baixo
3153509,31,60.34,78.73,765.34,18.39,MG,Sudeste,0.06814847986821265,0,Baixo
5200134,52,65.5,81.48,765.37,15.980000000000004,GO,Centro-Oeste,0.06813819372930512,0,Baixo
2304277,23,80.0,95.0,811.88,15.0,CE,Nordeste,0.06789541916182354,0,Baixo
2612901,26,48.5,71.07,755.39,22.569999999999993,PE,Nordeste,0.06752177072160631,0,Baixo
5212204,52,65.82,79.77,768.18,13.950000000000003,GO,Centro-Oeste,0.06732015392850495,0,Baixo
5204003,52,72.9,93.81,783.5,20.909999999999997,GO,Centro-Oeste,0.0668614825499128,0,Baixo
5215504,52,70.09,90.09,776.14,20.0,GO,Centro-Oeste,0.06681369141745501,0,Baixo
5219100,52,78.78,100.0,800.23,21.22,GO,Centro-Oeste,0.06666614224128568,0,Baixo
5207600,52,80.0,100.0,804.74,20.0,GO,Centro-Oeste,0.0664572241031511,0,Baixo
3131000,31,57.68,77.62,757.49,19.940000000000005,MG,Sudeste,0.06610278400070657,0,Baixo
5220702,52,64.93,79.41,765.83,14.47999999999999,GO,Centro-Oeste,0.06602464372533587,0,Baixo
2313252,23,80.0,91.6,815.36,11.599999999999994,CE,Nordeste,0.06586706594307504,0,Baixo
3109600,31,61.41,80.0,769.32,18.590000000000003,MG,Sudeste,0.06585107717502571,0,Baixo
2201988,22,60.0,95.35,796.92,35.349999999999994,PI,Nordeste,0.0652824505960491,0,Baixo
2310407,23,80.0,94.2,813.79,14.200000000000003,CE,Nordeste,0.06507165281131434,0,Baixo
5205307,52,66.63,84.5,768.65,17.870000000000005,GO,Centro-Oeste,0.0650097417556094,0,Baixo
3142106,31,57.88,75.29,760.51,17.410000000000004,MG,Sudeste,0.06492661021184179,0,Baixo
3171006,31,55.46,71.85,754.48,16.389999999999993,MG,Sudeste,0.06460974701165065,0,Baixo
2310704,23,80.0,91.29,816.23,11.290000000000006,CE,Nordeste,0.06451792141227052,0,Baixo
5203104,52,69.34,89.49,775.0,20.14999999999999,GO,Centro-Oeste,0.06442267603972948,0,Baixo
2313302,23,80.0,92.01,815.8,12.010000000000005,CE,Nordeste,0.0642910166815967,0,Baixo
5006903,50,45.19,67.46,753.76,22.269999999999996,MS,Centro-Oeste,0.06429015407404379,0,Baixo
3100104,31,67.44,96.07,779.94,28.629999999999995,MG,Sudeste,0.06410639222424762,0,Baixo
3108909,31,60.36,79.14,767.01,18.78,MG,Sudeste,0.06407075470584302,0,Baixo
3143005,31,59.92,80.85,764.15,20.929999999999993,MG,Sudeste,0.06404862840161443,0,Baixo
3555604,35,56.14,87.56,787.49,31.42,SP,Sudeste,0.06356538345202875,0,Baixo
3126000,31,64.61,85.73,777.72,21.120000000000005,MG,Sudeste,0.0635201670084192,0,Baixo
2517001,25,51.38,79.38,784.97,27.999999999999993,PB,Nordeste,0.0632551775250946,0,Baixo
3124005,31,62.82,85.0,772.12,22.18,MG,Sudeste,0.06284476245855206,0,Baixo
5219803,52,56.77,65.94,747.93,9.169999999999995,GO,Centro-Oeste,0.06280179103381445,0,Baixo
3123809,31,56.04,76.22,754.27,20.18,MG,Sudeste,0.06262459419149943,0,Baixo
3145604,31,59.6,80.67,764.36,21.07,MG,Sudeste,0.06153184832561576,0,Baixo
3109402,31,50.93,62.63,746.51,11.700000000000003,MG,Sudeste,0.06149510545218111,0,Baixo
5201454,52,66.23,87.09,767.16,20.86,GO,Centro-Oeste,0.06112773734700413,0,Baixo
5106174,51,56.85,85.25,781.98,28.4,MT,Centro-Oeste,0.06001910373726878,0,Baixo
2302800,23,80.0,95.0,815.7,15.0,CE,Nordeste,0.05997352826099723,0,Baixo
2202307,22,28.48,36.45,729.75,7.970000000000002,PI,Nordeste,0.05961695481171744,0,Baixo
3138807,31,62.79,87.21,772.06,24.419999999999995,MG,Sudeste,0.05945647680348869,0,Baixo
3143153,31,59.68,82.61,764.46,22.93,MG,Sudeste,0.059052188185660125,0,Baixo
3101201,31,63.37,85.71,775.77,22.339999999999996,MG,Sudeste,0.05851288335094505,0,Baixo
3170909,31,57.53,73.78,763.6,16.25,MG,Sudeste,0.05845257311988693,0,Baixo
3143450,31,62.64,88.98,770.73,26.340000000000003,MG,Sudeste,0.05842409980104049,0,Baixo
3169505,31,56.54,74.58,759.47,18.04,MG,Sudeste,0.05835816204746468,0,Baixo
2308005,23,80.0,95.03,817.19,15.030000000000001,CE,Nordeste,0.05708276716366692,0,Baixo
2310803,23,80.0,93.44,818.44,13.439999999999998,CE,Nordeste,0.05696948494795955,0,Baixo
2300606,23,80.0,88.52,822.19,8.519999999999996,CE,Nordeste,0.0568392133297869,0,Baixo
2304459,23,80.0,93.28,818.63,13.280000000000001,CE,Nordeste,0.05683855208503413,0,Baixo
5216809,52,66.02,85.41,769.91,19.39,GO,Centro-Oeste,0.05679267432780149,0,Baixo
2313559,23,80.0,95.29,817.19,15.290000000000006,CE,Nordeste,0.05672070249296937,0,Baixo
5209606,52,62.21,83.54,757.62,21.330000000000005,GO,Centro-Oeste,0.056619874302400196,0,Baixo
2306702,23,80.0,93.66,818.47,13.659999999999997,CE,Nordeste,0.056607945509770684,0,Baixo
2502201,25,40.92,68.42,758.75,27.5,PB,Nordeste,0.05658044354839626,0,Baixo
2310258,23,80.0,93.78,818.52,13.780000000000001,CE,Nordeste,0.05634956809270453,0,Baixo
3122454,31,54.46,72.43,754.65,17.970000000000006,MG,Sudeste,0.056303792554750695,0,Baixo
2313609,23,80.0,95.13,817.54,15.129999999999995,CE,Nordeste,0.05629468360508993,0,Baixo
3149150,31,43.65,46.09,735.43,2.440000000000005,MG,Sudeste,0.05597081964036514,0,Baixo
3139300,31,39.5,41.04,724.2,1.5399999999999991,MG,Sudeste,0.05596269458593271,0,Baixo
2505709,25,59.0,96.29,803.71,37.290000000000006,PB,Nordeste,0.05583387756106548,0,Baixo
2300705,23,80.0,94.16,818.68,14.159999999999997,CE,Nordeste,0.055535638016367225,0,Baixo
3167400,31,62.53,87.91,772.78,25.379999999999995,MG,Sudeste,0.055357937216738866,0,Baixo
1703867,17,30.99,52.01,749.32,21.02,TO,Norte,0.0547252760875389,0,Baixo
2306108,23,80.0,96.76,817.47,16.760000000000005,CE,Nordeste,0.05421368601146515,0,Baixo
2303956,23,80.0,97.15,817.35,17.150000000000006,CE,Nordeste,0.05390904435529042,0,Baixo
4210852,42,52.06,74.06,767.05,22.0,SC,Sul,0.0538240418698899,0,Baixo
2305308,23,80.0,97.38,817.33,17.379999999999995,CE,Nordeste,0.05364065897761467,0,Baixo
2204352,22,35.05,53.59,743.93,18.540000000000006,PI,Nordeste,0.053627629421344566,0,Baixo
2312205,23,80.0,95.08,819.2,15.079999999999998,CE,Nordeste,0.05337769557343215,0,Baixo
2302057,23,80.0,95.7,818.8,15.700000000000003,CE,Nordeste,0.05326606302916109,0,Baixo
2312304,23,80.0,95.11,819.28,15.11,CE,Nordeste,0.053198404421387194,0,Baixo
3137304,31,53.43,69.48,754.87,16.050000000000004,MG,Sudeste,0.0531821723661549,0,Baixo
5214101,52,80.0,100.0,811.58,20.0,GO,Centro-Oeste,0.05316471095450375,0,Baixo
5209291,52,74.87,95.32,796.62,20.44999999999999,GO,Centro-Oeste,0.052997106350673055,0,Baixo
3536901,35,52.01,72.73,789.41,20.720000000000006,SP,Sudeste,0.05264595782126141,0,Baixo
3132206,31,64.5,90.91,779.4,26.409999999999997,MG,Sudeste,0.05228823713814521,0,Baixo
2310209,23,80.0,95.08,819.87,15.079999999999998,CE,Nordeste,0.05221530540557872,0,Baixo
2304269,23,80.0,98.82,817.13,18.819999999999993,CE,Nordeste,0.05211680334201649,0,Baixo
2302602,23,80.0,94.08,820.77,14.079999999999998,CE,Nordeste,0.051954902616893624,0,Baixo
5003504,50,43.76,68.7,754.32,24.940000000000005,MS,Centro-Oeste,0.05171226963630025,0,Baixo
3120102,31,58.72,77.52,769.25,18.799999999999997,MG,Sudeste,0.051026368872361366,0,Baixo
3170750,31,64.65,93.29,779.07,28.64,MG,Sudeste,0.05074973355503279,0,Baixo
3121902,31,54.85,75.0,757.32,20.15,MG,Sudeste,0.05071819609974261,0,Baixo
2202059,22,35.42,52.34,747.92,16.92,PI,Nordeste,0.05068418614047451,0,Baixo
3135605,31,52.61,70.71,752.78,18.099999999999994,MG,Sudeste,0.050130325098878985,0,Baixo
2312106,23,80.0,96.45,820.21,16.450000000000003,CE,Nordeste,0.04992123373334194,0,Baixo
2308807,23,80.0,92.86,823.03,12.86,CE,Nordeste,0.049699933357074934,0,Baixo
2311959,23,80.0,98.39,819.12,18.39,CE,Nordeste,0.049330443306239945,0,Baixo
2307809,23,80.0,96.66,820.55,16.659999999999997,CE,Nordeste,0.049109631541882824,0,Baixo
3146750,31,51.7,69.41,751.8,17.709999999999994,MG,Sudeste,0.04796339666597846,0,Baixo
3557154,35,51.41,80.0,784.64,28.590000000000003,SP,Sudeste,0.04794594130467531,0,Baixo
3104403,31,63.26,89.33,778.79,26.07,MG,Sudeste,0.047846437921037675,0,Baixo
2203271,22,31.38,48.34,738.31,16.960000000000004,PI,Nordeste,0.04742916471384959,0,Baixo
3138682,31,59.77,85.0,769.69,25.229999999999997,MG,Sudeste,0.047397102048209704,0,Baixo
3125002,31,49.36,64.41,747.48,15.049999999999997,MG,Sudeste,0.0473265461233636,0,Baixo
2304202,23,80.0,95.37,822.97,15.370000000000005,CE,Nordeste,0.04680514294243193,0,Baixo
3154804,31,53.21,72.91,755.5,19.699999999999996,MG,Sudeste,0.04662566305358842,0,Baixo
2505600,25,40.4,72.15,760.06,31.750000000000007,PB,Nordeste,0.04647081128832434,0,Baixo
3101003,31,54.69,74.46,759.8,19.769999999999996,MG,Sudeste,0.04646278884361415,0,Baixo
3123106,31,54.53,72.49,760.83,17.959999999999994,MG,Sudeste,0.046255335576810754,0,Baixo
3130655,31,63.93,89.58,782.08,25.65,MG,Sudeste,0.04620872763511528,0,Baixo
2304905,23,80.0,96.95,822.2,16.950000000000003,CE,Nordeste,0.046171863537101406,0,Baixo
2104081,21,44.7,77.76,768.66,33.06,MA,Nordeste,0.0461420635540207,0,Baixo
3171600,31,59.86,85.1,771.03,25.239999999999995,MG,Sudeste,0.045719775743502264,0,Baixo
3149101,31,59.84,85.5,770.8,25.659999999999997,MG,Sudeste,0.04550601847645461,0,Baixo
2303931,23,80.0,95.42,823.83,15.420000000000002,CE,Nordeste,0.045435565751262716,0,Baixo
5203559,52,65.19,86.32,773.03,21.129999999999995,GO,Centro-Oeste,0.045394942490518286,0,Baixo
3157500,31,55.1,75.81,761.08,20.71,MG,Sudeste,0.045238498762136224,0,Baixo
1717800,17,22.93,44.56,731.62,21.630000000000003,TO,Norte,0.045077574162285514,0,Baixo
2305001,23,80.0,95.65,824.01,15.650000000000006,CE,Nordeste,0.04490879539518714,0,Baixo
2307635,23,80.0,95.31,824.45,15.310000000000002,CE,Nordeste,0.0446332871498432,0,Baixo
3162922,31,58.52,82.15,769.22,23.630000000000003,MG,Sudeste,0.04447882633568825,0,Baixo
2205557,22,37.22,58.86,753.71,21.64,PI,Nordeste,0.04417980228675124,0,Baixo
2308351,23,80.0,97.92,822.83,17.92,CE,Nordeste,0.04414439716249021,0,Baixo
2502607,25,43.91,79.06,769.53,35.150000000000006,PB,Nordeste,0.04357515820029513,0,Baixo
3148301,31,62.35,89.89,778.15,27.54,MG,Sudeste,0.04322048502071931,0,Baixo
3144102,31,55.11,75.51,762.85,20.400000000000006,MG,Sudeste,0.0430297588056805,0,Baixo
2303808,23,80.0,98.77,822.97,18.769999999999996,CE,Nordeste,0.04302256294008814,0,Baixo
2304103,23,80.0,97.31,824.12,17.310000000000002,CE,Nordeste,0.04293985275878962,0,Baixo
1706258,17,43.97,82.61,780.8,38.64,TO,Norte,0.042842954720209304,0,Baixo
2300200,23,80.0,97.71,824.07,17.709999999999994,CE,Nordeste,0.04258596989469262,0,Baixo
5107578,51,43.98,71.43,756.45,27.45000000000001,MT,Centro-Oeste,0.042209806868158374,0,Baixo
2305332,23,80.0,96.67,825.26,16.67,CE,Nordeste,0.042006829931211784,0,Baixo
2312502,23,79.87,95.98,825.43,16.11,CE,Nordeste,0.041833849422979505,0,Baixo
5202155,52,55.06,68.98,751.88,13.920000000000002,GO,Centro-Oeste,0.041749033500768966,0,Baixo
1718006,17,19.92,37.89,728.2,17.97,TO,Norte,0.04151693329191802,0,Baixo
2312007,23,80.0,98.26,824.73,18.260000000000005,CE,Nordeste,0.0410959691751194,0,Baixo
3168051,31,55.66,80.0,762.91,24.340000000000003,MG,Sudeste,0.04103404130513021,0,Baixo
2305233,23,80.0,96.2,826.45,16.200000000000003,CE,Nordeste,0.04085170721203581,0,Baixo
5202809,52,74.1,100.0,798.27,25.900000000000006,GO,Centro-Oeste,0.04076217502481355,0,Baixo
2307254,23,80.0,98.03,825.15,18.03,CE,Nordeste,0.04075829485857619,0,Baixo
3154705,31,54.72,80.2,759.6,25.480000000000004,MG,Sudeste,0.04070786816386766,0,Baixo
5208509,52,56.04,72.17,754.01,16.130000000000003,GO,Centro-Oeste,0.040421813502836676,0,Baixo
3163607,31,58.21,87.17,767.37,28.96,MG,Sudeste,0.0402241609936114,0,Baixo
2304301,23,80.0,96.0,827.22,16.0,CE,Nordeste,0.040016625031129044,0,Baixo
4200556,42,54.69,88.24,774.98,33.55,SC,Sul,0.03993530714091773,0,Baixo
2304509,23,80.0,98.18,825.69,18.180000000000007,CE,Nordeste,0.039882787758330505,0,Baixo
2500403,25,51.87,89.39,793.65,37.52,PB,Nordeste,0.03936811525188881,0,Baixo
3107604,31,60.63,87.21,776.89,26.57999999999999,MG,Sudeste,0.03917131089266547,0,Baixo
3111804,31,56.63,76.49,770.47,19.859999999999992,MG,Sudeste,0.039131075404634445,0,Baixo
2102754,21,49.37,91.14,780.61,41.77,MA,Nordeste,0.038996043251805,0,Baixo
5213905,52,80.0,100.0,821.18,20.0,GO,Centro-Oeste,0.038687397174615466,0,Baixo
3155405,31,51.94,65.4,762.47,13.460000000000008,MG,Sudeste,0.03826638789385495,0,Baixo
3131109,31,53.14,77.8,757.65,24.659999999999997,MG,Sudeste,0.03812091798219033,0,Baixo
2312700,23,80.0,98.44,826.89,18.439999999999998,CE,Nordeste,0.03807094269192946,0,Baixo
2208601,22,29.23,47.93,737.47,18.7,PI,Nordeste,0.03805370734813261,0,Baixo
3130804,31,61.32,87.27,780.23,25.949999999999996,MG,Sudeste,0.03802691216243058,0,Baixo
3138351,31,61.78,92.39,778.32,30.61,MG,Sudeste,0.03770375425878869,0,Baixo
2313203,23,80.0,98.31,827.39,18.310000000000002,CE,Nordeste,0.037562513160302555,0,Baixo
2305902,23,80.0,99.54,826.71,19.540000000000006,CE,Nordeste,0.03726264776746267,0,Baixo
3535903,35,46.79,82.89,773.67,36.1,SP,Sudeste,0.03687161272772221,0,Baixo
3123403,31,51.51,66.67,761.29,15.160000000000004,MG,Sudeste,0.03660965976193117,0,Baixo
2313955,23,80.0,98.06,828.36,18.060000000000002,CE,Nordeste,0.036592696114341114,0,Baixo
5207501,52,71.25,98.0,792.73,26.75,GO,Centro-Oeste,0.03654625685929636,0,Baixo
2205524,22,55.06,100.0,793.31,44.94,PI,Nordeste,0.03637254119708332,0,Baixo
3128253,31,54.13,80.7,760.79,26.57,MG,Sudeste,0.03598251685166666,0,Baixo
3146909,31,57.77,88.48,768.15,30.71,MG,Sudeste,0.03596766058256213,0,Baixo
3112653,31,52.99,77.02,759.51,24.029999999999994,MG,Sudeste,0.03587298203536597,0,Baixo
3164431,31,62.08,93.1,780.69,31.019999999999996,MG,Sudeste,0.03548342110141836,0,Baixo
3125903,31,51.24,70.78,758.31,19.54,MG,Sudeste,0.03532169252298525,0,Baixo
5102694,51,48.6,78.89,772.93,30.29,MT,Centro-Oeste,0.03531417533190649,0,Baixo
2513158,25,28.13,48.11,741.92,19.98,PB,Nordeste,0.03529756256120968,0,Baixo
2302305,23,80.0,97.83,829.71,17.83,CE,Nordeste,0.035178937654550706,0,Baixo
3159308,31,53.85,77.68,762.72,23.830000000000005,MG,Sudeste,0.03516842300682803,0,Baixo
2304251,23,80.0,98.93,829.21,18.930000000000007,CE,Nordeste,0.03480083436471987,0,Baixo
5218607,52,71.94,97.03,797.68,25.090000000000003,GO,Centro-Oeste,0.03449241328497737,0,Baixo
2311231,23,80.0,97.47,830.85,17.47,CE,Nordeste,0.03416789444248786,0,Baixo
2305209,23,80.0,96.11,832.08,16.11,CE,Nordeste,0.03392514770063353,0,Baixo
5200175,52,63.71,87.44,775.67,23.729999999999997,GO,Centro-Oeste,0.03382045874697004,0,Baixo
2311009,23,80.0,100.0,829.49,20.0,CE,Nordeste,0.03356359940074975,0,Baixo
3157302,31,60.19,90.92,777.16,30.730000000000004,MG,Sudeste,0.0335462020471619,0,Baixo
3113800,31,44.58,62.5,742.48,17.92,MG,Sudeste,0.03295705226908699,0,Baixo
3115458,31,49.55,66.72,757.32,17.17,MG,Sudeste,0.032936512564396093,0,Baixo
3156304,31,56.09,81.95,769.78,25.86,MG,Sudeste,0.032722095300005034,0,Baixo
2304608,23,80.0,97.65,832.05,17.650000000000006,CE,Nordeste,0.032672402872909685,0,Baixo
3129301,31,50.47,67.68,760.36,17.210000000000008,MG,Sudeste,0.03246446789669833,0,Baixo
2309003,23,80.0,98.82,831.47,18.819999999999993,CE,Nordeste,0.03235034379330536,0,Baixo
2309300,23,80.0,99.64,831.23,19.64,CE,Nordeste,0.03194733314737134,0,Baixo
3101904,31,54.32,78.56,766.79,24.240000000000002,MG,Sudeste,0.03177269693657657,0,Baixo
3152402,31,53.94,79.91,764.49,25.97,MG,Sudeste,0.031682816684915585,0,Baixo
1716307,17,18.14,37.96,730.42,19.82,TO,Norte,0.031024337305693175,0,Baixo
2313906,23,80.0,99.01,832.89,19.010000000000005,CE,Nordeste,0.030696166583514123,0,Baixo
3165602,31,54.21,81.82,765.57,27.609999999999992,MG,Sudeste,0.03009222605723636,0,Baixo
5205455,52,53.59,69.63,756.19,16.039999999999992,GO,Centro-Oeste,0.029762067400688732,0,Baixo
3158706,31,57.92,87.26,775.27,29.340000000000003,MG,Sudeste,0.029740959593884696,0,Baixo
2308609,23,80.0,99.36,833.64,19.36,CE,Nordeste,0.02966876522350434,0,Baixo
3111903,31,60.31,93.33,779.62,33.019999999999996,MG,Sudeste,0.029496752836593733,0,Baixo
3150307,31,44.27,63.16,744.19,18.889999999999993,MG,Sudeste,0.02947217622121704,0,Baixo
3129905,31,51.24,78.04,758.28,26.800000000000004,MG,Sudeste,0.029464805470934465,0,Baixo
3122108,31,53.68,85.71,761.51,32.029999999999994,MG,Sudeste,0.029325433970807276,0,Baixo
2308906,23,80.0,97.77,835.21,17.769999999999996,CE,Nordeste,0.029290865683859187,0,Baixo
2205300,22,41.6,75.31,769.67,33.71,PI,Nordeste,0.029164359799519764,0,Baixo
3131604,31,51.47,77.81,760.3,26.340000000000003,MG,Sudeste,0.028473374577342097,0,Baixo
2209971,22,47.73,87.8,783.23,40.07,PI,Nordeste,0.02845741537944888,0,Baixo
3509809,35,46.51,86.59,777.86,40.080000000000005,SP,Sudeste,0.028215516197439377,0,Baixo
2311405,23,80.0,98.76,835.83,18.760000000000005,CE,Nordeste,0.027978239266494502,0,Baixo
3120300,31,41.64,54.17,743.28,12.530000000000001,MG,Sudeste,0.027663517038678656,0,Baixo
2311702,23,80.0,98.5,836.37,18.5,CE,Nordeste,0.02765407302418578,0,Baixo
3129004,31,56.09,82.89,774.18,26.799999999999997,MG,Sudeste,0.027559049561231033,0,Baixo
2310902,23,80.0,100.0,836.13,20.0,CE,Nordeste,0.026843094773283598,0,Baixo
3116902,31,49.4,74.3,757.22,24.9,MG,Sudeste,0.026811792034139317,0,Baixo
5004809,50,27.25,41.76,734.44,14.509999999999998,MS,Centro-Oeste,0.026802226453138088,0,Baixo
3165503,31,56.85,85.12,776.7,28.270000000000003,MG,Sudeste,0.026252345542141252,0,Baixo
2312908,23,80.0,98.58,838.01,18.58,CE,Nordeste,0.026111739923981088,0,Baixo
1600709,16,46.5,94.21,802.78,47.709999999999994,AP,Norte,0.026058186295459064,0,Baixo
2111250,21,27.58,56.16,740.0,28.58,MA,Nordeste,0.026022021073836478,0,Baixo
2309904,23,80.0,100.0,837.17,20.0,CE,Nordeste,0.025916486662586353,0,Baixo
2308203,23,80.0,98.21,838.53,18.209999999999994,CE,Nordeste,0.02589798969494904,0,Baixo
2309409,23,80.0,100.0,837.56,20.0,CE,Nordeste,0.025577096883074867,0,Baixo
2311264,23,80.0,99.49,838.02,19.489999999999995,CE,Nordeste,0.02550928015821365,0,Baixo
2304707,23,80.0,97.78,839.31,17.78,CE,Nordeste,0.02549982562523809,0,Baixo
2303659,23,80.0,100.0,837.66,20.0,CE,Nordeste,0.0254907733153829,0,Baixo
3136603,31,58.39,92.79,777.46,34.400000000000006,MG,Sudeste,0.025443181033033627,0,Baixo
2307908,23,80.0,99.24,838.98,19.239999999999995,CE,Nordeste,0.0248510357478667,0,Baixo
5203962,52,59.29,85.08,770.61,25.79,GO,Centro-Oeste,0.024839102242146197,0,Baixo
5221577,52,51.79,66.67,757.26,14.880000000000003,GO,Centro-Oeste,0.02483122036797078,0,Baixo
2303006,23,80.0,98.73,839.69,18.730000000000004,CE,Nordeste,0.02457631600191127,0,Baixo
3201803,32,57.06,82.15,772.5,25.090000000000003,ES,Sudeste,0.024448706914106475,0,Baixo
2305605,23,80.0,98.62,840.43,18.620000000000005,CE,Nordeste,0.024035195941114317,0,Baixo
2306603,23,80.0,99.06,840.19,19.060000000000002,CE,Nordeste,0.023962784475567784,0,Baixo
3157609,31,47.56,72.51,755.29,24.950000000000003,MG,Sudeste,0.023910444978723095,0,Baixo
2210383,22,39.61,80.0,764.96,40.39,PI,Nordeste,0.02381715447741827,0,Baixo
2310506,23,80.0,99.7,840.09,19.700000000000003,CE,Nordeste,0.02365740909239874,0,Baixo
3137007,31,39.29,54.47,739.38,15.18,MG,Sudeste,0.0234998173345682,0,Baixo
3102407,31,54.0,83.33,771.36,29.33,MG,Sudeste,0.023217761448379566,0,Baixo
3503356,35,43.57,77.27,780.01,33.699999999999996,SP,Sudeste,0.023181245045924562,0,Baixo
3138005,31,52.84,82.11,768.4,29.269999999999996,MG,Sudeste,0.02296457907262262,0,Baixo
2301604,23,80.0,98.08,843.03,18.08,CE,Nordeste,0.022311323328228477,0,Baixo
3154150,31,52.24,83.87,766.0,31.630000000000003,MG,Sudeste,0.022133635877116406,0,Baixo
2303105,23,80.0,98.77,844.23,18.769999999999996,CE,Nordeste,0.02104888392993212,0,Baixo
2301257,23,80.0,99.34,844.75,19.340000000000003,CE,Nordeste,0.020382889719598344,0,Baixo
2516151,25,33.95,66.62,765.59,32.67,PB,Nordeste,0.02025001578119711,0,Baixo
2313005,23,80.0,98.96,846.47,18.959999999999994,CE,Nordeste,0.019411684310135437,0,Baixo
3119104,31,52.68,85.75,770.86,33.07,MG,Sudeste,0.018882597756557845,0,Baixo
3135209,31,35.71,47.12,739.42,11.409999999999997,MG,Sudeste,0.018218829310210138,0,Baixo
3150208,31,49.01,80.01,763.19,31.000000000000007,MG,Sudeste,0.01805752436722092,0,Baixo
2304657,23,80.0,100.0,847.89,20.0,CE,Nordeste,0.018012198786099772,0,Baixo
3122900,31,57.77,95.71,783.31,37.93999999999999,MG,Sudeste,0.017949671243618202,0,Baixo
2406908,24,14.05,42.86,736.44,28.81,RN,Nordeste,0.017764997350250195,0,Baixo
3129707,31,47.1,73.86,761.39,26.759999999999998,MG,Sudeste,0.01774708114834423,0,Baixo
3149507,31,46.46,69.05,762.93,22.589999999999996,MG,Sudeste,0.017592138018989522,0,Baixo
2305654,23,80.0,99.16,849.55,19.159999999999997,CE,Nordeste,0.01738990089148525,0,Baixo
2304236,23,80.0,99.14,849.74,19.14,CE,Nordeste,0.017286436724747053,0,Baixo
5101852,51,45.89,82.63,781.77,36.739999999999995,MT,Centro-Oeste,0.017101321156512528,0,Baixo
2312809,23,80.0,99.12,850.15,19.120000000000005,CE,Nordeste,0.017055150942919477,0,Baixo
2512036,25,38.76,81.67,776.82,42.910000000000004,PB,Nordeste,0.017029066565755858,0,Baixo
3133204,31,53.45,85.64,776.8,32.19,MG,Sudeste,0.017005884897162264,0,Baixo
5203609,52,59.04,90.96,777.13,31.919999999999995,GO,Centro-Oeste,0.016620776012265946,0,Baixo
5209408,52,46.54,64.58,751.75,18.04,GO,Centro-Oeste,0.01656167129607437,0,Baixo
3103702,31,57.74,91.67,788.59,33.93,MG,Sudeste,0.016558159933429906,0,Baixo
2300507,23,80.0,99.05,851.62,19.049999999999997,CE,Nordeste,0.016249928121765234,0,Baixo
3150109,31,44.48,75.58,753.28,31.1,MG,Sudeste,0.01621140312225917,0,Baixo
2508406,25,36.35,82.76,769.92,46.410000000000004,PB,Nordeste,0.015565616650070075,0,Baixo
2205102,22,40.54,85.9,777.78,45.36000000000001,PI,Nordeste,0.014855705907735533,0,Baixo
5209150,52,52.5,81.36,764.19,28.86,GO,Centro-Oeste,0.014729960798840779,0,Baixo
2506608,25,27.74,58.62,758.87,30.88,PB,Nordeste,0.014518152984172838,0,Baixo
3167004,31,51.51,82.14,777.06,30.630000000000003,MG,Sudeste,0.014504283010754793,0,Baixo
2309201,23,80.0,99.53,856.11,19.53,CE,Nordeste,0.013768441658910101,0,Baixo
3150539,31,48.61,81.43,768.7,32.82000000000001,MG,Sudeste,0.013732303727012628,0,Baixo
5211008,52,48.34,73.21,757.5,24.86999999999999,GO,Centro-Oeste,0.01363341328579296,0,Baixo
2205581,22,19.26,44.87,734.11,25.609999999999996,PI,Nordeste,0.01358418329721937,0,Baixo
3146701,31,42.2,75.61,750.78,33.41,MG,Sudeste,0.013309603119519012,0,Baixo
3102209,31,52.3,87.5,779.06,35.2,MG,Sudeste,0.01302162957696085,0,Baixo
2206001,22,37.75,80.95,776.04,43.2,PI,Nordeste,0.012670610114266597,0,Baixo
5103437,51,47.45,92.97,788.93,45.519999999999996,MT,Centro-Oeste,0.012464828084545678,0,Baixo
2505808,25,25.09,60.0,752.96,34.91,PB,Nordeste,0.012357392152370708,0,Baixo
2202174,22,33.1,64.31,774.79,31.21,PI,Nordeste,0.011383942376564059,0,Baixo
2205599,22,27.27,62.96,755.45,35.69,PI,Nordeste,0.011098999611972938,0,Baixo
2304350,23,80.0,100.0,862.16,20.0,CE,Nordeste,0.011056675079640354,0,Baixo
1718501,17,14.48,50.29,738.3,35.81,TO,Norte,0.011050994756629955,0,Baixo
2515807,25,29.56,85.71,756.68,56.14999999999999,PB,Nordeste,0.009792208852490509,0,Baixo
2310951,23,80.0,100.0,866.18,20.0,CE,Nordeste,0.009631199050660615,0,Baixo
2504207,25,47.09,96.08,814.4,48.989999999999995,PB,Nordeste,0.009121200171776206,0,Baixo
2304004,23,80.0,100.0,868.01,20.0,CE,Nordeste,0.009044091539405998,0,Baixo
5209457,52,61.4,95.65,801.67,34.25000000000001,GO,Centro-Oeste,0.008516054580004177,0,Baixo
5215801,52,43.57,64.71,763.67,21.139999999999993,GO,Centro-Oeste,0.00758776188209145,0,Baixo
5102793,51,54.51,98.95,828.37,44.440000000000005,MT,Centro-Oeste,0.006628100280982607,0,Baixo
2305100,23,63.58,95.86,825.84,32.28,CE,Nordeste,0.005559110930695372,0,Baixo
3167509,31,21.89,48.25,731.14,26.36,MG,Sudeste,0.004221563384520254,0,Baixo
3125309,31,29.78,69.23,746.74,39.45,MG,Sudeste,0.0038386015179464822,0,Baixo
2206753,22,37.31,95.24,800.11,57.92999999999999,PI,Nordeste,0.0036229963360956755,0,Baixo
2101939,21,27.45,87.88,779.44,60.42999999999999,MA,Nordeste,0.0029289265384900946,0,Baixo
2515005,25,23.72,100.0,787.3,76.28,PB,Nordeste,0.0011323258389815023,0,Baixo
5101209,51,37.78,100.0,832.7,62.22,MT,Centro-Oeste,0.0006840531856075136,0,Baixo
5214804,52,29.25,84.21,773.26,54.959999999999994,GO,Centro-Oeste,0.0005475986829221254,0,Baixo
